strategy,symbol,direction,opened_at,closed_at,entry_price,exit_price,qty,notional,stop_price,risk_amount,leverage,margin,fee,slippage_cost,funding,pnl,exit_reason,signal_reason,notes
vwap_clone,BTC-USDT-SWAP,short,2026-09-20T12:30:00+00:00,2026-09-20T12:45:00+00:00,80297.73105,80525.49196,0.06226826007,5000,80404.88463,6.672267015,10,500,5.507800251,10.01125903,0,-19.69007567,stop,"VWAP sapma-dönüş (kaynak kuralları): kümülatif VWAP=79364.6 (300 bar), σ=67.0846; bu bar +15.18σ ile bandın dışında kapandı ve kapanış short yönünde döndü; stop 2×0.5σ (80404.9), hedef VWAP mesafesinin %50'i (79851.2); yönetim: breakeven 1R, kısmi %50 @ 1.5R, takip geri verme %50 | arm=vwap_revert_src | combo=band1_tp0 | combo_r=nan | combo_n=0 | pick=unexplored",
vwap_clone,ETH-USDT-SWAP,short,2026-09-20T12:30:00+00:00,2026-09-20T12:45:00+00:00,2572.703005,2580.289876,1.942460659,4997.374375,2576.425238,7.230290908,10,499.7374375,5.505217271,10.00684415,0,-20.24241518,stop,"VWAP sapma-dönüş (kaynak kuralları): kümülatif VWAP=2551.07 (300 bar), σ=3.24698; bu bar +7.63σ ile bandın dışında kapandı ve kapanış short yönünde döndü; stop 1.5×0.5σ (2576.43), hedef VWAP mesafesinin %50'i (2562.53); yönetim: breakeven 1R, kısmi %50 @ 1.5R, takip geri verme %50 | arm=vwap_revert_src | combo=band0_tp0 | combo_r=nan | combo_n=0 | pick=unexplored",
vwap_clone,ADA-USDT-SWAP,short,2026-09-20T12:30:00+00:00,2026-09-20T12:45:00+00:00,0.22078955,0.2222288221,22622.2216,4994.750128,0.2218959782,25.02986298,10,499.4750128,5.512132884,10.02829436,0,-38.07166585,stop,"VWAP sapma-dönüş (kaynak kuralları): kümülatif VWAP=0.218507 (300 bar), σ=0.000796783; bu bar +3.63σ ile bandın dışında kapandı ve kapanış short yönünde döndü; stop 2.5×0.5σ (0.221896), hedef VWAP mesafesinin %75'i (0.219105); yönetim: breakeven 1R, kısmi %50 @ 1.5R, takip geri verme %50 | arm=vwap_revert_src | combo=band2_tp1 | combo_r=nan | combo_n=0 | pick=unexplored",
vwap_clone,DOGE-USDT-SWAP,long,2026-09-20T12:45:00+00:00,2026-09-20T13:15:00+00:00,0.084952455,0.08490997877,58714.55307,4987.945428,0.08477555351,10.3866921,10,498.7945428,5.485368285,4.986699065,0,-7.979340999,stop,"VWAP sapma-dönüş (kaynak kuralları): kümülatif VWAP=0.0862145 (300 bar), σ=0.000179262; bu bar -7.48σ ile bandın dışında kapandı ve kapanış long yönünde döndü; stop 1.5×0.5σ (0.0847756), hedef VWAP mesafesinin %50'i (0.0855622); yönetim: breakeven 1R, kısmi %50 @ 1.5R, takip geri verme %50 | arm=vwap_revert_src | combo=band0_tp0 | combo_r=nan | combo_n=0 | pick=unexplored",exit_rule=breakeven
vwap_clone,PENGU-USDT-SWAP,long,2026-09-20T13:00:00+00:00,2026-09-20T13:15:00+00:00,0.0076708335,0.007637285203,646819.634,4961.645717,0.007641105756,19.22848833,10,496.1645717,5.445875455,4.950791681,0,-27.1455724,stop,"VWAP sapma-dönüş (kaynak kuralları): kümülatif VWAP=0.00772921 (300 bar), σ=3.31923e-05; bu bar -2.03σ ile bandın dışında kapandı ve kapanış long yönünde döndü; stop 1.5×0.5σ (0.00764111), hedef VWAP mesafesinin %50'i (0.00769761); yönetim: breakeven 1R, kısmi %50 @ 1.5R, takip geri verme %50 | arm=vwap_revert_src | combo=band0_tp0 | combo_r=-2.8 | combo_n=1 | pick=unexplored",
vwap_clone,ETHFI-USDT-SWAP,long,2026-09-20T13:00:00+00:00,2026-09-20T13:30:00+00:00,0.6927462,0.6871511519,7166.046279,4964.251329,0.6874948993,37.63106368,10,496.4251329,5.438624556,4.944195354,0,-45.53299837,stop,"VWAP sapma-dönüş (kaynak kuralları): kümülatif VWAP=0.703358 (300 bar), σ=0.00384408; bu bar -2.98σ ile bandın dışında kapandı ve kapanış long yönünde döndü; stop 2.5×0.5σ (0.687495), hedef VWAP mesafesinin %100'i (0.703358); yönetim: breakeven 1R, kısmi %50 @ 1.5R, takip geri verme %50 | arm=vwap_revert_src | combo=band2_tp2 | combo_r=nan | combo_n=0 | pick=unexplored",
vwap_clone,ADA-USDT-SWAP,short,2026-09-20T13:15:00+00:00,2026-09-20T14:00:00+00:00,0.22138925,0.2227890713,22371.26506,4952.757592,0.2224553882,23.85085984,10,495.2757592,5.465257026,9.942530283,0,-36.78102955,stop,"VWAP sapma-dönüş (kaynak kuralları): kümülatif VWAP=0.218798 (300 bar), σ=0.000955388; bu bar +3.18σ ile bandın dışında kapandı ve kapanış short yönünde döndü; stop 2×0.5σ (0.222455), hedef VWAP mesafesinin %100'i (0.218798); yönetim: breakeven 1R, kısmi %50 @ 1.5R, takip geri verme %50 | arm=vwap_revert_src | combo=band1_tp2 | combo_r=nan | combo_n=0 | pick=unexplored",
vwap_clone,BTC-USDT-SWAP,short,2026-09-20T13:30:00+00:00,2026-09-20T14:00:00+00:00,80427.66605,80668.20744,0.06148790006,4945.328292,80547.38637,7.36135077,10,494.5328292,5.447995833,9.902935561,0,-20.23838107,stop,"VWAP sapma-dönüş (kaynak kuralları): kümülatif VWAP=79402.8 (300 bar), σ=79.4864; bu bar +13.55σ ile bandın dışında kapandı ve kapanış short yönünde döndü; stop 2×0.5σ (80547.4), hedef VWAP mesafesinin %100'i (79402.8); yönetim: breakeven 1R, kısmi %50 @ 1.5R, takip geri verme %50 | arm=vwap_revert_src | combo=band1_tp2 | combo_r=nan | combo_n=0 | pick=unexplored",
vwap_clone,ETHFI-USDT-SWAP,long,2026-09-20T13:45:00+00:00,2026-09-20T14:15:00+00:00,0.69144555,0.6865283161,7138.979091,4936.215324,0.686871752,32.65224834,10,493.6215324,5.41052964,4.918655763,0,-40.51455952,stop,"VWAP sapma-dönüş (kaynak kuralları): kümülatif VWAP=0.70403 (300 bar), σ=0.00412825; bu bar -3.42σ ile bandın dışında kapandı ve kapanış long yönünde döndü; stop 2×0.5σ (0.686872), hedef VWAP mesafesinin %50'i (0.697515); yönetim: breakeven 1R, kısmi %50 @ 1.5R, takip geri verme %50 | arm=vwap_revert_src | combo=band1_tp0 | combo_r=-2.951 | combo_n=1 | pick=unexplored",
vwap_clone,DOGE-USDT-SWAP,long,2026-09-20T14:15:00+00:00,2026-09-20T14:15:00+00:00,0.085032495,0.08471779642,57425.15116,4883.003879,0.08476017651,15.63793044,10,488.3003879,5.36136488,4.873964773,0,-23.43297829,stop,"VWAP sapma-dönüş (kaynak kuralları): kümülatif VWAP=0.0862809 (300 bar), σ=0.000183859; bu bar -6.59σ ile bandın dışında kapandı ve kapanış long yönünde döndü; stop 2.5×0.5σ (0.0847602), hedef VWAP mesafesinin %100'i (0.0862809); yönetim: breakeven 1R, kısmi %50 @ 1.5R, takip geri verme %50 | arm=vwap_revert_src | combo=band2_tp2 | combo_r=-1.21 | combo_n=1 | pick=unexplored",
vwap_clone,ETH-USDT-SWAP,short,2026-09-20T14:15:00+00:00,2026-09-20T14:30:00+00:00,2577.960375,2581.827316,1.895129755,4885.569414,2582.827347,9.223543459,10,488.5569414,5.37815695,9.772360831,0,-12.70651107,stop,"VWAP sapma-dönüş (kaynak kuralları): kümülatif VWAP=2553.27 (300 bar), σ=3.57735; bu bar +8.08σ ile bandın dışında kapandı ve kapanış short yönünde döndü; stop 2×0.5σ (2582.83), hedef VWAP mesafesinin %100'i (2553.27); yönetim: breakeven 1R, kısmi %50 @ 1.5R, takip geri verme %50 | arm=vwap_revert_src | combo=band1_tp2 | combo_r=-2.146 | combo_n=2 | pick=unexplored",exit_rule=breakeven
vwap_clone,ADA-USDT-SWAP,short,2026-09-20T14:15:00+00:00,2026-09-20T14:30:00+00:00,0.2208895,0.2222784006,22094.49029,4880.440912,0.2219454823,23.33139142,10,488.0440912,5.385362881,9.797099632,0,-36.07241276,stop,"VWAP sapma-dönüş (kaynak kuralları): kümülatif VWAP=0.21903 (300 bar), σ=0.000945482; bu bar +2.86σ ile bandın dışında kapandı ve kapanış short yönünde döndü; stop 2×0.5σ (0.221945), hedef VWAP mesafesinin %50'i (0.220015); yönetim: breakeven 1R, kısmi %50 @ 1.5R, takip geri verme %50 | arm=vwap_revert_src | combo=band1_tp0 | combo_r=-2.951 | combo_n=1 | pick=unexplored",
vwap_clone,ETHFI-USDT-SWAP,long,2026-09-20T14:30:00+00:00,2026-09-20T15:00:00+00:00,0.68904435,0.6963273288,7079.36624,4877.997309,0.6830095663,42.7224442,10,487.7997309,5.394154421,4.903790862,0,46.1647199,tp,"VWAP sapma-dönüş (kaynak kuralları): kümülatif VWAP=0.704551 (300 bar), σ=0.00463235; bu bar -3.56σ ile bandın dışında kapandı ve kapanış long yönünde döndü; stop 2.5×0.5σ (0.68301), hedef VWAP mesafesinin %50'i (0.696676); yönetim: breakeven 1R, kısmi %50 @ 1.5R, takip geri verme %50 | arm=vwap_revert_src | combo=band2_tp0 | combo_r=nan | combo_n=0 | pick=unexplored",
vwap_clone,PENGU-USDT-SWAP,long,2026-09-20T14:30:00+00:00,2026-09-20T15:00:00+00:00,0.0075867915,0.007642776737,321310.8578,2437.718485,0.007546919142,12.81142163,10,243.7718485,2.691384099,2.446717926,0,15.29728054,partial,"VWAP sapma-dönüş (kaynak kuralları): kümülatif VWAP=0.00773803 (300 bar), σ=3.60809e-05; bu bar -4.42σ ile bandın dışında kapandı ve kapanış long yönünde döndü; stop 2×0.5σ (0.00754692), hedef VWAP mesafesinin %50'i (0.00766052); yönetim: breakeven 1R, kısmi %50 @ 1.5R, takip geri verme %50 | arm=vwap_revert_src | combo=band1_tp0 | combo_r=-2.096 | combo_n=2 | pick=unexplored",
vwap_clone,PENGU-USDT-SWAP,long,2026-09-20T14:30:00+00:00,2026-09-20T15:00:00+00:00,0.0075867915,0.007656685575,321310.8578,2437.718485,0.007546919142,12.81142163,10,243.7718485,2.693842082,2.448953574,0,19.76388299,tp,"VWAP sapma-dönüş (kaynak kuralları): kümülatif VWAP=0.00773803 (300 bar), σ=3.60809e-05; bu bar -4.42σ ile bandın dışında kapandı ve kapanış long yönünde döndü; stop 2×0.5σ (0.00754692), hedef VWAP mesafesinin %50'i (0.00766052); yönetim: breakeven 1R, kısmi %50 @ 1.5R, takip geri verme %50 | arm=vwap_revert_src | combo=band1_tp0 | combo_r=-2.096 | combo_n=2 | pick=unexplored",
vwap_clone,DOGE-USDT-SWAP,long,2026-09-20T14:45:00+00:00,2026-09-20T15:00:00+00:00,0.085152555,0.08537417474,28503.18886,2427.119357,0.08497633621,5.022797458,10,242.7119357,2.673305571,2.430279979,0,3.64356384,partial,"VWAP sapma-dönüş (kaynak kuralları): kümülatif VWAP=0.0862884 (300 bar), σ=0.000178218; bu bar -6.82σ ile bandın dışında kapandı ve kapanış long yönünde döndü; stop 1.5×0.5σ (0.0849763), hedef VWAP mesafesinin %75'i (0.0859938); yönetim: breakeven 1R, kısmi %50 @ 1.5R, takip geri verme %50 | arm=vwap_revert_src | combo=band0_tp1 | combo_r=nan | combo_n=0 | pick=unexplored",
vwap_clone,XRP-USDT-SWAP,short,2026-09-20T15:00:00+00:00,2026-09-20T15:00:00+00:00,1.37781075,1.381562515,3515.58071,4843.804895,1.379493275,5.915053441,10,484.3804895,5.335439683,9.697693928,0,-18.52507305,stop,"VWAP sapma-dönüş (kaynak kuralları): kümülatif VWAP=1.37607 (300 bar), σ=0.0014577; bu bar +2.10σ ile bandın dışında kapandı ve kapanış short yönünde döndü; stop 1.5×0.5σ (1.37949), hedef VWAP mesafesinin %100'i (1.37607); yönetim: breakeven 1R, kısmi %50 @ 1.5R, takip geri verme %50 | arm=vwap_revert_src | combo=band0_tp2 | combo_r=nan | combo_n=0 | pick=unexplored",
vwap_clone,NEAR-USDT-SWAP,short,2026-09-20T13:15:00+00:00,2026-09-20T15:15:00+00:00,3.704147,3.709703221,1336.382378,4950.156775,3.775289314,95.07333408,10,495.0156775,5.449256332,9.901551709,0,-12.87449149,stop,"VWAP sapma-dönüş (kaynak kuralları): kümülatif VWAP=3.46344 (300 bar), σ=0.0554315; bu bar +4.64σ ile bandın dışında kapandı ve kapanış short yönünde döndü; stop 2.5×0.5σ (3.77529), hedef VWAP mesafesinin %75'i (3.52408); yönetim: breakeven 1R, kısmi %50 @ 1.5R, takip geri verme %50 | arm=vwap_revert_src | combo=band2_tp1 | combo_r=-1.521 | combo_n=1 | pick=unexplored",exit_rule=breakeven
vwap_clone,DOGE-USDT-SWAP,long,2026-09-20T14:45:00+00:00,2026-09-20T15:15:00+00:00,0.085152555,0.08537729,28503.18886,2427.119357,0.08497633621,5.022797458,10,242.7119357,2.673354408,2.430324398,0,3.732309741,stop,"VWAP sapma-dönüş (kaynak kuralları): kümülatif VWAP=0.0862884 (300 bar), σ=0.000178218; bu bar -6.82σ ile bandın dışında kapandı ve kapanış long yönünde döndü; stop 1.5×0.5σ (0.0849763), hedef VWAP mesafesinin %75'i (0.0859938); yönetim: breakeven 1R, kısmi %50 @ 1.5R, takip geri verme %50 | arm=vwap_revert_src | combo=band0_tp1 | combo_r=nan | combo_n=0 | pick=unexplored",exit_rule=giveback
vwap_clone,ETHFI-USDT-SWAP,long,2026-09-20T15:15:00+00:00,2026-09-20T15:30:00+00:00,0.69504735,0.69415275,7058.890794,4906.263341,0.6912788345,26.60153959,10,490.6263341,5.393416489,4.903105546,0,-11.70830019,stop,"VWAP sapma-dönüş (kaynak kuralları): kümülatif VWAP=0.70519 (300 bar), σ=0.00332117; bu bar -3.60σ ile bandın dışında kapandı ve kapanış long yönünde döndü; stop 2×0.5σ (0.691279), hedef VWAP mesafesinin %75'i (0.702542); yönetim: breakeven 1R, kısmi %50 @ 1.5R, takip geri verme %50 | arm=vwap_revert_src | combo=band1_tp1 | combo_r=nan | combo_n=0 | pick=unexplored",exit_rule=breakeven
vwap_clone,BTC-USDT-SWAP,short,2026-09-20T15:30:00+00:00,2026-09-20T15:30:00+00:00,80587.38615,80897.075,0.06025720639,4855.97076,80775.91113,11.35998866,10,485.597076,5.351831377,9.730196102,0,-24.01281616,stop,"VWAP sapma-dönüş (kaynak kuralları): kümülatif VWAP=79513.8 (300 bar), σ=118.569; bu bar +10.01σ ile bandın dışında kapandı ve kapanış short yönünde döndü; stop 2.5×0.5σ (80775.9), hedef VWAP mesafesinin %75'i (79792.3); yönetim: breakeven 1R, kısmi %50 @ 1.5R, takip geri verme %50 | arm=vwap_revert_src | combo=band2_tp1 | combo_r=-0.8282 | combo_n=2 | pick=unexplored",
vwap_clone,ETH-USDT-SWAP,short,2026-09-20T15:30:00+00:00,2026-09-20T15:30:00+00:00,2590.414145,2603.844011,1.873608039,4853.420768,2599.944095,17.85539159,10,485.3420768,5.352602113,9.734838585,0,-30.51490794,stop,"VWAP sapma-dönüş (kaynak kuralları): kümülatif VWAP=2557.33 (300 bar), σ=6.58728; bu bar +5.89σ ile bandın dışında kapandı ve kapanış short yönünde döndü; stop 2.5×0.5σ (2599.94), hedef VWAP mesafesinin %100'i (2557.33); yönetim: breakeven 1R, kısmi %50 @ 1.5R, takip geri verme %50 | arm=vwap_revert_src | combo=band2_tp2 | combo_r=-1.354 | combo_n=2 | pick=unexplored",
vwap_clone,XRP-USDT-SWAP,short,2026-09-20T15:30:00+00:00,2026-09-20T15:30:00+00:00,1.3815089,1.38660972,3511.285461,4850.872115,1.384532921,10.6182005,10,485.0872115,5.345810066,9.718884855,0,-23.25624603,stop,"VWAP sapma-dönüş (kaynak kuralları): kümülatif VWAP=1.37683 (300 bar), σ=0.00243292; bu bar +3.15σ ile bandın dışında kapandı ve kapanış short yönünde döndü; stop 2×0.5σ (1.38453), hedef VWAP mesafesinin %100'i (1.37683); yönetim: breakeven 1R, kısmi %50 @ 1.5R, takip geri verme %50 | arm=vwap_revert_src | combo=band1_tp2 | combo_r=-1.89 | combo_n=3 | pick=unexplored",
vwap_clone,PENGU-USDT-SWAP,long,2026-09-20T15:15:00+00:00,2026-09-20T15:45:00+00:00,0.007627812,0.007670489498,321434.7814,2451.844083,0.007596802225,9.967620095,10,245.1844083,2.704573409,2.458707143,0,11.01345898,partial,"VWAP sapma-dönüş (kaynak kuralları): kümülatif VWAP=0.00774114 (300 bar), σ=2.61978e-05; bu bar -4.20σ ile bandın dışında kapandı ve kapanış long yönünde döndü; stop 2×0.5σ (0.0075968), hedef VWAP mesafesinin %100'i (0.00774114); yönetim: breakeven 1R, kısmi %50 @ 1.5R, takip geri verme %50 | arm=vwap_revert_src | combo=band1_tp2 | combo_r=-1.89 | combo_n=3 | pick=unexplored",
vwap_clone,ETHFI-USDT-SWAP,long,2026-09-20T15:45:00+00:00,2026-09-20T15:45:00+00:00,0.69744855,0.7034401456,3460.756672,2413.699723,0.6932195556,14.63552062,10,241.3699723,2.666474195,2.42407324,0,18.06898023,partial,"VWAP sapma-dönüş (kaynak kuralları): kümülatif VWAP=0.706376 (300 bar), σ=0.00302436; bu bar -3.28σ ile bandın dışında kapandı ve kapanış long yönünde döndü; stop 2.5×0.5σ (0.69322), hedef VWAP mesafesinin %75'i (0.704032); yönetim: breakeven 1R, kısmi %50 @ 1.5R, takip geri verme %50 | arm=vwap_revert_src | combo=band2_tp1 | combo_r=-1.257 | combo_n=3 | pick=unexplored",
vwap_clone,ETHFI-USDT-SWAP,long,2026-09-20T15:45:00+00:00,2026-09-20T15:45:00+00:00,0.69744855,0.7036802913,3460.756672,2413.699723,0.6932195556,14.63552062,10,241.3699723,2.666931293,2.424488991,0,18.89960903,tp,"VWAP sapma-dönüş (kaynak kuralları): kümülatif VWAP=0.706376 (300 bar), σ=0.00302436; bu bar -3.28σ ile bandın dışında kapandı ve kapanış long yönünde döndü; stop 2.5×0.5σ (0.69322), hedef VWAP mesafesinin %75'i (0.704032); yönetim: breakeven 1R, kısmi %50 @ 1.5R, takip geri verme %50 | arm=vwap_revert_src | combo=band2_tp1 | combo_r=-1.257 | combo_n=3 | pick=unexplored",
vwap_clone,PENGU-USDT-SWAP,long,2026-09-20T15:15:00+00:00,2026-09-20T16:00:00+00:00,0.007627812,0.007670489498,321434.7814,2451.844083,0.007596802225,9.967620095,10,245.1844083,2.704573409,2.458707143,-0.1238970365,10.88956194,stop,"VWAP sapma-dönüş (kaynak kuralları): kümülatif VWAP=0.00774114 (300 bar), σ=2.61978e-05; bu bar -4.20σ ile bandın dışında kapandı ve kapanış long yönünde döndü; stop 2×0.5σ (0.0075968), hedef VWAP mesafesinin %100'i (0.00774114); yönetim: breakeven 1R, kısmi %50 @ 1.5R, takip geri verme %50 | arm=vwap_revert_src | combo=band1_tp2 | combo_r=-1.89 | combo_n=3 | pick=unexplored",exit_rule=partial
vwap_clone,DOGE-USDT-SWAP,long,2026-09-20T15:45:00+00:00,2026-09-20T16:00:00+00:00,0.085572765,0.08595963035,28221.2136,2414.967279,0.08528618722,8.087572652,10,241.4967279,2.662468802,2.420429519,-0.04293127222,8.212409585,partial,"VWAP sapma-dönüş (kaynak kuralları): kümülatif VWAP=0.0863484 (300 bar), σ=0.000233813; bu bar -3.73σ ile bandın dışında kapandı ve kapanış long yönünde döndü; stop 2×0.5σ (0.0852862), hedef VWAP mesafesinin %50'i (0.0859342); yönetim: breakeven 1R, kısmi %50 @ 1.5R, takip geri verme %50 | arm=vwap_revert_src | combo=band1_tp0 | combo_r=-0.6002 | combo_n=5 | pick=unexplored",
vwap_clone,DOGE-USDT-SWAP,long,2026-09-20T15:45:00+00:00,2026-09-20T16:00:00+00:00,0.085572765,0.08589122506,28221.2136,2414.967279,0.08528618722,8.087572652,10,241.4967279,2.661407038,2.419463796,-0.04293127222,6.282991123,tp,"VWAP sapma-dönüş (kaynak kuralları): kümülatif VWAP=0.0863484 (300 bar), σ=0.000233813; bu bar -3.73σ ile bandın dışında kapandı ve kapanış long yönünde döndü; stop 2×0.5σ (0.0852862), hedef VWAP mesafesinin %50'i (0.0859342); yönetim: breakeven 1R, kısmi %50 @ 1.5R, takip geri verme %50 | arm=vwap_revert_src | combo=band1_tp0 | combo_r=-0.6002 | combo_n=5 | pick=unexplored",
vwap_clone,AVAX-USDT-SWAP,short,2026-09-20T16:15:00+00:00,2026-09-20T16:30:00+00:00,11.2853545,11.30228253,430.3218385,4856.334496,11.63768644,151.6161278,10,485.6334496,5.345974422,9.713883683,0,-12.63047617,stop,"VWAP sapma-dönüş (kaynak kuralları): kümülatif VWAP=9.68805 (300 bar), σ=0.278149; bu bar +5.82σ ile bandın dışında kapandı ve kapanış short yönünde döndü; stop 2.5×0.5σ (11.6377), hedef VWAP mesafesinin %100'i (9.68805); yönetim: breakeven 1R, kısmi %50 @ 1.5R, takip geri verme %50 | arm=vwap_revert_src | combo=band2_tp2 | combo_r=-1.472 | combo_n=3 | pick=unexplored",exit_rule=breakeven
vwap_clone,ETH-USDT-SWAP,short,2026-09-20T16:30:00+00:00,2026-09-20T16:30:00+00:00,2616.87091,2632.525552,1.868042173,4888.425221,2628.582677,21.87807558,10,488.8425221,5.393351685,9.810890273,0,-34.63688221,stop,"VWAP sapma-dönüş (kaynak kuralları): kümülatif VWAP=2560.92 (300 bar), σ=13.8569; bu bar +4.23σ ile bandın dışında kapandı ve kapanış short yönünde döndü; stop 1.5×0.5σ (2628.58), hedef VWAP mesafesinin %75'i (2575.24); yönetim: breakeven 1R, kısmi %50 @ 1.5R, takip geri verme %50 | arm=vwap_revert_src | combo=band0_tp1 | combo_r=0.7342 | combo_n=2 | pick=unexplored",
vwap_clone,BTC-USDT-SWAP,short,2026-09-20T17:00:00+00:00,2026-09-20T18:30:00+00:00,81266.9462,81388.84662,0.05946699172,4832.700817,81513.3302,14.65171553,10,483.2700817,5.319957877,9.666610414,0,-12.5690091,stop,"VWAP sapma-dönüş (kaynak kuralları): kümülatif VWAP=79709 (300 bar), σ=274.44; bu bar +5.83σ ile bandın dışında kapandı ve kapanış short yönünde döndü; stop 1.5×0.5σ (81513.3), hedef VWAP mesafesinin %75'i (80108.6); yönetim: breakeven 1R, kısmi %50 @ 1.5R, takip geri verme %50 | arm=vwap_revert_src | combo=band0_tp1 | combo_r=-0.03823 | combo_n=3 | pick=unexplored",exit_rule=breakeven
vwap_clone,SOL-USDT-SWAP,short,2026-09-20T17:00:00+00:00,2026-09-20T19:30:00+00:00,110.214865,110.3801873,43.80195543,4827.626605,111.0263859,35.54620378,10,482.7626605,5.314372057,9.65646072,0,-12.55581196,stop,"VWAP sapma-dönüş (kaynak kuralları): kümülatif VWAP=108.596 (300 bar), σ=0.605109; bu bar +2.64σ ile bandın dışında kapandı ve kapanış short yönünde döndü; stop 2.5×0.5σ (111.026), hedef VWAP mesafesinin %75'i (109.015); yönetim: breakeven 1R, kısmi %50 @ 1.5R, takip geri verme %50 | arm=vwap_revert_src | combo=band2_tp1 | combo_r=-0.2489 | combo_n=5 | pick=unexplored",exit_rule=breakeven
vwap_clone,BTC-USDT-SWAP,short,2026-09-20T18:45:00+00:00,2026-09-20T21:00:00+00:00,81145.2071,80622.8637,0.02980498759,2418.531891,81520.29689,11.17954655,10,241.8531891,2.651822439,2.410752166,0,12.9166161,partial,"VWAP sapma-dönüş (kaynak kuralları): kümülatif VWAP=79873.1 (300 bar), σ=267.598; bu bar +4.99σ ile bandın dışında kapandı ve kapanış short yönünde döndü; stop 2.5×0.5σ (81520.3), hedef VWAP mesafesinin %50'i (80529.5); yönetim: breakeven 1R, kısmi %50 @ 1.5R, takip geri verme %50 | arm=vwap_revert_src | combo=band2_tp0 | combo_r=1.081 | combo_n=1 | pick=unexplored",
vwap_clone,XRP-USDT-SWAP,short,2026-09-20T20:00:00+00:00,2026-09-20T21:00:00+00:00,1.4078957,1.395043638,1712.477751,2410.990061,1.416928523,15.46850893,10,241.0990061,2.639984189,2.399991729,0,19.36888556,partial,"VWAP sapma-dönüş (kaynak kuralları): kümülatif VWAP=1.38338 (300 bar), σ=0.00832852; bu bar +3.16σ ile bandın dışında kapandı ve kapanış short yönünde döndü; stop 2×0.5σ (1.41693), hedef VWAP mesafesinin %75'i (1.38969); yönetim: breakeven 1R, kısmi %50 @ 1.5R, takip geri verme %50 | arm=vwap_revert_src | combo=band1_tp1 | combo_r=-0.4401 | combo_n=1 | pick=unexplored",
vwap_clone,BTC-USDT-SWAP,short,2026-09-20T18:45:00+00:00,2026-09-20T21:15:00+00:00,81145.2071,80860.5091,0.02980498759,2418.531891,81520.29689,11.17954655,10,241.8531891,2.655718099,4.819526104,0,5.829702259,stop,"VWAP sapma-dönüş (kaynak kuralları): kümülatif VWAP=79873.1 (300 bar), σ=267.598; bu bar +4.99σ ile bandın dışında kapandı ve kapanış short yönünde döndü; stop 2.5×0.5σ (81520.3), hedef VWAP mesafesinin %50'i (80529.5); yönetim: breakeven 1R, kısmi %50 @ 1.5R, takip geri verme %50 | arm=vwap_revert_src | combo=band2_tp0 | combo_r=1.081 | combo_n=1 | pick=unexplored",exit_rule=partial
vwap_clone,XRP-USDT-SWAP,short,2026-09-20T20:00:00+00:00,2026-09-20T21:15:00+00:00,1.4078957,1.4010985,1712.477751,2410.990061,1.416928523,15.46850893,10,241.0990061,2.645687038,4.799732639,0,8.994366728,stop,"VWAP sapma-dönüş (kaynak kuralları): kümülatif VWAP=1.38338 (300 bar), σ=0.00832852; bu bar +3.16σ ile bandın dışında kapandı ve kapanış short yönünde döndü; stop 2×0.5σ (1.41693), hedef VWAP mesafesinin %75'i (1.38969); yönetim: breakeven 1R, kısmi %50 @ 1.5R, takip geri verme %50 | arm=vwap_revert_src | combo=band1_tp1 | combo_r=-0.4401 | combo_n=1 | pick=unexplored",exit_rule=partial
vwap_clone,BTC-USDT-SWAP,short,2026-09-20T21:45:00+00:00,2026-09-20T21:45:00+00:00,80724.4176,81042.17826,0.06018784177,4858.628474,80920.79706,11.81965586,10,485.8628474,5.355010252,9.736201696,0,-24.4803383,stop,"VWAP sapma-dönüş (kaynak kuralları): kümülatif VWAP=79983.9 (300 bar), σ=156.097; bu bar +5.32σ ile bandın dışında kapandı ve kapanış short yönünde döndü; stop 2×0.5σ (80920.8), hedef VWAP mesafesinin %75'i (80179.1); yönetim: breakeven 1R, kısmi %50 @ 1.5R, takip geri verme %50 | arm=vwap_revert_src | combo=band1_tp1 | combo_r=0.4645 | combo_n=3 | pick=unexplored",
vwap_clone,SOL-USDT-SWAP,short,2026-09-20T21:45:00+00:00,2026-09-20T21:45:00+00:00,109.475235,109.9136597,44.35776809,4856.077086,109.7490362,12.14520881,10,485.6077086,5.352380943,9.731586612,0,-24.7999232,stop,"VWAP sapma-dönüş (kaynak kuralları): kümülatif VWAP=109.138 (300 bar), σ=0.292048; bu bar +1.73σ ile bandın dışında kapandı ve kapanış short yönünde döndü; stop 1.5×0.5σ (109.749), hedef VWAP mesafesinin %50'i (109.334); yönetim: breakeven 1R, kısmi %50 @ 1.5R, takip geri verme %50 | arm=vwap_revert_src | combo=band0_tp0 | combo_r=-1.66 | combo_n=3 | pick=unexplored",
vwap_clone,ETH-USDT-SWAP,short,2026-09-20T17:00:00+00:00,2026-09-20T22:00:00+00:00,2637.390645,2641.346731,1.831417372,4830.163045,2663.060409,47.0120524,10,483.0163045,5.317164234,9.661534234,0,-12.5624088,stop,"VWAP sapma-dönüş (kaynak kuralları): kümülatif VWAP=2565.05 (300 bar), σ=19.4803; bu bar +3.71σ ile bandın dışında kapandı ve kapanış short yönünde döndü; stop 2.5×0.5σ (2663.06), hedef VWAP mesafesinin %50'i (2601.88); yönetim: breakeven 1R, kısmi %50 @ 1.5R, takip geri verme %50 | arm=vwap_revert_src | combo=band2_tp0 | combo_r=1.081 | combo_n=1 | pick=unexplored",exit_rule=breakeven
vwap_clone,SOL-USDT-SWAP,short,2026-09-20T22:30:00+00:00,2026-09-20T22:45:00+00:00,110.414765,110.859306,43.54235205,4807.71857,110.6932661,12.12659375,10,480.771857,5.299136425,9.634829561,0,-24.65549792,stop,"VWAP sapma-dönüş (kaynak kuralları): kümülatif VWAP=109.186 (300 bar), σ=0.297688; bu bar +4.00σ ile bandın dışında kapandı ve kapanış short yönünde döndü; stop 1.5×0.5σ (110.693), hedef VWAP mesafesinin %75'i (109.507); yönetim: breakeven 1R, kısmi %50 @ 1.5R, takip geri verme %50 | arm=vwap_revert_src | combo=band0_tp1 | combo_r=-0.2431 | combo_n=4 | pick=unexplored",
vwap_clone,AVAX-USDT-SWAP,short,2026-09-20T23:00:00+00:00,2026-09-20T23:00:00+00:00,11.2413765,11.32038976,426.5953853,4795.519339,11.30343461,26.47370423,10,479.5519339,5.293609955,9.631948715,0,-39.00030375,stop,"VWAP sapma-dönüş (kaynak kuralları): kümülatif VWAP=9.91371 (300 bar), σ=0.0739128; bu bar +18.26σ ile bandın dışında kapandı ve kapanış short yönünde döndü; stop 1.5×0.5σ (11.3034), hedef VWAP mesafesinin %50'i (10.5809); yönetim: breakeven 1R, kısmi %50 @ 1.5R, takip geri verme %50 | arm=vwap_revert_src | combo=band0_tp0 | combo_r=-1.755 | combo_n=4 | pick=unexplored",
vwap_clone,BTC-USDT-SWAP,short,2026-09-20T22:30:00+00:00,2026-09-20T23:15:00+00:00,81090.33455,81364.92326,0.05935074609,4812.771857,81243.05867,9.06429073,10,481.2771857,5.303012417,9.640343944,0,-21.60005737,stop,"VWAP sapma-dönüş (kaynak kuralları): kümülatif VWAP=80004.3 (300 bar), σ=149.545; bu bar +7.63σ ile bandın dışında kapandı ve kapanış short yönünde döndü; stop 1.5×0.5σ (81243.1), hedef VWAP mesafesinin %50'i (80567.6); yönetim: breakeven 1R, kısmi %50 @ 1.5R, takip geri verme %50 | arm=vwap_revert_src | combo=band0_tp0 | combo_r=-1.755 | combo_n=4 | pick=unexplored",
vwap_clone,ETH-USDT-SWAP,short,2026-09-20T22:30:00+00:00,2026-09-20T23:15:00+00:00,2638.66001,2650.841323,1.822987627,4810.244549,2646.871017,14.96856364,10,481.0244549,5.303482515,9.644145107,0,-27.50986583,stop,"VWAP sapma-dönüş (kaynak kuralları): kümülatif VWAP=2578.03 (300 bar), σ=5.50481; bu bar +11.22σ ile bandın dışında kapandı ve kapanış short yönünde döndü; stop 2.5×0.5σ (2646.87), hedef VWAP mesafesinin %75'i (2593.52); yönetim: breakeven 1R, kısmi %50 @ 1.5R, takip geri verme %50 | arm=vwap_revert_src | combo=band2_tp1 | combo_r=-0.2663 | combo_n=6 | pick=unexplored",
vwap_clone,SOL-USDT-SWAP,short,2026-09-20T23:15:00+00:00,2026-09-20T23:15:00+00:00,110.534705,111.1979295,43.27020116,4782.85892,111.0313825,21.4913338,10,478.285892,5.276928635,9.599151154,0,-33.97478781,stop,"VWAP sapma-dönüş (kaynak kuralları): kümülatif VWAP=109.234 (300 bar), σ=0.361106; bu bar +4.02σ ile bandın dışında kapandı ve kapanış short yönünde döndü; stop 2.5×0.5σ (111.031), hedef VWAP mesafesinin %50'i (109.907); yönetim: breakeven 1R, kısmi %50 @ 1.5R, takip geri verme %50 | arm=vwap_revert_src | combo=band2_tp0 | combo_r=0.6225 | combo_n=4 | pick=unexplored",
vwap_clone,BNB-USDT-SWAP,short,2026-09-20T23:30:00+00:00,2026-09-21T00:00:00+00:00,772.0138,775.6637619,6.139011505,4739.4016,774.5020089,15.27514293,10,473.94016,5.225665697,9.502901358,0.4741772487,-27.1586465,stop,"VWAP sapma-dönüş (kaynak kuralları): kümülatif VWAP=757.395 (300 bar), σ=2.93601; bu bar +5.47σ ile bandın dışında kapandı ve kapanış short yönünde döndü; stop 1.5×0.5σ (774.502), hedef VWAP mesafesinin %50'i (764.847); yönetim: breakeven 1R, kısmi %50 @ 1.5R, takip geri verme %50 | arm=vwap_revert_src | combo=band0_tp0 | combo_r=-1.813 | combo_n=6 | pick=unexplored",
vwap_clone,AVAX-USDT-SWAP,short,2026-09-20T23:30:00+00:00,2026-09-21T00:00:00+00:00,11.2973485,11.41451858,419.2942106,4736.912822,11.39742245,41.96042745,10,473.6912822,5.237624909,9.537951105,0.4741798228,-53.89218242,stop,"VWAP sapma-dönüş (kaynak kuralları): kümülatif VWAP=9.92348 (300 bar), σ=0.076338; bu bar +18.46σ ile bandın dışında kapandı ve kapanış short yönünde döndü; stop 2.5×0.5σ (11.3974), hedef VWAP mesafesinin %50'i (10.6127); yönetim: breakeven 1R, kısmi %50 @ 1.5R, takip geri verme %50 | arm=vwap_revert_src | combo=band2_tp0 | combo_r=0.1819 | combo_n=5 | pick=unexplored",
vwap_clone,ETHFI-USDT-SWAP,short,2026-09-20T23:30:00+00:00,2026-09-21T00:00:00+00:00,0.7250373,0.7301004272,6529.90591,4734.42535,0.7290069169,25.92122462,10,473.442535,5.226051845,9.508916735,0.2363172949,-38.05147903,stop,"VWAP sapma-dönüş (kaynak kuralları): kümülatif VWAP=0.714729 (300 bar), σ=0.00494256; bu bar +2.42σ ile bandın dışında kapandı ve kapanış short yönünde döndü; stop 1.5×0.5σ (0.729007), hedef VWAP mesafesinin %75'i (0.717371); yönetim: breakeven 1R, kısmi %50 @ 1.5R, takip geri verme %50 | arm=vwap_revert_src | combo=band0_tp1 | combo_r=-0.6011 | combo_n=5 | pick=unexplored",
vwap_clone,BNB-USDT-SWAP,short,2026-09-21T00:30:00+00:00,2026-09-21T00:45:00+00:00,777.4111,781.7800736,6.01978856,4679.850446,780.6091598,19.25164393,10,467.9850446,5.162300654,9.389748906,0,-31.46259772,stop,"VWAP sapma-dönüş (kaynak kuralları): kümülatif VWAP=758.006 (300 bar), σ=3.74555; bu bar +5.39σ ile bandın dışında kapandı ve kapanış short yönünde döndü; stop 1.5×0.5σ (780.609), hedef VWAP mesafesinin %100'i (758.006); yönetim: breakeven 1R, kısmi %50 @ 1.5R, takip geri verme %50 | arm=vwap_revert_src | combo=band0_tp2 | combo_r=-3.132 | combo_n=1 | pick=unexplored",
vwap_clone,BTC-USDT-SWAP,short,2026-09-21T00:45:00+00:00,2026-09-21T01:15:00+00:00,81625.06705,81957.88551,0.05724070176,4672.276119,81835.13281,12.02431168,10,467.2276119,5.14998165,9.363757359,0,-24.20074398,stop,"VWAP sapma-dönüş (kaynak kuralları): kümülatif VWAP=80081.9 (300 bar), σ=225.51; bu bar +7.00σ ile bandın dışında kapandı ve kapanış short yönünde döndü; stop 1.5×0.5σ (81835.1), hedef VWAP mesafesinin %100'i (80081.9); yönetim: breakeven 1R, kısmi %50 @ 1.5R, takip geri verme %50 | arm=vwap_revert_src | combo=band0_tp2 | combo_r=-3.132 | combo_n=1 | pick=unexplored",
vwap_clone,SOL-USDT-SWAP,short,2026-09-21T00:45:00+00:00,2026-09-21T01:15:00+00:00,112.273835,113.2677087,41.59315116,4669.82259,113.0980616,34.2821816,10,466.982259,5.159540935,9.392236492,0,-46.4978797,stop,"VWAP sapma-dönüş (kaynak kuralları): kümülatif VWAP=109.351 (300 bar), σ=0.778062; bu bar +3.83σ ile bandın dışında kapandı ve kapanış short yönünde döndü; stop 2×0.5σ (113.098), hedef VWAP mesafesinin %100'i (109.351); yönetim: breakeven 1R, kısmi %50 @ 1.5R, takip geri verme %50 | arm=vwap_revert_src | combo=band1_tp2 | combo_r=-0.9436 | combo_n=6 | pick=unexplored",
vwap_clone,ETH-USDT-SWAP,short,2026-09-21T01:00:00+00:00,2026-09-21T01:45:00+00:00,2686.656,2655.704224,0.8678673868,2331.661122,2708.17531,18.67590691,10,233.1661122,2.550053114,2.318237399,0,24.31198362,partial,"VWAP sapma-dönüş (kaynak kuralları): kümülatif VWAP=2585.2 (300 bar), σ=20.1653; bu bar +5.43σ ile bandın dışında kapandı ve kapanış short yönünde döndü; stop 2×0.5σ (2708.18), hedef VWAP mesafesinin %75'i (2610.9); yönetim: breakeven 1R, kısmi %50 @ 1.5R, takip geri verme %50 | arm=vwap_revert_src | combo=band1_tp1 | combo_r=-0.1694 | combo_n=4 | pick=unexplored",
vwap_clone,BTC-USDT-SWAP,short,2026-09-21T01:30:00+00:00,2026-09-21T01:45:00+00:00,81524.71725,80976.09535,0.02842972739,2317.725487,81917.44372,11.16510661,10,231.7725487,2.540919591,2.309931378,0,13.05625141,partial,"VWAP sapma-dönüş (kaynak kuralları): kümülatif VWAP=80140.8 (300 bar), σ=281.555; bu bar +5.54σ ile bandın dışında kapandı ve kapanış short yönünde döndü; stop 2.5×0.5σ (81917.4), hedef VWAP mesafesinin %100'i (80140.8); yönetim: breakeven 1R, kısmi %50 @ 1.5R, takip geri verme %50 | arm=vwap_revert_src | combo=band2_tp2 | combo_r=-1.125 | combo_n=4 | pick=unexplored",
vwap_clone,ETH-USDT-SWAP,short,2026-09-21T01:00:00+00:00,2026-09-21T02:00:00+00:00,2686.656,2658.358601,0.8678673868,2331.661122,2708.17531,18.67590691,10,233.1661122,2.55132012,4.62188466,0,22.00706935,stop,"VWAP sapma-dönüş (kaynak kuralları): kümülatif VWAP=2585.2 (300 bar), σ=20.1653; bu bar +5.43σ ile bandın dışında kapandı ve kapanış short yönünde döndü; stop 2×0.5σ (2708.18), hedef VWAP mesafesinin %75'i (2610.9); yönetim: breakeven 1R, kısmi %50 @ 1.5R, takip geri verme %50 | arm=vwap_revert_src | combo=band1_tp1 | combo_r=-0.1694 | combo_n=4 | pick=unexplored",exit_rule=partial
vwap_clone,BTC-USDT-SWAP,short,2026-09-21T01:30:00+00:00,2026-09-21T02:00:00+00:00,81524.71725,81092.2562,0.02842972739,2317.725487,81917.44372,11.16510661,10,231.7725487,2.542735923,4.61240912,0,9.752013833,stop,"VWAP sapma-dönüş (kaynak kuralları): kümülatif VWAP=80140.8 (300 bar), σ=281.555; bu bar +5.54σ ile bandın dışında kapandı ve kapanış short yönünde döndü; stop 2.5×0.5σ (81917.4), hedef VWAP mesafesinin %100'i (80140.8); yönetim: breakeven 1R, kısmi %50 @ 1.5R, takip geri verme %50 | arm=vwap_revert_src | combo=band2_tp2 | combo_r=-1.125 | combo_n=4 | pick=unexplored",exit_rule=partial
vwap_clone,NEAR-USDT-SWAP,short,2026-09-21T02:15:00+00:00,2026-09-21T02:15:00+00:00,4.1109435,4.163921449,1137.593888,4676.584199,4.157684921,53.17275539,10,467.6584199,5.177389684,9.434097262,0,-65.4447805,stop,"VWAP sapma-dönüş (kaynak kuralları): kümülatif VWAP=3.69494 (300 bar), σ=0.0582466; bu bar +7.42σ ile bandın dışında kapandı ve kapanış short yönünde döndü; stop 1.5×0.5σ (4.15768), hedef VWAP mesafesinin %75'i (3.79971); yönetim: breakeven 1R, kısmi %50 @ 1.5R, takip geri verme %50 | arm=vwap_revert_src | combo=band0_tp1 | combo_r=-0.7456 | combo_n=6 | pick=unexplored",
vwap_clone,BTC-USDT-SWAP,short,2026-09-21T02:45:00+00:00,2026-09-21T03:15:00+00:00,81183.28805,81580.76242,0.05727336371,4649.639984,81458.57456,15.76658435,10,464.9639984,5.127124564,9.324092835,0,-27.89181876,stop,"VWAP sapma-dönüş (kaynak kuralları): kümülatif VWAP=80194.2 (300 bar), σ=234.675; bu bar +4.48σ ile bandın dışında kapandı ve kapanış short yönünde döndü; stop 2×0.5σ (81458.6), hedef VWAP mesafesinin %75'i (80451.6); yönetim: breakeven 1R, kısmi %50 @ 1.5R, takip geri verme %50 | arm=vwap_revert_src | combo=band1_tp1 | combo_r=0.3004 | combo_n=6 | pick=exploit",
vwap_clone,ETH-USDT-SWAP,short,2026-09-21T02:45:00+00:00,2026-09-21T03:15:00+00:00,2656.641015,2676.572559,1.74927599,4647.198341,2672.563714,27.85319443,10,464.7198341,5.13109435,9.337338855,0,-39.99686609,stop,"VWAP sapma-dönüş (kaynak kuralları): kümülatif VWAP=2590.44 (300 bar), σ=19.4583; bu bar +3.46σ ile bandın dışında kapandı ve kapanış short yönünde döndü; stop 1.5×0.5σ (2672.56), hedef VWAP mesafesinin %100'i (2590.44); yönetim: breakeven 1R, kısmi %50 @ 1.5R, takip geri verme %50 | arm=vwap_revert_src | combo=band0_tp2 | combo_r=-2.26 | combo_n=3 | pick=unexplored",
vwap_clone,XRP-USDT-SWAP,short,2026-09-21T03:45:00+00:00,2026-09-21T05:30:00+00:00,1.42118905,1.432697254,3241.710998,4607.084173,1.430551427,30.3501215,10,460.7084173,5.088311041,9.260845876,0,-42.39458398,stop,"VWAP sapma-dönüş (kaynak kuralları): kümülatif VWAP=1.39024 (300 bar), σ=0.00692114; bu bar +4.68σ ile bandın dışında kapandı ve kapanış short yönünde döndü; stop 2.5×0.5σ (1.43055), hedef VWAP mesafesinin %100'i (1.39024); yönetim: breakeven 1R, kısmi %50 @ 1.5R, takip geri verme %50 | arm=vwap_revert_src | combo=band2_tp2 | combo_r=-0.4097 | combo_n=6 | pick=unexplored",
vwap_clone,SOL-USDT-SWAP,short,2026-09-21T01:30:00+00:00,2026-09-21T06:15:00+00:00,112.253845,112.4222258,41.27267785,4633.016782,113.5691797,54.28738587,10,463.3016782,5.100140699,9.267192397,0,-12.04966587,stop,"VWAP sapma-dönüş (kaynak kuralları): kümülatif VWAP=109.433 (300 bar), σ=1.00734; bu bar +3.16σ ile bandın dışında kapandı ve kapanış short yönünde döndü; stop 2.5×0.5σ (113.569), hedef VWAP mesafesinin %100'i (109.433); yönetim: breakeven 1R, kısmi %50 @ 1.5R, takip geri verme %50 | arm=vwap_revert_src | combo=band2_tp2 | combo_r=-1.125 | combo_n=4 | pick=unexplored",exit_rule=breakeven
vwap_clone,BTC-USDT-SWAP,short,2026-09-21T06:45:00+00:00,2026-09-21T06:45:00+00:00,81317.42095,81629.78671,0.05633461684,4580.985752,81507.52542,10.70946266,10,458.0985752,5.04876268,9.179181517,0,-22.64576816,stop,"VWAP sapma-dönüş (kaynak kuralları): kümülatif VWAP=80398.4 (300 bar), σ=149.525; bu bar +7.42σ ile bandın dışında kapandı ve kapanış short yönünde döndü; stop 2×0.5σ (81507.5), hedef VWAP mesafesinin %100'i (80398.4); yönetim: breakeven 1R, kısmi %50 @ 1.5R, takip geri verme %50 | arm=vwap_revert_src | combo=band1_tp2 | combo_r=-1.003 | combo_n=7 | pick=explore",
vwap_clone,BNB-USDT-SWAP,short,2026-09-21T05:45:00+00:00,2026-09-21T07:30:00+00:00,772.31365,768.005389,2.963682491,2288.892442,775.4416979,9.270540764,10,228.8892442,2.510759111,2.282512046,0,10.25755872,partial,"VWAP sapma-dönüş (kaynak kuralları): kümülatif VWAP=761.028 (300 bar), σ=3.52226; bu bar +3.53σ ile bandın dışında kapandı ve kapanış short yönünde döndü; stop 1.5×0.5σ (775.442), hedef VWAP mesafesinin %75'i (763.971); yönetim: breakeven 1R, kısmi %50 @ 1.5R, takip geri verme %50 | arm=vwap_revert_src | combo=band0_tp1 | combo_r=-0.8149 | combo_n=7 | pick=unexplored",
vwap_clone,BNB-USDT-SWAP,short,2026-09-21T05:45:00+00:00,2026-09-21T07:45:00+00:00,772.31365,768.7730105,2.963682491,2288.892442,775.4416979,9.270540764,10,228.8892442,2.512010354,4.557498677,0,7.981320845,stop,"VWAP sapma-dönüş (kaynak kuralları): kümülatif VWAP=761.028 (300 bar), σ=3.52226; bu bar +3.53σ ile bandın dışında kapandı ve kapanış short yönünde döndü; stop 1.5×0.5σ (775.442), hedef VWAP mesafesinin %75'i (763.971); yönetim: breakeven 1R, kısmi %50 @ 1.5R, takip geri verme %50 | arm=vwap_revert_src | combo=band0_tp1 | combo_r=-0.8149 | combo_n=7 | pick=unexplored",exit_rule=partial
vwap_clone,BTC-USDT-SWAP,short,2026-09-21T07:15:00+00:00,2026-09-21T07:45:00+00:00,81489.33495,81812.76146,0.05599826728,4563.261559,81690.22612,11.24955758,10,456.3261559,5.029548943,9.14453884,0,-23.1408732,stop,"VWAP sapma-dönüş (kaynak kuralları): kümülatif VWAP=80423.9 (300 bar), σ=128.181; bu bar +8.69σ ile bandın dışında kapandı ve kapanış short yönünde döndü; stop 2.5×0.5σ (81690.2), hedef VWAP mesafesinin %50'i (80976.9); yönetim: breakeven 1R, kısmi %50 @ 1.5R, takip geri verme %50 | arm=vwap_revert_src | combo=band2_tp0 | combo_r=-0.0625 | combo_n=6 | pick=explore",
vwap_clone,AVAX-USDT-SWAP,short,2026-09-21T08:00:00+00:00,2026-09-21T08:15:00+00:00,10.926534,11.08070817,417.0453133,4556.859795,11.06411201,57.37626292,10,455.6859795,5.047909464,9.200923769,0,-69.34552647,stop,"VWAP sapma-dönüş (kaynak kuralları): kümülatif VWAP=10.1603 (300 bar), σ=0.176149; bu bar +4.40σ ile bandın dışında kapandı ve kapanış short yönünde döndü; stop 1.5×0.5σ (11.0641), hedef VWAP mesafesinin %75'i (10.3532); yönetim: breakeven 1R, kısmi %50 @ 1.5R, takip geri verme %50 | arm=vwap_revert_src | combo=band0_tp1 | combo_r=-0.4152 | combo_n=9 | pick=unexplored",
vwap_clone,NEAR-USDT-SWAP,short,2026-09-21T08:00:00+00:00,2026-09-21T08:15:00+00:00,4.261868,4.335572132,1068.655076,4554.466873,4.329078514,71.82485723,10,455.4466873,5.053233923,9.217810219,0,-83.81752874,stop,"VWAP sapma-dönüş (kaynak kuralları): kümülatif VWAP=3.78575 (300 bar), σ=0.0640785; bu bar +7.68σ ile bandın dışında kapandı ve kapanış short yönünde döndü; stop 2×0.5σ (4.32908), hedef VWAP mesafesinin %50'i (4.02537); yönetim: breakeven 1R, kısmi %50 @ 1.5R, takip geri verme %50 | arm=vwap_revert_src | combo=band1_tp0 | combo_r=-0.1727 | combo_n=7 | pick=unexplored",
vwap_clone,ETH-USDT-SWAP,short,2026-09-21T03:45:00+00:00,2026-09-21T08:30:00+00:00,2663.38764,2685.830142,1.730692397,4609.50474,2681.807431,31.87899285,10,460.950474,5.091817801,9.267980921,0.3656681867,-43.56721806,stop,"VWAP sapma-dönüş (kaynak kuralları): kümülatif VWAP=2591.98 (300 bar), σ=17.0974; bu bar +4.38σ ile bandın dışında kapandı ve kapanış short yönünde döndü; stop 2×0.5σ (2681.81), hedef VWAP mesafesinin %50'i (2628.35); yönetim: breakeven 1R, kısmi %50 @ 1.5R, takip geri verme %50 | arm=vwap_revert_src | combo=band1_tp0 | combo_r=-0.1727 | combo_n=7 | pick=unexplored",
vwap_clone,ETH-USDT-SWAP,short,2026-09-21T09:00:00+00:00,2026-09-21T09:15:00+00:00,2693.69248,2710.148107,1.652305184,4450.80205,2706.088974,20.48279105,10,445.080205,4.9108366,8.933441543,0,-32.10055491,stop,"VWAP sapma-dönüş (kaynak kuralları): kümülatif VWAP=2606.27 (300 bar), σ=11.059; bu bar +8.28σ ile bandın dışında kapandı ve kapanış short yönünde döndü; stop 2×0.5σ (2706.09), hedef VWAP mesafesinin %75'i (2628.46); yönetim: breakeven 1R, kısmi %50 @ 1.5R, takip geri verme %50 | arm=vwap_revert_src | combo=band1_tp1 | combo_r=0.004775 | combo_n=7 | pick=exploit",
vwap_clone,NEAR-USDT-SWAP,short,2026-09-21T08:45:00+00:00,2026-09-21T09:30:00+00:00,4.2828575,4.373084357,1040.731712,4457.30562,4.366534555,87.08536447,10,445.730562,4.954682255,9.04635417,0,-98.8566332,stop,"VWAP sapma-dönüş (kaynak kuralları): kümülatif VWAP=3.79504 (300 bar), σ=0.0652276; bu bar +7.63σ ile bandın dışında kapandı ve kapanış short yönünde döndü; stop 2.5×0.5σ (4.36653), hedef VWAP mesafesinin %50'i (4.04002); yönetim: breakeven 1R, kısmi %50 @ 1.5R, takip geri verme %50 | arm=vwap_revert_src | combo=band2_tp0 | combo_r=-0.3474 | combo_n=7 | pick=unexplored",
vwap_clone,SOL-USDT-SWAP,short,2026-09-21T09:00:00+00:00,2026-09-21T09:30:00+00:00,115.192375,116.5391063,38.6177021,4448.464822,116.3645595,45.26707002,10,444.8464822,4.921915522,8.965942922,0,-56.92958338,stop,"VWAP sapma-dönüş (kaynak kuralları): kümülatif VWAP=110.454 (300 bar), σ=1.10456; bu bar +4.51σ ile bandın dışında kapandı ve kapanış short yönünde döndü; stop 2×0.5σ (116.365), hedef VWAP mesafesinin %75'i (111.655); yönetim: breakeven 1R, kısmi %50 @ 1.5R, takip geri verme %50 | arm=vwap_revert_src | combo=band1_tp1 | combo_r=0.004775 | combo_n=7 | pick=unexplored",
vwap_clone,NEAR-USDT-SWAP,short,2026-09-21T09:45:00+00:00,2026-09-21T10:00:00+00:00,4.2728625,4.279271794,1021.180118,4363.362234,4.333194791,61.61013615,10,436.3362234,4.803298231,8.727815854,0,-11.34834158,stop,"VWAP sapma-dönüş (kaynak kuralları): kümülatif VWAP=3.80744 (300 bar), σ=0.0465558; bu bar +10.73σ ile bandın dışında kapandı ve kapanış short yönünde döndü; stop 2.5×0.5σ (4.33319), hedef VWAP mesafesinin %100'i (3.80744); yönetim: breakeven 1R, kısmi %50 @ 1.5R, takip geri verme %50 | arm=vwap_revert_src | combo=band2_tp2 | combo_r=-0.5096 | combo_n=8 | pick=unexplored",exit_rule=breakeven
vwap_clone,SOL-USDT-SWAP,short,2026-09-21T10:15:00+00:00,2026-09-21T11:30:00+00:00,115.512215,116.9949636,37.70718518,4355.640482,116.819734,49.30286278,10,435.5640482,4.821955183,8.786324713,0,-60.73223298,stop,"VWAP sapma-dönüş (kaynak kuralları): kümülatif VWAP=110.735 (300 bar), σ=1.66631; bu bar +2.98σ ile bandın dışında kapandı ve kapanış short yönünde döndü; stop 1.5×0.5σ (116.82), hedef VWAP mesafesinin %100'i (110.735); yönetim: breakeven 1R, kısmi %50 @ 1.5R, takip geri verme %50 | arm=vwap_revert_src | combo=band0_tp2 | combo_r=-2.054 | combo_n=4 | pick=unexplored",
vwap_clone,ETH-USDT-SWAP,short,2026-09-21T10:00:00+00:00,2026-09-21T13:00:00+00:00,2718.290175,2745.059556,1.615891527,4392.462063,2740.948134,36.61280353,10,439.2462063,4.855499298,8.840941996,0,-48.11191513,stop,"VWAP sapma-dönüş (kaynak kuralları): kümülatif VWAP=2612.64 (300 bar), σ=21.3081; bu bar +5.31σ ile bandın dışında kapandı ve kapanış short yönünde döndü; stop 2×0.5σ (2740.95), hedef VWAP mesafesinin %75'i (2639.39); yönetim: breakeven 1R, kısmi %50 @ 1.5R, takip geri verme %50 | arm=vwap_revert_src | combo=band1_tp1 | combo_r=0.3043 | combo_n=3 | pick=exploit",
vwap_clone,ETH-USDT-SWAP,short,2026-09-21T13:15:00+00:00,2026-09-21T13:45:00+00:00,2728.33515,2745.181079,1.572148005,4289.346662,2741.069475,20.02024359,10,428.9346662,4.73284769,8.609796563,0,-31.21714164,stop,"VWAP sapma-dönüş (kaynak kuralları): kümülatif VWAP=2624.75 (300 bar), σ=11.3695; bu bar +9.53σ ile bandın dışında kapandı ve kapanış short yönünde döndü; stop 2×0.5σ (2741.07), hedef VWAP mesafesinin %75'i (2650.98); yönetim: breakeven 1R, kısmi %50 @ 1.5R, takip geri verme %50 | arm=vwap_revert_src | combo=band1_tp1 | combo_r=-0.1003 | combo_n=4 | pick=exploit",
vwap_clone,NEAR-USDT-SWAP,short,2026-09-21T14:00:00+00:00,2026-09-21T14:15:00+00:00,4.129934,4.136128901,1032.12966,4262.627377,4.181076905,52.78610943,10,426.2627377,4.692406782,8.526320944,0,-11.08634785,stop,"VWAP sapma-dönüş (kaynak kuralları): kümülatif VWAP=3.84656 (300 bar), σ=0.0654359; bu bar +4.43σ ile bandın dışında kapandı ve kapanış short yönünde döndü; stop 1.5×0.5σ (4.18108), hedef VWAP mesafesinin %100'i (3.84656); yönetim: breakeven 1R, kısmi %50 @ 1.5R, takip geri verme %50 | arm=vwap_revert_src | combo=band0_tp2 | combo_r=-1.889 | combo_n=5 | pick=unexplored",exit_rule=breakeven
vwap_clone,BTC-USDT-SWAP,short,2026-09-21T10:00:00+00:00,2026-09-21T14:30:00+00:00,84583.687,86056.05771,0.0519576531,4394.769867,85927.16696,69.80406584,10,439.4769867,4.876322363,8.895345075,0,-81.3772491,stop,"VWAP sapma-dönüş (kaynak kuralları): kümülatif VWAP=81049.5 (300 bar), σ=1041.01; bu bar +3.54σ ile bandın dışında kapandı ve kapanış short yönünde döndü; stop 2.5×0.5σ (85927.2), hedef VWAP mesafesinin %50'i (82837.7); yönetim: breakeven 1R, kısmi %50 @ 1.5R, takip geri verme %50 | arm=vwap_revert_src | combo=band2_tp0 | combo_r=-0.1267 | combo_n=3 | pick=exploit",
vwap_clone,SOL-USDT-SWAP,short,2026-09-21T14:45:00+00:00,2026-09-21T14:45:00+00:00,117.771085,118.6888309,35.95310994,4234.236767,118.5110643,26.6045566,10,423.4236767,4.675808144,8.509439458,0,-37.67162673,stop,"VWAP sapma-dönüş (kaynak kuralları): kümülatif VWAP=111.563 (300 bar), σ=0.681064; bu bar +9.60σ ile bandın dışında kapandı ve kapanış short yönünde döndü; stop 2×0.5σ (118.511), hedef VWAP mesafesinin %50'i (114.697); yönetim: breakeven 1R, kısmi %50 @ 1.5R, takip geri verme %50 | arm=vwap_revert_src | combo=band1_tp0 | combo_r=-0.4158 | combo_n=9 | pick=unexplored",
vwap_clone,BNB-USDT-SWAP,short,2026-09-21T14:45:00+00:00,2026-09-21T14:45:00+00:00,795.0023,799.4872775,5.323271723,4232.013263,798.2898427,17.5004831,10,423.2013263,4.668345704,8.491335784,0,-28.54309942,stop,"VWAP sapma-dönüş (kaynak kuralları): kümülatif VWAP=767.804 (300 bar), σ=2.98984; bu bar +9.24σ ile bandın dışında kapandı ve kapanış short yönünde döndü; stop 2×0.5σ (798.29), hedef VWAP mesafesinin %75'i (774.678); yönetim: breakeven 1R, kısmi %50 @ 1.5R, takip geri verme %50 | arm=vwap_revert_src | combo=band1_tp1 | combo_r=-0.515 | combo_n=11 | pick=unexplored",
vwap_clone,AVAX-USDT-SWAP,short,2026-09-21T15:00:00+00:00,2026-09-21T17:00:00+00:00,11.1634155,10.97535939,187.9510146,2098.17527,11.29244287,24.25082461,10,209.817527,2.288552861,2.080511958,-0.003703177131,33.05308135,partial,"VWAP sapma-dönüş (kaynak kuralları): kümülatif VWAP=10.2995 (300 bar), σ=0.123443; bu bar +7.18σ ile bandın dışında kapandı ve kapanış short yönünde döndü; stop 2×0.5σ (11.2924), hedef VWAP mesafesinin %100'i (10.2995); yönetim: breakeven 1R, kısmi %50 @ 1.5R, takip geri verme %50 | arm=vwap_revert_src | combo=band1_tp2 | combo_r=-1.142 | combo_n=8 | pick=unexplored",
vwap_clone,NEAR-USDT-SWAP,short,2026-09-21T15:15:00+00:00,2026-09-21T17:00:00+00:00,4.05797,3.961072979,515.1206689,2090.344221,4.123887712,33.95557575,10,209.0344221,2.271926131,2.065400386,0.209499576,47.85123164,partial,"VWAP sapma-dönüş (kaynak kuralları): kümülatif VWAP=3.85675 (300 bar), σ=0.0628877; bu bar +3.58σ ile bandın dışında kapandı ve kapanış short yönünde döndü; stop 2×0.5σ (4.12389), hedef VWAP mesafesinin %75'i (3.90781); yönetim: breakeven 1R, kısmi %50 @ 1.5R, takip geri verme %50 | arm=vwap_revert_src | combo=band1_tp1 | combo_r=-0.608 | combo_n=12 | pick=unexplored",
vwap_clone,AVAX-USDT-SWAP,short,2026-09-21T15:00:00+00:00,2026-09-21T17:15:00+00:00,11.1634155,10.9874565,187.9510146,2098.17527,11.29244287,24.25082461,10,209.817527,2.289803377,4.142628314,-0.003703177131,30.77816603,stop,"VWAP sapma-dönüş (kaynak kuralları): kümülatif VWAP=10.2995 (300 bar), σ=0.123443; bu bar +7.18σ ile bandın dışında kapandı ve kapanış short yönünde döndü; stop 2×0.5σ (11.2924), hedef VWAP mesafesinin %100'i (10.2995); yönetim: breakeven 1R, kısmi %50 @ 1.5R, takip geri verme %50 | arm=vwap_revert_src | combo=band1_tp2 | combo_r=-1.142 | combo_n=8 | pick=unexplored",exit_rule=partial
vwap_clone,NEAR-USDT-SWAP,short,2026-09-21T15:15:00+00:00,2026-09-21T17:15:00+00:00,4.05797,3.9809625,515.1206689,2090.344221,4.123887712,33.95557575,10,209.0344221,2.277561158,4.117101946,0.209499576,37.60009333,stop,"VWAP sapma-dönüş (kaynak kuralları): kümülatif VWAP=3.85675 (300 bar), σ=0.0628877; bu bar +3.58σ ile bandın dışında kapandı ve kapanış short yönünde döndü; stop 2×0.5σ (4.12389), hedef VWAP mesafesinin %75'i (3.90781); yönetim: breakeven 1R, kısmi %50 @ 1.5R, takip geri verme %50 | arm=vwap_revert_src | combo=band1_tp1 | combo_r=-0.608 | combo_n=12 | pick=unexplored",exit_rule=partial
vwap_clone,ETH-USDT-SWAP,short,2026-09-21T17:30:00+00:00,2026-09-21T18:00:00+00:00,2746.735945,2750.856049,1.555249652,4271.860122,2756.47575,15.14782842,10,427.1860122,4.702570418,8.544788742,0,-11.1103606,stop,"VWAP sapma-dönüş (kaynak kuralları): kümülatif VWAP=2648.11 (300 bar), σ=8.36575; bu bar +11.90σ ile bandın dışında kapandı ve kapanış short yönünde döndü; stop 2×0.5σ (2756.48), hedef VWAP mesafesinin %75'i (2673.11); yönetim: breakeven 1R, kısmi %50 @ 1.5R, takip geri verme %50 | arm=vwap_revert_src | combo=band1_tp1 | combo_r=-0.3921 | combo_n=5 | pick=exploit",exit_rule=breakeven
vwap_clone,BTC-USDT-SWAP,short,2026-09-21T17:30:00+00:00,2026-09-21T19:15:00+00:00,85799.8786,86186.4819,0.04981480896,4274.104561,86057.39581,12.82817068,10,427.4104561,4.71210723,8.568520439,0,-23.97067701,stop,"VWAP sapma-dönüş (kaynak kuralları): kümülatif VWAP=82384.7 (300 bar), σ=214.596; bu bar +16.10σ ile bandın dışında kapandı ve kapanış short yönünde döndü; stop 2×0.5σ (86057.4), hedef VWAP mesafesinin %75'i (83249.2); yönetim: breakeven 1R, kısmi %50 @ 1.5R, takip geri verme %50 | arm=vwap_revert_src | combo=band1_tp1 | combo_r=-0.3414 | combo_n=14 | pick=exploit",
vwap_clone,SOL-USDT-SWAP,short,2026-09-21T18:30:00+00:00,2026-09-21T19:15:00+00:00,117.331305,118.0643963,36.24495766,4252.668182,117.8875649,20.16161716,10,425.2668182,4.692548974,8.536642488,0,-31.26341084,stop,"VWAP sapma-dönüş (kaynak kuralları): kümülatif VWAP=112.388 (300 bar), σ=0.507565; bu bar +9.89σ ile bandın dışında kapandı ve kapanış short yönünde döndü; stop 2×0.5σ (117.888), hedef VWAP mesafesinin %75'i (113.636); yönetim: breakeven 1R, kısmi %50 @ 1.5R, takip geri verme %50 | arm=vwap_revert_src | combo=band1_tp1 | combo_r=-0.3675 | combo_n=15 | pick=exploit",
vwap_clone,DOGE-USDT-SWAP,short,2026-09-21T19:30:00+00:00,2026-09-21T20:00:00+00:00,0.09793101,0.09920663035,43214.579,4232.047368,0.09905804328,48.70426886,10,423.2047368,4.685571073,8.538209681,0,-59.81096739,stop,"VWAP sapma-dönüş (kaynak kuralları): kümülatif VWAP=0.0904034 (300 bar), σ=0.00107804; bu bar +7.35σ ile bandın dışında kapandı ve kapanış short yönünde döndü; stop 2×0.5σ (0.099058), hedef VWAP mesafesinin %100'i (0.0904034); yönetim: breakeven 1R, kısmi %50 @ 1.5R, takip geri verme %50 | arm=vwap_revert_src | combo=band1_tp2 | combo_r=-0.6501 | combo_n=10 | pick=unexplored",
vwap_clone,XRP-USDT-SWAP,short,2026-09-21T11:45:00+00:00,2026-09-21T20:15:00+00:00,1.48935495,1.517271358,2896.28117,4313.590698,1.51499886,74.27197223,10,431.3590698,4.789419339,8.739668291,0.4329071465,-85.21027842,stop,"VWAP sapma-dönüş (kaynak kuralları): kümülatif VWAP=1.40786 (300 bar), σ=0.0199191; bu bar +4.19σ ile bandın dışında kapandı ve kapanış short yönünde döndü; stop 2.5×0.5σ (1.515), hedef VWAP mesafesinin %75'i (1.42842); yönetim: breakeven 1R, kısmi %50 @ 1.5R, takip geri verme %50 | arm=vwap_revert_src | combo=band2_tp1 | combo_r=-0.4908 | combo_n=7 | pick=unexplored",
vwap_clone,BNB-USDT-SWAP,short,2026-09-21T19:30:00+00:00,2026-09-21T20:15:00+00:00,798.90035,804.2678475,5.300123964,4234.27089,803.0632527,22.06390017,10,423.427089,4.6733446,8.502696728,0,-33.12174695,stop,"VWAP sapma-dönüş (kaynak kuralları): kümülatif VWAP=772.89 (300 bar), σ=3.0106; bu bar +8.91σ ile bandın dışında kapandı ve kapanış short yönünde döndü; stop 2.5×0.5σ (803.063), hedef VWAP mesafesinin %75'i (779.492); yönetim: breakeven 1R, kısmi %50 @ 1.5R, takip geri verme %50 | arm=vwap_revert_src | combo=band2_tp1 | combo_r=-0.4908 | combo_n=7 | pick=unexplored",
vwap_clone,ETHFI-USDT-SWAP,long,2026-09-21T20:00:00+00:00,2026-09-21T20:15:00+00:00,0.7247622,0.7311087088,2901.306266,2102.757112,0.7202873693,12.98285431,10,210.2757112,2.323160065,2.111968827,0,16.0900057,partial,"VWAP sapma-dönüş (kaynak kuralları): kümülatif VWAP=0.731481 (300 bar), σ=0.00521684; bu bar -1.51σ ile bandın dışında kapandı ve kapanış long yönünde döndü; stop 1.5×0.5σ (0.720287), hedef VWAP mesafesinin %100'i (0.731481); yönetim: breakeven 1R, kısmi %50 @ 1.5R, takip geri verme %50 | arm=vwap_revert_src | combo=band0_tp2 | combo_r=-1.609 | combo_n=6 | pick=unexplored",
vwap_clone,ETHFI-USDT-SWAP,long,2026-09-21T20:00:00+00:00,2026-09-21T20:15:00+00:00,0.7247622,0.7311156093,2901.306266,2102.757112,0.7202873693,12.98285431,10,210.2757112,2.323171076,2.111978842,0,16.11001522,tp,"VWAP sapma-dönüş (kaynak kuralları): kümülatif VWAP=0.731481 (300 bar), σ=0.00521684; bu bar -1.51σ ile bandın dışında kapandı ve kapanış long yönünde döndü; stop 1.5×0.5σ (0.720287), hedef VWAP mesafesinin %100'i (0.731481); yönetim: breakeven 1R, kısmi %50 @ 1.5R, takip geri verme %50 | arm=vwap_revert_src | combo=band0_tp2 | combo_r=-1.609 | combo_n=6 | pick=unexplored",
vwap_clone,AVAX-USDT-SWAP,short,2026-09-21T20:15:00+00:00,2026-09-21T20:15:00+00:00,10.988503,11.08142044,379.7872525,4173.293363,11.06482321,28.98544231,10,417.3293363,4.610031573,8.391108735,0,-39.89889209,stop,"VWAP sapma-dönüş (kaynak kuralları): kümülatif VWAP=10.3816 (300 bar), σ=0.0930976; bu bar +6.90σ ile bandın dışında kapandı ve kapanış short yönünde döndü; stop 1.5×0.5σ (11.0648), hedef VWAP mesafesinin %100'i (10.3816); yönetim: breakeven 1R, kısmi %50 @ 1.5R, takip geri verme %50 | arm=vwap_revert_src | combo=band0_tp2 | combo_r=-1.609 | combo_n=6 | pick=unexplored",
vwap_clone,ETHFI-USDT-SWAP,long,2026-09-21T21:00:00+00:00,2026-09-21T21:00:00+00:00,0.72546255,0.7220904282,5760.066875,4178.712803,0.722451654,17.34296214,10,417.8712803,4.585901078,4.168997166,0,-24.00954814,stop,"VWAP sapma-dönüş (kaynak kuralları): kümülatif VWAP=0.731056 (300 bar), σ=0.00393113; bu bar -1.55σ ile bandın dışında kapandı ve kapanış long yönünde döndü; stop 1.5×0.5σ (0.722452), hedef VWAP mesafesinin %50'i (0.728228); yönetim: breakeven 1R, kısmi %50 @ 1.5R, takip geri verme %50 | arm=vwap_revert_src | combo=band0_tp0 | combo_r=-1.808 | combo_n=7 | pick=unexplored",
vwap_clone,ETH-USDT-SWAP,short,2026-09-21T20:45:00+00:00,2026-09-21T21:30:00+00:00,2778.819895,2782.988125,1.509890341,4195.713319,2792.019086,19.92933134,10,419.5713319,4.618746115,8.392476092,0,-10.91231609,stop,"VWAP sapma-dönüş (kaynak kuralları): kümülatif VWAP=2660.73 (300 bar), σ=11.8091; bu bar +10.76σ ile bandın dışında kapandı ve kapanış short yönünde döndü; stop 2×0.5σ (2792.02), hedef VWAP mesafesinin %75'i (2690.6); yönetim: breakeven 1R, kısmi %50 @ 1.5R, takip geri verme %50 | arm=vwap_revert_src | combo=band1_tp1 | combo_r=-0.449 | combo_n=6 | pick=exploit",exit_rule=breakeven
vwap_clone,ETHFI-USDT-SWAP,long,2026-09-21T21:45:00+00:00,2026-09-21T21:45:00+00:00,0.71625795,0.7118780816,5835.2009,4179.509035,0.7122341987,23.47939697,10,417.9509035,4.583403362,4.166724981,0,-30.14081515,stop,"VWAP sapma-dönüş (kaynak kuralları): kümülatif VWAP=0.7305 (300 bar), σ=0.0038658; bu bar -4.54σ ile bandın dışında kapandı ve kapanış long yönünde döndü; stop 2×0.5σ (0.712234), hedef VWAP mesafesinin %100'i (0.7305); yönetim: breakeven 1R, kısmi %50 @ 1.5R, takip geri verme %50 | arm=vwap_revert_src | combo=band1_tp2 | combo_r=-0.7026 | combo_n=11 | pick=unexplored",
vwap_clone,BTC-USDT-SWAP,short,2026-09-21T20:45:00+00:00,2026-09-21T22:15:00+00:00,86880.538,86362.50761,0.02415913764,2098.958876,87254.66471,9.038578617,10,209.8958876,2.301971421,2.092704944,0,10.213196,partial,"VWAP sapma-dönüş (kaynak kuralları): kümülatif VWAP=82769.6 (300 bar), σ=330.565; bu bar +12.87σ ile bandın dışında kapandı ve kapanış short yönünde döndü; stop 2×0.5σ (87254.7), hedef VWAP mesafesinin %50'i (84846.9); yönetim: breakeven 1R, kısmi %50 @ 1.5R, takip geri verme %50 | arm=vwap_revert_src | combo=band1_tp0 | combo_r=-0.5158 | combo_n=10 | pick=explore",
vwap_clone,NEAR-USDT-SWAP,short,2026-09-21T21:45:00+00:00,2026-09-21T22:15:00+00:00,4.123937,4.178109061,1012.943533,4177.315315,4.171851284,48.53446377,10,417.7315315,4.625227127,8.428477176,0,-59.49846556,stop,"VWAP sapma-dönüş (kaynak kuralları): kümülatif VWAP=3.91145 (300 bar), σ=0.061135; bu bar +3.57σ ile bandın dışında kapandı ve kapanış short yönünde döndü; stop 1.5×0.5σ (4.17185), hedef VWAP mesafesinin %50'i (4.01872); yönetim: breakeven 1R, kısmi %50 @ 1.5R, takip geri verme %50 | arm=vwap_revert_src | combo=band0_tp0 | combo_r=-1.755 | combo_n=8 | pick=unexplored",
vwap_clone,BTC-USDT-SWAP,short,2026-09-21T20:45:00+00:00,2026-09-21T22:30:00+00:00,86880.538,86527.3967,0.02415913764,2098.958876,87254.66471,9.038578617,10,209.8958876,2.304162389,4.180948953,0,6.227426883,stop,"VWAP sapma-dönüş (kaynak kuralları): kümülatif VWAP=82769.6 (300 bar), σ=330.565; bu bar +12.87σ ile bandın dışında kapandı ve kapanış short yönünde döndü; stop 2×0.5σ (87254.7), hedef VWAP mesafesinin %50'i (84846.9); yönetim: breakeven 1R, kısmi %50 @ 1.5R, takip geri verme %50 | arm=vwap_revert_src | combo=band1_tp0 | combo_r=-0.5158 | combo_n=10 | pick=explore",exit_rule=partial
vwap_clone,ETHFI-USDT-SWAP,long,2026-09-21T22:15:00+00:00,2026-09-21T23:00:00+00:00,0.71445705,0.7231729392,2880.807447,2058.21319,0.708405279,17.43398705,10,205.821319,2.277844349,2.070774384,0,22.83095414,partial,"VWAP sapma-dönüş (kaynak kuralları): kümülatif VWAP=0.730294 (300 bar), σ=0.00479578; bu bar -3.74σ ile bandın dışında kapandı ve kapanış long yönünde döndü; stop 2.5×0.5σ (0.708405), hedef VWAP mesafesinin %100'i (0.730294); yönetim: breakeven 1R, kısmi %50 @ 1.5R, takip geri verme %50 | arm=vwap_revert_src | combo=band2_tp2 | combo_r=-0.4734 | combo_n=9 | pick=exploit",
vwap_clone,ETH-USDT-SWAP,short,2026-09-21T22:30:00+00:00,2026-09-21T23:00:00+00:00,2770.15423,2791.027773,1.485804109,4115.906538,2786.847502,24.80293213,10,411.5906538,4.544554889,8.270046965,0,-35.55855122,stop,"VWAP sapma-dönüş (kaynak kuralları): kümülatif VWAP=2664.98 (300 bar), σ=12.254; bu bar +8.87σ ile bandın dışında kapandı ve kapanış short yönünde döndü; stop 2.5×0.5σ (2786.85), hedef VWAP mesafesinin %75'i (2691.62); yönetim: breakeven 1R, kısmi %50 @ 1.5R, takip geri verme %50 | arm=vwap_revert_src | combo=band2_tp1 | combo_r=-0.676 | combo_n=9 | pick=explore",
vwap_clone,SOL-USDT-SWAP,short,2026-09-21T22:45:00+00:00,2026-09-21T23:00:00+00:00,119.110415,120.0781671,34.49184151,4108.337556,119.8983196,27.17627972,10,410.8337556,4.537530064,8.25846713,0,-37.91708054,stop,"VWAP sapma-dönüş (kaynak kuralları): kümülatif VWAP=112.718 (300 bar), σ=0.71832; bu bar +9.06σ ile bandın dışında kapandı ve kapanış short yönünde döndü; stop 2×0.5σ (119.898), hedef VWAP mesafesinin %50'i (115.949); yönetim: breakeven 1R, kısmi %50 @ 1.5R, takip geri verme %50 | arm=vwap_revert_src | combo=band1_tp0 | combo_r=-0.2783 | combo_n=12 | pick=exploit",
vwap_clone,ETHFI-USDT-SWAP,long,2026-09-21T22:15:00+00:00,2026-09-21T23:15:00+00:00,0.71445705,0.72133915,2880.807447,2058.21319,0.708405279,17.43398705,10,205.821319,2.274938812,2.068131666,0,17.55106612,stop,"VWAP sapma-dönüş (kaynak kuralları): kümülatif VWAP=0.730294 (300 bar), σ=0.00479578; bu bar -3.74σ ile bandın dışında kapandı ve kapanış long yönünde döndü; stop 2.5×0.5σ (0.708405), hedef VWAP mesafesinin %100'i (0.730294); yönetim: breakeven 1R, kısmi %50 @ 1.5R, takip geri verme %50 | arm=vwap_revert_src | combo=band2_tp2 | combo_r=-0.4734 | combo_n=9 | pick=exploit",exit_rule=partial
vwap_clone,PENGU-USDT-SWAP,short,2026-09-21T20:30:00+00:00,2026-09-22T00:30:00+00:00,0.008845575,0.008858843363,469937.3853,4156.866387,0.009001089674,73.08215945,10,415.6866387,4.57598244,8.31477251,0.2063495059,-10.60493251,stop,"VWAP sapma-dönüş (kaynak kuralları): kümülatif VWAP=0.00813279 (300 bar), σ=0.000120072; bu bar +6.15σ ile bandın dışında kapandı ve kapanış short yönünde döndü; stop 2.5×0.5σ (0.00900109), hedef VWAP mesafesinin %100'i (0.00813279); yönetim: breakeven 1R, kısmi %50 @ 1.5R, takip geri verme %50 | arm=vwap_revert_src | combo=band2_tp2 | combo_r=-0.4734 | combo_n=9 | pick=unexplored",exit_rule=breakeven
vwap_clone,NEAR-USDT-SWAP,short,2026-09-21T23:15:00+00:00,2026-09-22T00:30:00+00:00,4.2628675,4.34382928,959.6924823,4091.041893,4.337323295,71.45466662,10,409.1041893,4.542880208,8.290289058,0.409404813,-81.83188685,stop,"VWAP sapma-dönüş (kaynak kuralları): kümülatif VWAP=3.92162 (300 bar), σ=0.0723233; bu bar +5.08σ ile bandın dışında kapandı ve kapanış short yönünde döndü; stop 2×0.5σ (4.33732), hedef VWAP mesafesinin %100'i (3.92162); yönetim: breakeven 1R, kısmi %50 @ 1.5R, takip geri verme %50 | arm=vwap_revert_src | combo=band1_tp2 | combo_r=-0.751 | combo_n=12 | pick=unexplored",
vwap_clone,BTC-USDT-SWAP,short,2026-09-21T23:30:00+00:00,2026-09-22T00:45:00+00:00,86423.7665,85893.52878,0.02379052147,2056.066472,86805.87518,9.090564765,10,205.6066472,2.254735072,2.049762822,0.2059999842,10.56589675,partial,"VWAP sapma-dönüş (kaynak kuralları): kümülatif VWAP=82926.7 (300 bar), σ=271.1; bu bar +13.31σ ile bandın dışında kapandı ve kapanış short yönünde döndü; stop 2.5×0.5σ (86805.9), hedef VWAP mesafesinin %100'i (82926.7); yönetim: breakeven 1R, kısmi %50 @ 1.5R, takip geri verme %50 | arm=vwap_revert_src | combo=band2_tp2 | combo_r=-0.1768 | combo_n=11 | pick=exploit",
vwap_clone,BTC-USDT-SWAP,short,2026-09-21T23:30:00+00:00,2026-09-22T01:00:00+00:00,86423.7665,86004.51355,0.02379052147,2056.066472,86805.87518,9.090564765,10,205.6066472,2.256187284,4.093089036,0.2059999842,7.924059007,stop,"VWAP sapma-dönüş (kaynak kuralları): kümülatif VWAP=82926.7 (300 bar), σ=271.1; bu bar +13.31σ ile bandın dışında kapandı ve kapanış short yönünde döndü; stop 2.5×0.5σ (86805.9), hedef VWAP mesafesinin %100'i (82926.7); yönetim: breakeven 1R, kısmi %50 @ 1.5R, takip geri verme %50 | arm=vwap_revert_src | combo=band2_tp2 | combo_r=-0.1768 | combo_n=11 | pick=exploit",exit_rule=partial
vwap_clone,ETH-USDT-SWAP,short,2026-09-22T01:00:00+00:00,2026-09-22T01:00:00+00:00,2752.32315,2742.214738,0.7359929437,2025.690417,2759.975706,5.632227105,10,202.5690417,2.224167613,2.021972923,0,5.215552006,partial,"VWAP sapma-dönüş (kaynak kuralları): kümülatif VWAP=2668.81 (300 bar), σ=8.35427; bu bar +10.90σ ile bandın dışında kapandı ve kapanış short yönünde döndü; stop 1.5×0.5σ (2759.98), hedef VWAP mesafesinin %100'i (2668.81); yönetim: breakeven 1R, kısmi %50 @ 1.5R, takip geri verme %50 | arm=vwap_revert_src | combo=band0_tp2 | combo_r=-0.9503 | combo_n=9 | pick=explore",
vwap_clone,SOL-USDT-SWAP,short,2026-09-22T01:00:00+00:00,2026-09-22T01:00:00+00:00,118.24085,117.5636686,17.1229036,2024.626676,118.7314726,8.400883304,10,202.4626676,2.220711922,2.018832424,0,9.374600358,partial,"VWAP sapma-dönüş (kaynak kuralları): kümülatif VWAP=112.894 (300 bar), σ=0.345178; bu bar +16.49σ ile bandın dışında kapandı ve kapanış short yönünde döndü; stop 2.5×0.5σ (118.731), hedef VWAP mesafesinin %100'i (112.894); yönetim: breakeven 1R, kısmi %50 @ 1.5R, takip geri verme %50 | arm=vwap_revert_src | combo=band2_tp2 | combo_r=-0.07135 | combo_n=13 | pick=exploit",
vwap_clone,ETH-USDT-SWAP,short,2026-09-22T01:00:00+00:00,2026-09-22T01:15:00+00:00,2752.32315,2753.22365,0.7359929437,2025.690417,2759.975706,5.632227105,10,202.5690417,2.228623978,4.048329187,0,-2.891385623,stop,"VWAP sapma-dönüş (kaynak kuralları): kümülatif VWAP=2668.81 (300 bar), σ=8.35427; bu bar +10.90σ ile bandın dışında kapandı ve kapanış short yönünde döndü; stop 1.5×0.5σ (2759.98), hedef VWAP mesafesinin %100'i (2668.81); yönetim: breakeven 1R, kısmi %50 @ 1.5R, takip geri verme %50 | arm=vwap_revert_src | combo=band0_tp2 | combo_r=-0.9503 | combo_n=9 | pick=explore",exit_rule=partial
vwap_clone,SOL-USDT-SWAP,short,2026-09-22T01:00:00+00:00,2026-09-22T01:15:00+00:00,118.24085,118.05682,17.1229036,2024.626676,118.7314726,8.400883304,10,202.4626676,2.225356224,4.040491563,0,0.9257717262,stop,"VWAP sapma-dönüş (kaynak kuralları): kümülatif VWAP=112.894 (300 bar), σ=0.345178; bu bar +16.49σ ile bandın dışında kapandı ve kapanış short yönünde döndü; stop 2.5×0.5σ (118.731), hedef VWAP mesafesinin %100'i (112.894); yönetim: breakeven 1R, kısmi %50 @ 1.5R, takip geri verme %50 | arm=vwap_revert_src | combo=band2_tp2 | combo_r=-0.07135 | combo_n=13 | pick=exploit",exit_rule=partial
vwap_clone,ETHFI-USDT-SWAP,long,2026-09-22T01:30:00+00:00,2026-09-22T01:45:00+00:00,0.71885925,0.7184998204,5639.061129,4053.691254,0.7144613584,24.79997962,10,405.3691254,4.457945614,4.052678337,0,-6.484791241,stop,"VWAP sapma-dönüş (kaynak kuralları): kümülatif VWAP=0.729707 (300 bar), σ=0.00413864; bu bar -3.67σ ile bandın dışında kapandı ve kapanış long yönünde döndü; stop 2×0.5σ (0.714461), hedef VWAP mesafesinin %75'i (0.72693); yönetim: breakeven 1R, kısmi %50 @ 1.5R, takip geri verme %50 | arm=vwap_revert_src | combo=band1_tp1 | combo_r=-0.5266 | combo_n=18 | pick=explore",exit_rule=breakeven
vwap_clone,ETHFI-USDT-SWAP,long,2026-09-22T02:30:00+00:00,2026-09-22T02:30:00+00:00,0.71225595,0.7083072868,5686.647863,4050.348776,0.7086616176,20.43970257,10,405.0348776,4.443033592,4.039116844,0,-26.8976907,stop,"VWAP sapma-dönüş (kaynak kuralları): kümülatif VWAP=0.729663 (300 bar), σ=0.00343838; bu bar -5.27σ ile bandın dışında kapandı ve kapanış long yönünde döndü; stop 2×0.5σ (0.708662), hedef VWAP mesafesinin %50'i (0.720882); yönetim: breakeven 1R, kısmi %50 @ 1.5R, takip geri verme %50 | arm=vwap_revert_src | combo=band1_tp0 | combo_r=-0.3642 | combo_n=13 | pick=explore",
vwap_clone,SOL-USDT-SWAP,short,2026-09-22T01:45:00+00:00,2026-09-22T02:45:00+00:00,117.571185,116.5648348,17.2791933,2031.535232,118.2809207,12.26366005,10,203.1535232,2.225124849,2.022845625,0,15.16379536,partial,"VWAP sapma-dönüş (kaynak kuralları): kümülatif VWAP=112.98 (300 bar), σ=0.650921; bu bar +7.33σ ile bandın dışında kapandı ve kapanış short yönünde döndü; stop 2×0.5σ (118.281), hedef VWAP mesafesinin %100'i (112.98); yönetim: breakeven 1R, kısmi %50 @ 1.5R, takip geri verme %50 | arm=vwap_revert_src | combo=band1_tp2 | combo_r=-0.7814 | combo_n=13 | pick=explore",
vwap_clone,SOL-USDT-SWAP,short,2026-09-22T01:45:00+00:00,2026-09-22T03:00:00+00:00,117.571185,117.065335,17.2791933,2031.535232,118.2809207,12.26366005,10,203.1535232,2.229881381,4.04592311,0,6.510798548,stop,"VWAP sapma-dönüş (kaynak kuralları): kümülatif VWAP=112.98 (300 bar), σ=0.650921; bu bar +7.33σ ile bandın dışında kapandı ve kapanış short yönünde döndü; stop 2×0.5σ (118.281), hedef VWAP mesafesinin %100'i (112.98); yönetim: breakeven 1R, kısmi %50 @ 1.5R, takip geri verme %50 | arm=vwap_revert_src | combo=band1_tp2 | combo_r=-0.7814 | combo_n=13 | pick=explore",exit_rule=partial
vwap_clone,ETHFI-USDT-SWAP,long,2026-09-22T03:30:00+00:00,2026-09-22T03:45:00+00:00,0.7091544,0.7025257779,5712.716802,4051.198256,0.7028772165,35.85977188,10,405.1198256,4.435490989,4.032256077,0,-42.30293211,stop,"VWAP sapma-dönüş (kaynak kuralları): kümülatif VWAP=0.729259 (300 bar), σ=0.00473823; bu bar -4.98σ ile bandın dışında kapandı ve kapanış long yönünde döndü; stop 2.5×0.5σ (0.702877), hedef VWAP mesafesinin %100'i (0.729259); yönetim: breakeven 1R, kısmi %50 @ 1.5R, takip geri verme %50 | arm=vwap_revert_src | combo=band2_tp2 | combo_r=0.3688 | combo_n=3 | pick=exploit",
vwap_clone,ETH-USDT-SWAP,short,2026-09-22T01:45:00+00:00,2026-09-22T05:15:00+00:00,2747.0258,2724.367078,0.7399284718,2032.602602,2763.039283,11.84883195,10,203.2602602,2.226641654,2.024224383,0,14.53919159,partial,"VWAP sapma-dönüş (kaynak kuralları): kümülatif VWAP=2670.58 (300 bar), σ=11.7114; bu bar +6.73σ ile bandın dışında kapandı ve kapanış short yönünde döndü; stop 2.5×0.5σ (2763.04), hedef VWAP mesafesinin %75'i (2690.03); yönetim: breakeven 1R, kısmi %50 @ 1.5R, takip geri verme %50 | arm=vwap_revert_src | combo=band2_tp1 | combo_r=-0.7517 | combo_n=10 | pick=explore",
vwap_clone,ETH-USDT-SWAP,short,2026-09-22T01:45:00+00:00,2026-09-22T05:30:00+00:00,2747.0258,2727.090084,0.7399284718,2032.602602,2763.039283,11.84883195,10,203.2602602,2.22774981,4.039053738,0,12.52325408,stop,"VWAP sapma-dönüş (kaynak kuralları): kümülatif VWAP=2670.58 (300 bar), σ=11.7114; bu bar +6.73σ ile bandın dışında kapandı ve kapanış short yönünde döndü; stop 2.5×0.5σ (2763.04), hedef VWAP mesafesinin %75'i (2690.03); yönetim: breakeven 1R, kısmi %50 @ 1.5R, takip geri verme %50 | arm=vwap_revert_src | combo=band2_tp1 | combo_r=-0.7517 | combo_n=10 | pick=explore",exit_rule=partial
vwap_clone,SOL-USDT-SWAP,short,2026-09-22T03:15:00+00:00,2026-09-22T05:45:00+00:00,116.66164,116.8366325,34.83756742,4064.207748,117.4724861,28.24790687,10,406.4207748,4.473981495,8.129432057,0,-10.57029312,stop,"VWAP sapma-dönüş (kaynak kuralları): kümülatif VWAP=113.089 (300 bar), σ=0.989982; bu bar +3.58σ ile bandın dışında kapandı ve kapanış short yönünde döndü; stop 1.5×0.5σ (117.472), hedef VWAP mesafesinin %100'i (113.089); yönetim: breakeven 1R, kısmi %50 @ 1.5R, takip geri verme %50 | arm=vwap_revert_src | combo=band0_tp2 | combo_r=-0.74 | combo_n=11 | pick=explore",exit_rule=breakeven
vwap_clone,ETHFI-USDT-SWAP,long,2026-09-22T05:45:00+00:00,2026-09-22T06:00:00+00:00,0.7049523,0.6954945618,5741.678475,4047.609447,0.6958424831,52.30563967,10,404.7609447,4.422503581,4.02044523,0,-58.72579516,stop,"VWAP sapma-dönüş (kaynak kuralları): kümülatif VWAP=0.728398 (300 bar), σ=0.00700601; bu bar -4.13σ ile bandın dışında kapandı ve kapanış long yönünde döndü; stop 2.5×0.5σ (0.695842), hedef VWAP mesafesinin %100'i (0.728398); yönetim: breakeven 1R, kısmi %50 @ 1.5R, takip geri verme %50 | arm=vwap_revert_src | combo=band2_tp2 | combo_r=-0.01834 | combo_n=4 | pick=exploit",
vwap_clone,BTC-USDT-SWAP,short,2026-09-22T01:15:00+00:00,2026-09-22T08:30:00+00:00,85717.41985,85845.99598,0.04736193229,4059.742635,86206.6277,23.16982929,10,405.9742635,4.469066186,8.120500713,0.4041616283,-10.15451851,stop,"VWAP sapma-dönüş (kaynak kuralları): kümülatif VWAP=83036.1 (300 bar), σ=356.982; bu bar +7.67σ ile bandın dışında kapandı ve kapanış short yönünde döndü; stop 2.5×0.5σ (86206.6), hedef VWAP mesafesinin %100'i (83036.1); yönetim: breakeven 1R, kısmi %50 @ 1.5R, takip geri verme %50 | arm=vwap_revert_src | combo=band2_tp2 | combo_r=1.019 | combo_n=4 | pick=exploit",exit_rule=breakeven
vwap_clone,ETH-USDT-SWAP,short,2026-09-22T06:00:00+00:00,2026-09-22T08:30:00+00:00,2730.643995,2745.054432,1.476919975,4032.942662,2740.943017,15.21083192,10,403.2942662,4.447942612,8.089710312,0.3115597698,-25.419445,stop,"VWAP sapma-dönüş (kaynak kuralları): kümülatif VWAP=2675.97 (300 bar), σ=8.93302; bu bar +6.50σ ile bandın dışında kapandı ve kapanış short yönünde döndü; stop 2×0.5σ (2740.94), hedef VWAP mesafesinin %50'i (2703.99); yönetim: breakeven 1R, kısmi %50 @ 1.5R, takip geri verme %50 | arm=vwap_revert_src | combo=band1_tp0 | combo_r=-0.4322 | combo_n=14 | pick=explore",
vwap_clone,SOL-USDT-SWAP,short,2026-09-22T06:15:00+00:00,2026-09-22T08:45:00+00:00,116.58168,117.365785,34.44705675,4015.895746,117.4001115,28.19255797,10,401.5895746,4.432340881,8.064228219,0.4005503758,-31.04189994,stop,"VWAP sapma-dönüş (kaynak kuralları): kümülatif VWAP=113.231 (300 bar), σ=0.608089; bu bar +5.65σ ile bandın dışında kapandı ve kapanış short yönünde döndü; stop 2.5×0.5σ (117.4), hedef VWAP mesafesinin %100'i (113.231); yönetim: breakeven 1R, kısmi %50 @ 1.5R, takip geri verme %50 | arm=vwap_revert_src | combo=band2_tp2 | combo_r=0.3347 | combo_n=3 | pick=exploit",exit_rule=breakeven
vwap_clone,BNB-USDT-SWAP,short,2026-09-22T09:00:00+00:00,2026-09-22T09:00:00+00:00,787.10625,784.7856475,2.533739199,1994.321959,788.9147828,4.582350446,10,199.4321959,2.190520264,1.991384026,0,3.689281189,partial,"VWAP sapma-dönüş (kaynak kuralları): kümülatif VWAP=777.873 (300 bar), σ=1.31478; bu bar +7.63σ ile bandın dışında kapandı ve kapanış short yönünde döndü; stop 2×0.5σ (788.915), hedef VWAP mesafesinin %50'i (782.736); yönetim: breakeven 1R, kısmi %50 @ 1.5R, takip geri verme %50 | arm=vwap_revert_src | combo=band1_tp0 | combo_r=-0.5148 | combo_n=15 | pick=unexplored",
vwap_clone,BNB-USDT-SWAP,short,2026-09-22T09:00:00+00:00,2026-09-22T09:15:00+00:00,787.10625,786.1775,2.533739199,1994.321959,788.9147828,4.582350446,10,199.4321959,2.192459889,3.981137716,0,0.1607503914,stop,"VWAP sapma-dönüş (kaynak kuralları): kümülatif VWAP=777.873 (300 bar), σ=1.31478; bu bar +7.63σ ile bandın dışında kapandı ve kapanış short yönünde döndü; stop 2×0.5σ (788.915), hedef VWAP mesafesinin %50'i (782.736); yönetim: breakeven 1R, kısmi %50 @ 1.5R, takip geri verme %50 | arm=vwap_revert_src | combo=band1_tp0 | combo_r=-0.5148 | combo_n=15 | pick=unexplored",exit_rule=partial
vwap_clone,BTC-USDT-SWAP,short,2026-09-22T09:15:00+00:00,2026-09-22T09:45:00+00:00,85854.0515,86240.42218,0.04642160765,3985.483094,86111.25529,11.93981361,10,398.5483094,4.393896175,7.989872777,0,-22.32984414,stop,"VWAP sapma-dönüş (kaynak kuralları): kümülatif VWAP=83417.3 (300 bar), σ=214.255; bu bar +11.57σ ile bandın dışında kapandı ve kapanış short yönünde döndü; stop 2×0.5σ (86111.3), hedef VWAP mesafesinin %100'i (83417.3); yönetim: breakeven 1R, kısmi %50 @ 1.5R, takip geri verme %50 | arm=vwap_revert_src | combo=band1_tp2 | combo_r=-0.5593 | combo_n=15 | pick=explore",
vwap_clone,DOGE-USDT-SWAP,short,2026-09-22T09:30:00+00:00,2026-09-22T12:30:00+00:00,0.09837079,0.09851834619,40411.00507,3975.262494,0.09944815553,43.53742383,10,397.5262494,4.376068334,7.9515193,0,-10.33896207,stop,"VWAP sapma-dönüş (kaynak kuralları): kümülatif VWAP=0.0935878 (300 bar), σ=0.00102816; bu bar +4.75σ ile bandın dışında kapandı ve kapanış short yönünde döndü; stop 2×0.5σ (0.0994482), hedef VWAP mesafesinin %75'i (0.0947959); yönetim: breakeven 1R, kısmi %50 @ 1.5R, takip geri verme %50 | arm=vwap_revert_src | combo=band1_tp1 | combo_r=-0.5127 | combo_n=19 | pick=unexplored",exit_rule=breakeven
vwap_clone,ETHFI-USDT-SWAP,long,2026-09-22T06:45:00+00:00,2026-09-22T12:45:00+00:00,0.69684825,0.7085925328,2875.819903,2004.010067,0.6887824125,23.19589615,10,200.4010067,2.222987017,2.020906237,-0.1001216699,31.45133359,partial,"VWAP sapma-dönüş (kaynak kuralları): kümülatif VWAP=0.728082 (300 bar), σ=0.00617407; bu bar -5.23σ ile bandın dışında kapandı ve kapanış long yönünde döndü; stop 2.5×0.5σ (0.688782), hedef VWAP mesafesinin %100'i (0.728082); yönetim: breakeven 1R, kısmi %50 @ 1.5R, takip geri verme %50 | arm=vwap_revert_src | combo=band2_tp2 | combo_r=-0.2392 | combo_n=5 | pick=exploit",
vwap_clone,SOL-USDT-SWAP,short,2026-09-22T12:45:00+00:00,2026-09-22T13:00:00+00:00,117.12141,117.7929181,34.07862575,3991.336699,117.6164934,16.87176189,10,399.1336699,4.40305661,8.008979374,0,-27.28713119,stop,"VWAP sapma-dönüş (kaynak kuralları): kümülatif VWAP=113.598 (300 bar), σ=0.349195; bu bar +10.73σ ile bandın dışında kapandı ve kapanış short yönünde döndü; stop 2.5×0.5σ (117.616), hedef VWAP mesafesinin %100'i (113.598); yönetim: breakeven 1R, kısmi %50 @ 1.5R, takip geri verme %50 | arm=vwap_revert_src | combo=band2_tp2 | combo_r=-0.02423 | combo_n=4 | pick=explore",
vwap_clone,ETHFI-USDT-SWAP,long,2026-09-22T06:45:00+00:00,2026-09-22T13:15:00+00:00,0.69684825,0.7085925328,2875.819903,2004.010067,0.6887824125,23.19589615,10,200.4010067,2.222987017,2.020906237,-0.1001216699,31.45133359,stop,"VWAP sapma-dönüş (kaynak kuralları): kümülatif VWAP=0.728082 (300 bar), σ=0.00617407; bu bar -5.23σ ile bandın dışında kapandı ve kapanış long yönünde döndü; stop 2.5×0.5σ (0.688782), hedef VWAP mesafesinin %100'i (0.728082); yönetim: breakeven 1R, kısmi %50 @ 1.5R, takip geri verme %50 | arm=vwap_revert_src | combo=band2_tp2 | combo_r=-0.2392 | combo_n=5 | pick=exploit",exit_rule=partial
vwap_clone,ETH-USDT-SWAP,short,2026-09-22T13:15:00+00:00,2026-09-22T13:15:00+00:00,2753.8224,2741.901274,0.7206918861,1984.65746,2762.683327,6.385998499,10,198.465746,2.178397903,1.980364373,0,6.413060614,partial,"VWAP sapma-dönüş (kaynak kuralları): kümülatif VWAP=2683.54 (300 bar), σ=5.98666; bu bar +12.38σ ile bandın dışında kapandı ve kapanış short yönünde döndü; stop 2.5×0.5σ (2762.68), hedef VWAP mesafesinin %100'i (2683.54); yönetim: breakeven 1R, kısmi %50 @ 1.5R, takip geri verme %50 | arm=vwap_revert_src | combo=band2_tp2 | combo_r=-0.1333 | combo_n=22 | pick=exploit",
vwap_clone,AVAX-USDT-SWAP,short,2026-09-22T09:00:00+00:00,2026-09-22T13:30:00+00:00,10.878558,11.04072713,366.4593581,3986.549381,11.02419084,53.36851702,10,398.6549381,4.417889936,8.054148674,0,-63.8462838,stop,"VWAP sapma-dönüş (kaynak kuralları): kümülatif VWAP=10.529 (300 bar), σ=0.111353; bu bar +3.30σ ile bandın dışında kapandı ve kapanış short yönünde döndü; stop 2.5×0.5σ (11.0242), hedef VWAP mesafesinin %75'i (10.618); yönetim: breakeven 1R, kısmi %50 @ 1.5R, takip geri verme %50 | arm=vwap_revert_src | combo=band2_tp1 | combo_r=-0.4361 | combo_n=12 | pick=unexplored",
vwap_clone,ETH-USDT-SWAP,short,2026-09-22T13:15:00+00:00,2026-09-22T13:30:00+00:00,2753.8224,2747.27474,0.7206918861,1984.65746,2762.683327,6.385998499,10,198.465746,2.180527841,3.958284874,0,2.538317595,stop,"VWAP sapma-dönüş (kaynak kuralları): kümülatif VWAP=2683.54 (300 bar), σ=5.98666; bu bar +12.38σ ile bandın dışında kapandı ve kapanış short yönünde döndü; stop 2.5×0.5σ (2762.68), hedef VWAP mesafesinin %100'i (2683.54); yönetim: breakeven 1R, kısmi %50 @ 1.5R, takip geri verme %50 | arm=vwap_revert_src | combo=band2_tp2 | combo_r=-0.1333 | combo_n=22 | pick=exploit",exit_rule=partial
vwap_clone,BTC-USDT-SWAP,short,2026-09-22T10:15:00+00:00,2026-09-22T13:45:00+00:00,85971.29285,86100.24979,0.04615641801,3968.12693,86296.5034,15.01055426,10,396.812693,4.368213327,7.937246387,0,-10.32040372,stop,"VWAP sapma-dönüş (kaynak kuralları): kümülatif VWAP=83454.7 (300 bar), σ=282.303; bu bar +9.29σ ile bandın dışında kapandı ve kapanış short yönünde döndü; stop 2×0.5σ (86296.5), hedef VWAP mesafesinin %75'i (84094.6); yönetim: breakeven 1R, kısmi %50 @ 1.5R, takip geri verme %50 | arm=vwap_revert_src | combo=band1_tp1 | combo_r=-1.903 | combo_n=3 | pick=explore",exit_rule=breakeven
vwap_clone,AVAX-USDT-SWAP,short,2026-09-22T13:45:00+00:00,2026-09-22T13:45:00+00:00,10.97451,11.04675633,359.986908,3950.679922,11.03021102,20.05163733,10,395.0679922,4.360052168,7.932425464,0,-30.36778684,stop,"VWAP sapma-dönüş (kaynak kuralları): kümülatif VWAP=10.6053 (300 bar), σ=0.050211; bu bar +7.54σ ile bandın dışında kapandı ve kapanış short yönünde döndü; stop 2×0.5σ (11.0302), hedef VWAP mesafesinin %50'i (10.7926); yönetim: breakeven 1R, kısmi %50 @ 1.5R, takip geri verme %50 | arm=vwap_revert_src | combo=band1_tp0 | combo_r=-0.4048 | combo_n=17 | pick=unexplored",
vwap_clone,LINK-USDT-SWAP,short,2026-09-22T13:45:00+00:00,2026-09-22T13:45:00+00:00,12.971511,13.0375007,304.4059648,3948.605321,13.01797374,14.14353652,10,394.8605321,4.354514066,7.919413592,0,-24.44217387,stop,"VWAP sapma-dönüş (kaynak kuralları): kümülatif VWAP=12.6712 (300 bar), σ=0.0532983; bu bar +5.96σ ile bandın dışında kapandı ve kapanış short yönünde döndü; stop 1.5×0.5σ (13.018), hedef VWAP mesafesinin %75'i (12.7479); yönetim: breakeven 1R, kısmi %50 @ 1.5R, takip geri verme %50 | arm=vwap_revert_src | combo=band0_tp1 | combo_r=-0.4946 | combo_n=10 | pick=unexplored",
vwap_clone,NEAR-USDT-SWAP,short,2026-09-22T14:00:00+00:00,2026-09-22T14:00:00+00:00,4.4327825,4.343761656,443.1637771,1964.448636,4.493576926,26.94188764,10,196.4448636,2.139195552,1.944733578,0,37.31161801,partial,"VWAP sapma-dönüş (kaynak kuralları): kümülatif VWAP=4.06948 (300 bar), σ=0.0468615; bu bar +8.25σ ile bandın dışında kapandı ve kapanış short yönünde döndü; stop 2.5×0.5σ (4.49358), hedef VWAP mesafesinin %100'i (4.06948); yönetim: breakeven 1R, kısmi %50 @ 1.5R, takip geri verme %50 | arm=vwap_revert_src | combo=band2_tp2 | combo_r=-0.00701 | combo_n=25 | pick=exploit",
vwap_clone,ETHFI-USDT-SWAP,long,2026-09-22T13:45:00+00:00,2026-09-22T14:15:00+00:00,0.70605285,0.6984381068,5589.569972,3946.531809,0.6987875006,40.61017892,10,394.6531809,4.317775263,3.92524058,0,-46.880915,stop,"VWAP sapma-dönüş (kaynak kuralları): kümülatif VWAP=0.724753 (300 bar), σ=0.00569; bu bar -3.56σ ile bandın dışında kapandı ve kapanış long yönünde döndü; stop 2.5×0.5σ (0.698788), hedef VWAP mesafesinin %100'i (0.724753); yönetim: breakeven 1R, kısmi %50 @ 1.5R, takip geri verme %50 | arm=vwap_revert_src | combo=band2_tp2 | combo_r=0.2165 | combo_n=7 | pick=exploit",
vwap_clone,NEAR-USDT-SWAP,short,2026-09-22T14:00:00+00:00,2026-09-22T14:15:00+00:00,4.4327825,4.374552,443.1637771,1964.448636,4.493576926,26.94188764,10,196.4448636,2.146700393,3.886324743,0,23.65894793,stop,"VWAP sapma-dönüş (kaynak kuralları): kümülatif VWAP=4.06948 (300 bar), σ=0.0468615; bu bar +8.25σ ile bandın dışında kapandı ve kapanış short yönünde döndü; stop 2.5×0.5σ (4.49358), hedef VWAP mesafesinin %100'i (4.06948); yönetim: breakeven 1R, kısmi %50 @ 1.5R, takip geri verme %50 | arm=vwap_revert_src | combo=band2_tp2 | combo_r=-0.00701 | combo_n=25 | pick=exploit",exit_rule=partial
vwap_clone,BTC-USDT-SWAP,short,2026-09-22T14:15:00+00:00,2026-09-22T14:15:00+00:00,86271.0429,86035.12453,0.02289081745,1974.814694,86456.98585,4.256386223,10,197.4814694,2.169325964,1.972116355,0,3.231038313,partial,"VWAP sapma-dönüş (kaynak kuralları): kümülatif VWAP=83632.1 (300 bar), σ=114.149; bu bar +23.07σ ile bandın dışında kapandı ve kapanış short yönünde döndü; stop 2.5×0.5σ (86457), hedef VWAP mesafesinin %100'i (83632.1); yönetim: breakeven 1R, kısmi %50 @ 1.5R, takip geri verme %50 | arm=vwap_revert_src | combo=band2_tp2 | combo_r=0.7277 | combo_n=5 | pick=exploit",
vwap_clone,ETH-USDT-SWAP,short,2026-09-22T14:15:00+00:00,2026-09-22T14:15:00+00:00,2754.492065,2744.144576,0.7165668382,1973.77767,2762.304649,5.598238502,10,197.377767,2.16707737,1.970072682,0,5.247590227,partial,"VWAP sapma-dönüş (kaynak kuralları): kümülatif VWAP=2685.21 (300 bar), σ=5.14772; bu bar +13.39σ ile bandın dışında kapandı ve kapanış short yönünde döndü; stop 2.5×0.5σ (2762.3), hedef VWAP mesafesinin %100'i (2685.21); yönetim: breakeven 1R, kısmi %50 @ 1.5R, takip geri verme %50 | arm=vwap_revert_src | combo=band2_tp2 | combo_r=-0.1024 | combo_n=3 | pick=exploit",
vwap_clone,SOL-USDT-SWAP,short,2026-09-22T14:30:00+00:00,2026-09-22T14:30:00+00:00,116.971485,116.5624012,16.83196439,1968.85987,117.2830422,5.244120229,10,196.885987,2.161958732,1.965419241,0,4.723724766,partial,"VWAP sapma-dönüş (kaynak kuralları): kümülatif VWAP=113.711 (300 bar), σ=0.263042; bu bar +13.55σ ile bandın dışında kapandı ve kapanış short yönünde döndü; stop 2×0.5σ (117.283), hedef VWAP mesafesinin %100'i (113.711); yönetim: breakeven 1R, kısmi %50 @ 1.5R, takip geri verme %50 | arm=vwap_revert_src | combo=band1_tp2 | combo_r=0.137 | combo_n=3 | pick=exploit",
vwap_clone,BTC-USDT-SWAP,short,2026-09-22T14:15:00+00:00,2026-09-22T14:45:00+00:00,86271.0429,85981.1786,0.02289081745,1974.814694,86456.98585,4.256386223,10,197.4814694,2.168646787,3.935748722,0,4.46658399,stop,"VWAP sapma-dönüş (kaynak kuralları): kümülatif VWAP=83632.1 (300 bar), σ=114.149; bu bar +23.07σ ile bandın dışında kapandı ve kapanış short yönünde döndü; stop 2.5×0.5σ (86457), hedef VWAP mesafesinin %100'i (83632.1); yönetim: breakeven 1R, kısmi %50 @ 1.5R, takip geri verme %50 | arm=vwap_revert_src | combo=band2_tp2 | combo_r=0.7277 | combo_n=5 | pick=exploit",exit_rule=giveback
vwap_clone,ETH-USDT-SWAP,short,2026-09-22T14:15:00+00:00,2026-09-22T14:45:00+00:00,2754.492065,2738.357417,0.7165668382,1973.77767,2762.304649,5.598238502,10,197.377767,2.164796582,3.926298326,0,9.396757444,stop,"VWAP sapma-dönüş (kaynak kuralları): kümülatif VWAP=2685.21 (300 bar), σ=5.14772; bu bar +13.39σ ile bandın dışında kapandı ve kapanış short yönünde döndü; stop 2.5×0.5σ (2762.3), hedef VWAP mesafesinin %100'i (2685.21); yönetim: breakeven 1R, kısmi %50 @ 1.5R, takip geri verme %50 | arm=vwap_revert_src | combo=band2_tp2 | combo_r=-0.1024 | combo_n=3 | pick=exploit",exit_rule=giveback
vwap_clone,SOL-USDT-SWAP,short,2026-09-22T14:30:00+00:00,2026-09-22T14:45:00+00:00,116.971485,116.5753436,16.83196439,1968.85987,117.2830422,5.244120229,10,196.885987,2.162078547,3.923802126,0,4.505759161,stop,"VWAP sapma-dönüş (kaynak kuralları): kümülatif VWAP=113.711 (300 bar), σ=0.263042; bu bar +13.55σ ile bandın dışında kapandı ve kapanış short yönünde döndü; stop 2×0.5σ (117.283), hedef VWAP mesafesinin %100'i (113.711); yönetim: breakeven 1R, kısmi %50 @ 1.5R, takip geri verme %50 | arm=vwap_revert_src | combo=band1_tp2 | combo_r=0.137 | combo_n=3 | pick=exploit",exit_rule=giveback
vwap_clone,BTC-USDT-SWAP,short,2026-09-22T15:30:00+00:00,2026-09-22T15:30:00+00:00,86194.4812,86526.01952,0.04566791328,3936.322093,86396.42489,9.222346753,10,393.6322093,4.338281667,7.887462278,0,-19.47894508,stop,"VWAP sapma-dönüş (kaynak kuralları): kümülatif VWAP=83704 (300 bar), σ=126.98; bu bar +19.67σ ile bandın dışında kapandı ve kapanış short yönünde döndü; stop 2.5×0.5σ (86396.4), hedef VWAP mesafesinin %100'i (83704); yönetim: breakeven 1R, kısmi %50 @ 1.5R, takip geri verme %50 | arm=vwap_revert_src | combo=band2_tp2 | combo_r=0.7781 | combo_n=7 | pick=exploit",
vwap_clone,ETH-USDT-SWAP,short,2026-09-22T15:30:00+00:00,2026-09-22T15:45:00+00:00,2741.12875,2756.052203,1.435268238,3934.255031,2751.924316,15.49453305,10,393.4255031,4.339461071,7.892735918,0,-25.75861847,stop,"VWAP sapma-dönüş (kaynak kuralları): kümülatif VWAP=2687.11 (300 bar), σ=7.53945; bu bar +7.22σ ile bandın dışında kapandı ve kapanış short yönünde döndü; stop 2.5×0.5σ (2751.92), hedef VWAP mesafesinin %100'i (2687.11); yönetim: breakeven 1R, kısmi %50 @ 1.5R, takip geri verme %50 | arm=vwap_revert_src | combo=band2_tp2 | combo_r=0.4617 | combo_n=5 | pick=exploit",
vwap_clone,XRP-USDT-SWAP,short,2026-09-22T15:45:00+00:00,2026-09-22T15:45:00+00:00,1.57371275,1.587190193,2487.294082,3914.286409,1.584812974,27.60952047,10,391.4286409,4.324152351,7.87096616,0,-37.84651672,stop,"VWAP sapma-dönüş (kaynak kuralları): kümülatif VWAP=1.47008 (300 bar), σ=0.0136173; bu bar +7.68σ ile bandın dışında kapandı ve kapanış short yönünde döndü; stop 1.5×0.5σ (1.58481), hedef VWAP mesafesinin %50'i (1.52234); yönetim: breakeven 1R, kısmi %50 @ 1.5R, takip geri verme %50 | arm=vwap_revert_src | combo=band0_tp0 | combo_r=-1.696 | combo_n=9 | pick=unexplored",
vwap_clone,ETHFI-USDT-SWAP,long,2026-09-22T15:00:00+00:00,2026-09-22T16:00:00+00:00,0.69164565,0.6823879778,5697.114255,3940.384292,0.6827293424,50.79722291,10,394.0384292,4.305414612,3.914001077,-0.1961516438,-57.2435827,stop,"VWAP sapma-dönüş (kaynak kuralları): kümülatif VWAP=0.722987 (300 bar), σ=0.00701653; bu bar -4.87σ ile bandın dışında kapandı ve kapanış long yönünde döndü; stop 2.5×0.5σ (0.682729), hedef VWAP mesafesinin %100'i (0.722987); yönetim: breakeven 1R, kısmi %50 @ 1.5R, takip geri verme %50 | arm=vwap_revert_src | combo=band2_tp2 | combo_r=0.04516 | combo_n=8 | pick=explore",
vwap_clone,DOGE-USDT-SWAP,short,2026-09-22T15:30:00+00:00,2026-09-22T16:30:00+00:00,0.09987004,0.09870780051,19686.52989,1966.094528,0.1006777525,15.90105593,10,196.6094528,2.150119726,1.954660505,0.1968259259,20.92716862,partial,"VWAP sapma-dönüş (kaynak kuralları): kümülatif VWAP=0.094354 (300 bar), σ=0.000997003; bu bar +5.51σ ile bandın dışında kapandı ve kapanış short yönünde döndü; stop 1.5×0.5σ (0.100678), hedef VWAP mesafesinin %100'i (0.094354); yönetim: breakeven 1R, kısmi %50 @ 1.5R, takip geri verme %50 | arm=vwap_revert_src | combo=band0_tp2 | combo_r=-0.7095 | combo_n=12 | pick=unexplored",
vwap_clone,DOGE-USDT-SWAP,short,2026-09-22T15:30:00+00:00,2026-09-22T16:45:00+00:00,0.09987004,0.09930874,19686.52989,1966.094528,0.1006777525,15.90105593,10,196.6094528,2.156626453,3.911713489,0.1968259259,9.090248701,stop,"VWAP sapma-dönüş (kaynak kuralları): kümülatif VWAP=0.094354 (300 bar), σ=0.000997003; bu bar +5.51σ ile bandın dışında kapandı ve kapanış short yönünde döndü; stop 1.5×0.5σ (0.100678), hedef VWAP mesafesinin %100'i (0.094354); yönetim: breakeven 1R, kısmi %50 @ 1.5R, takip geri verme %50 | arm=vwap_revert_src | combo=band0_tp2 | combo_r=-0.7095 | combo_n=12 | pick=unexplored",exit_rule=partial
vwap_clone,BTC-USDT-SWAP,short,2026-09-22T16:00:00+00:00,2026-09-22T16:45:00+00:00,86326.71505,86456.20512,0.04501428791,3885.935606,86565.30645,10.74002185,10,388.5935606,4.277735063,7.772843181,0,-10.10663847,stop,"VWAP sapma-dönüş (kaynak kuralları): kümülatif VWAP=83734.9 (300 bar), σ=156.325; bu bar +17.45σ ile bandın dışında kapandı ve kapanış short yönünde döndü; stop 2.5×0.5σ (86565.3), hedef VWAP mesafesinin %50'i (85052.4); yönetim: breakeven 1R, kısmi %50 @ 1.5R, takip geri verme %50 | arm=vwap_revert_src | combo=band2_tp0 | combo_r=-0.3865 | combo_n=4 | pick=explore",exit_rule=breakeven
vwap_clone,ETH-USDT-SWAP,short,2026-09-22T16:00:00+00:00,2026-09-22T16:45:00+00:00,2741.378625,2745.490693,1.416767085,3883.895003,2752.100256,15.19005442,10,388.3895003,4.275488717,7.768761466,0,-10.10133122,stop,"VWAP sapma-dönüş (kaynak kuralları): kümülatif VWAP=2687.59 (300 bar), σ=7.48021; bu bar +7.84σ ile bandın dışında kapandı ve kapanış short yönünde döndü; stop 2.5×0.5σ (2752.1), hedef VWAP mesafesinin %100'i (2687.59); yönetim: breakeven 1R, kısmi %50 @ 1.5R, takip geri verme %50 | arm=vwap_revert_src | combo=band2_tp2 | combo_r=0.1077 | combo_n=6 | pick=exploit",exit_rule=breakeven
vwap_clone,AVAX-USDT-SWAP,short,2026-09-22T17:00:00+00:00,2026-09-22T19:00:00+00:00,11.0614665,11.0780587,350.0649573,3872.231798,11.17999509,41.49270468,10,387.2231798,4.262649569,7.745432139,0,-10.07099727,stop,"VWAP sapma-dönüş (kaynak kuralları): kümülatif VWAP=10.6703 (300 bar), σ=0.111995; bu bar +3.65σ ile bandın dışında kapandı ve kapanış short yönünde döndü; stop 2×0.5σ (11.18), hedef VWAP mesafesinin %75'i (10.7697); yönetim: breakeven 1R, kısmi %50 @ 1.5R, takip geri verme %50 | arm=vwap_revert_src | combo=band1_tp1 | combo_r=-0.5079 | combo_n=21 | pick=unexplored",exit_rule=breakeven
vwap_clone,BNB-USDT-SWAP,short,2026-09-22T17:15:00+00:00,2026-09-22T19:00:00+00:00,788.30565,789.4881085,4.92126585,3879.461675,791.2006799,14.24721185,10,387.9461675,4.270608398,7.759893701,0,-10.08980091,stop,"VWAP sapma-dönüş (kaynak kuralları): kümülatif VWAP=779.868 (300 bar), σ=2.08054; bu bar +4.29σ ile bandın dışında kapandı ve kapanış short yönünde döndü; stop 2.5×0.5σ (791.201), hedef VWAP mesafesinin %50'i (784.234); yönetim: breakeven 1R, kısmi %50 @ 1.5R, takip geri verme %50 | arm=vwap_revert_src | combo=band2_tp0 | combo_r=-0.5674 | combo_n=10 | pick=unexplored",exit_rule=breakeven
vwap_clone,DOGE-USDT-SWAP,short,2026-09-22T17:15:00+00:00,2026-09-22T19:00:00+00:00,0.09937029,0.1004185671,39019.9573,3877.424473,0.1002681649,35.03503989,10,387.7424473,4.287663971,7.808371346,0,-45.19139313,stop,"VWAP sapma-dönüş (kaynak kuralları): kümülatif VWAP=0.0945844 (300 bar), σ=0.000678532; bu bar +7.18σ ile bandın dışında kapandı ve kapanış short yönünde döndü; stop 2.5×0.5σ (0.100268), hedef VWAP mesafesinin %75'i (0.0957933); yönetim: breakeven 1R, kısmi %50 @ 1.5R, takip geri verme %50 | arm=vwap_revert_src | combo=band2_tp1 | combo_r=-0.4946 | combo_n=13 | pick=unexplored",
vwap_clone,BTC-USDT-SWAP,short,2026-09-22T19:45:00+00:00,2026-09-22T19:45:00+00:00,86298.4292,86149.49715,0.02227606941,1922.389799,86426.41938,2.851118181,10,192.2389799,2.112804088,1.920732298,0,1.204816623,partial,"VWAP sapma-dönüş (kaynak kuralları): kümülatif VWAP=83896.9 (300 bar), σ=113.093; bu bar +21.71σ ile bandın dışında kapandı ve kapanış short yönünde döndü; stop 1.5×0.5σ (86426.4), hedef VWAP mesafesinin %50'i (85119.2); yönetim: breakeven 1R, kısmi %50 @ 1.5R, takip geri verme %50 | arm=vwap_revert_src | combo=band0_tp0 | combo_r=-1.664 | combo_n=10 | pick=explore",
vwap_clone,BTC-USDT-SWAP,short,2026-09-22T19:45:00+00:00,2026-09-22T20:00:00+00:00,86298.4292,86281.52845,0.02227606941,1922.389799,86426.41938,2.851118181,10,192.2389799,2.114421714,3.84037766,0,-1.737939434,stop,"VWAP sapma-dönüş (kaynak kuralları): kümülatif VWAP=83896.9 (300 bar), σ=113.093; bu bar +21.71σ ile bandın dışında kapandı ve kapanış short yönünde döndü; stop 1.5×0.5σ (86426.4), hedef VWAP mesafesinin %50'i (85119.2); yönetim: breakeven 1R, kısmi %50 @ 1.5R, takip geri verme %50 | arm=vwap_revert_src | combo=band0_tp0 | combo_r=-1.664 | combo_n=10 | pick=explore",exit_rule=partial
vwap_clone,SOL-USDT-SWAP,short,2026-09-22T20:15:00+00:00,2026-09-22T20:15:00+00:00,117.80107,118.4210668,32.68954839,3850.863778,118.2437012,14.46941475,10,385.0863778,4.247097233,7.724394875,0,-24.51451178,stop,"VWAP sapma-dönüş (kaynak kuralları): kümülatif VWAP=114.114 (300 bar), σ=0.393701; bu bar +9.78σ ile bandın dışında kapandı ve kapanış short yönünde döndü; stop 2×0.5σ (118.244), hedef VWAP mesafesinin %100'i (114.114); yönetim: breakeven 1R, kısmi %50 @ 1.5R, takip geri verme %50 | arm=vwap_revert_src | combo=band1_tp2 | combo_r=0.4342 | combo_n=5 | pick=exploit",
vwap_clone,AVAX-USDT-SWAP,short,2026-09-22T19:30:00+00:00,2026-09-22T20:45:00+00:00,11.000497,11.01699775,350.8135374,3859.123266,11.08295087,28.92593405,10,385.9123266,4.248219369,7.719211794,0,-10.03690427,stop,"VWAP sapma-dönüş (kaynak kuralları): kümülatif VWAP=10.7053 (300 bar), σ=0.0615607; bu bar +4.89σ ile bandın dışında kapandı ve kapanış short yönünde döndü; stop 2.5×0.5σ (11.083), hedef VWAP mesafesinin %100'i (10.7053); yönetim: breakeven 1R, kısmi %50 @ 1.5R, takip geri verme %50 | arm=vwap_revert_src | combo=band2_tp2 | combo_r=-0.005798 | combo_n=36 | pick=explore",exit_rule=breakeven
vwap_clone,ETH-USDT-SWAP,short,2026-09-22T19:45:00+00:00,2026-09-22T22:00:00+00:00,2751.133745,2738.06214,0.6983958187,1921.380304,2760.760379,6.723201121,10,192.1380304,2.1084973,1.916818489,0,7.020656631,partial,"VWAP sapma-dönüş (kaynak kuralları): kümülatif VWAP=2691.25 (300 bar), σ=6.6083; bu bar +9.54σ ile bandın dışında kapandı ve kapanış short yönünde döndü; stop 2.5×0.5σ (2760.76), hedef VWAP mesafesinin %100'i (2691.25); yönetim: breakeven 1R, kısmi %50 @ 1.5R, takip geri verme %50 | arm=vwap_revert_src | combo=band2_tp2 | combo_r=-0.00269 | combo_n=7 | pick=exploit",
vwap_clone,ETHFI-USDT-SWAP,long,2026-09-22T16:45:00+00:00,2026-09-22T22:15:00+00:00,0.6861429,0.7002234358,2835.878688,1945.818027,0.6765223516,27.28270826,10,194.5818027,2.16236171,1.965793847,0,37.76832963,partial,"VWAP sapma-dönüş (kaynak kuralları): kümülatif VWAP=0.721883 (300 bar), σ=0.00927765; bu bar -4.04σ ile bandın dışında kapandı ve kapanış long yönünde döndü; stop 2×0.5σ (0.676522), hedef VWAP mesafesinin %100'i (0.721883); yönetim: breakeven 1R, kısmi %50 @ 1.5R, takip geri verme %50 | arm=vwap_revert_src | combo=band1_tp2 | combo_r=-0.4722 | combo_n=18 | pick=explore",
vwap_clone,ETH-USDT-SWAP,short,2026-09-22T19:45:00+00:00,2026-09-22T22:15:00+00:00,2751.133745,2742.617765,0.6983958187,1921.380304,2760.760379,6.723201121,10,192.1380304,2.110247196,3.830016638,0,3.837277628,stop,"VWAP sapma-dönüş (kaynak kuralları): kümülatif VWAP=2691.25 (300 bar), σ=6.6083; bu bar +9.54σ ile bandın dışında kapandı ve kapanış short yönünde döndü; stop 2.5×0.5σ (2760.76), hedef VWAP mesafesinin %100'i (2691.25); yönetim: breakeven 1R, kısmi %50 @ 1.5R, takip geri verme %50 | arm=vwap_revert_src | combo=band2_tp2 | combo_r=-0.00269 | combo_n=7 | pick=exploit",exit_rule=partial
vwap_clone,ETHFI-USDT-SWAP,long,2026-09-22T16:45:00+00:00,2026-09-22T22:30:00+00:00,0.6861429,0.69855055,2835.878688,1945.818027,0.6765223516,27.28270826,10,194.5818027,2.159752454,1.96342061,0,33.02683775,stop,"VWAP sapma-dönüş (kaynak kuralları): kümülatif VWAP=0.721883 (300 bar), σ=0.00927765; bu bar -4.04σ ile bandın dışında kapandı ve kapanış long yönünde döndü; stop 2×0.5σ (0.676522), hedef VWAP mesafesinin %100'i (0.721883); yönetim: breakeven 1R, kısmi %50 @ 1.5R, takip geri verme %50 | arm=vwap_revert_src | combo=band1_tp2 | combo_r=-0.4722 | combo_n=18 | pick=explore",exit_rule=partial
vwap_clone,BTC-USDT-SWAP,short,2026-09-22T20:45:00+00:00,2026-09-22T22:30:00+00:00,86228.4642,86357.8069,0.04458864552,3844.810424,86433.63758,9.148403173,10,384.4810424,4.232463435,7.690582532,0,-9.999679071,stop,"VWAP sapma-dönüş (kaynak kuralları): kümülatif VWAP=83926.9 (300 bar), σ=129.55; bu bar +18.03σ ile bandın dışında kapandı ve kapanış short yönünde döndü; stop 2.5×0.5σ (86433.6), hedef VWAP mesafesinin %100'i (83926.9); yönetim: breakeven 1R, kısmi %50 @ 1.5R, takip geri verme %50 | arm=vwap_revert_src | combo=band2_tp2 | combo_r=0.4169 | combo_n=8 | pick=explore",exit_rule=breakeven
vwap_clone,SOL-USDT-SWAP,short,2026-09-22T21:00:00+00:00,2026-09-22T22:30:00+00:00,117.84105,118.463283,32.5420721,3834.791945,118.2858542,14.47484953,10,383.4791945,4.229407952,7.692255342,0,-24.47815768,stop,"VWAP sapma-dönüş (kaynak kuralları): kümülatif VWAP=114.171 (300 bar), σ=0.385854; bu bar +9.71σ ile bandın dışında kapandı ve kapanış short yönünde döndü; stop 2×0.5σ (118.286), hedef VWAP mesafesinin %100'i (114.171); yönetim: breakeven 1R, kısmi %50 @ 1.5R, takip geri verme %50 | arm=vwap_revert_src | combo=band1_tp2 | combo_r=0.07947 | combo_n=6 | pick=exploit",
vwap_clone,ETHFI-USDT-SWAP,long,2026-09-22T22:45:00+00:00,2026-09-22T22:45:00+00:00,0.7047522,0.701094623,5460.776784,3848.494452,0.7014453456,18.05799353,10,384.8494452,4.222358631,3.838503812,0,-24.19557039,stop,"VWAP sapma-dönüş (kaynak kuralları): kümülatif VWAP=0.719443 (300 bar), σ=0.00407287; bu bar -4.11σ ile bandın dışında kapandı ve kapanış long yönünde döndü; stop 1.5×0.5σ (0.701445), hedef VWAP mesafesinin %50'i (0.711971); yönetim: breakeven 1R, kısmi %50 @ 1.5R, takip geri verme %50 | arm=vwap_revert_src | combo=band0_tp0 | combo_r=-1.402 | combo_n=12 | pick=explore",
vwap_clone,BTC-USDT-SWAP,short,2026-09-22T23:00:00+00:00,2026-09-22T23:00:00+00:00,86039.05895,86391.50153,0.0445890124,3836.396667,86262.10837,9.945553183,10,383.6396667,4.22867962,7.688671242,0,-19.94374613,stop,"VWAP sapma-dönüş (kaynak kuralları): kümülatif VWAP=83975 (300 bar), σ=144.007; bu bar +14.99σ ile bandın dışında kapandı ve kapanış short yönünde döndü; stop 2.5×0.5σ (86262.1), hedef VWAP mesafesinin %100'i (83975); yönetim: breakeven 1R, kısmi %50 @ 1.5R, takip geri verme %50 | arm=vwap_revert_src | combo=band2_tp2 | combo_r=0.2491 | combo_n=9 | pick=exploit",
vwap_clone,ETH-USDT-SWAP,short,2026-09-22T23:00:00+00:00,2026-09-22T23:00:00+00:00,2750.653985,2761.705373,1.393989247,3834.382079,2757.56902,9.63948403,10,383.4382079,4.226293321,7.684182458,0,-19.63180969,stop,"VWAP sapma-dönüş (kaynak kuralları): kümülatif VWAP=2693.53 (300 bar), σ=4.43122; bu bar +13.74σ ile bandın dışında kapandı ve kapanış short yönünde döndü; stop 2.5×0.5σ (2757.57), hedef VWAP mesafesinin %100'i (2693.53); yönetim: breakeven 1R, kısmi %50 @ 1.5R, takip geri verme %50 | arm=vwap_revert_src | combo=band2_tp2 | combo_r=0.1774 | combo_n=9 | pick=exploit",
vwap_clone,SOL-USDT-SWAP,short,2026-09-22T23:00:00+00:00,2026-09-22T23:00:00+00:00,118.36079,118.8005659,32.37870032,3832.368549,118.622632,8.478102715,10,383.2368549,4.223437058,7.678412823,0,-18.46280975,stop,"VWAP sapma-dönüş (kaynak kuralları): kümülatif VWAP=114.315 (300 bar), σ=0.212632; bu bar +19.74σ ile bandın dışında kapandı ve kapanış short yönünde döndü; stop 2×0.5σ (118.623), hedef VWAP mesafesinin %100'i (114.315); yönetim: breakeven 1R, kısmi %50 @ 1.5R, takip geri verme %50 | arm=vwap_revert_src | combo=band1_tp2 | combo_r=-0.1735 | combo_n=7 | pick=exploit",
vwap_clone,BTC-USDT-SWAP,short,2026-09-22T23:30:00+00:00,2026-09-23T00:15:00+00:00,86138.7091,86466.90761,0.04420054031,3807.377484,86337.40151,8.782311989,10,380.7377484,4.196093836,7.628880756,0.08112538363,-18.62152013,stop,"VWAP sapma-dönüş (kaynak kuralları): kümülatif VWAP=83992.2 (300 bar), σ=124.481; bu bar +18.11σ ile bandın dışında kapandı ve kapanış short yönünde döndü; stop 2.5×0.5σ (86337.4), hedef VWAP mesafesinin %100'i (83992.2); yönetim: breakeven 1R, kısmi %50 @ 1.5R, takip geri verme %50 | arm=vwap_revert_src | combo=band2_tp2 | combo_r=0.02365 | combo_n=10 | pick=exploit",
vwap_clone,SOL-USDT-SWAP,short,2026-09-22T23:30:00+00:00,2026-09-23T00:15:00+00:00,118.48073,119.0756833,32.10125254,3803.379835,118.8973373,13.37361607,10,380.3379835,4.194222129,7.627771415,0.1550391535,-23.13792922,stop,"VWAP sapma-dönüş (kaynak kuralları): kümülatif VWAP=114.36 (300 bar), σ=0.27787; bu bar +15.56σ ile bandın dışında kapandı ve kapanış short yönünde döndü; stop 2.5×0.5σ (118.897), hedef VWAP mesafesinin %100'i (114.36); yönetim: breakeven 1R, kısmi %50 @ 1.5R, takip geri verme %50 | arm=vwap_revert_src | combo=band2_tp2 | combo_r=-0.3428 | combo_n=5 | pick=exploit",
vwap_clone,ETH-USDT-SWAP,short,2026-09-22T23:30:00+00:00,2026-09-23T00:30:00+00:00,2755.331645,2767.805902,1.381096225,3805.378135,2763.660412,11.50282846,10,380.5378135,4.19539143,7.628962332,0.3107228966,-21.11281844,stop,"VWAP sapma-dönüş (kaynak kuralları): kümülatif VWAP=2694.22 (300 bar), σ=5.56033; bu bar +11.82σ ile bandın dışında kapandı ve kapanış short yönünde döndü; stop 2.5×0.5σ (2763.66), hedef VWAP mesafesinin %100'i (2694.22); yönetim: breakeven 1R, kısmi %50 @ 1.5R, takip geri verme %50 | arm=vwap_revert_src | combo=band2_tp2 | combo_r=-0.04404 | combo_n=10 | pick=exploit",
vwap_clone,DOGE-USDT-SWAP,short,2026-09-23T00:30:00+00:00,2026-09-23T01:00:00+00:00,0.10060967,0.1012057103,37615.28557,3784.461468,0.1010541291,16.71845492,10,378.4461468,4.175238738,7.594947207,0,-26.59546354,stop,"VWAP sapma-dönüş (kaynak kuralları): kümülatif VWAP=0.0952322 (300 bar), σ=0.000315303; bu bar +17.84σ ile bandın dışında kapandı ve kapanış short yönünde döndü; stop 2.5×0.5σ (0.101054), hedef VWAP mesafesinin %50'i (0.0979461); yönetim: breakeven 1R, kısmi %50 @ 1.5R, takip geri verme %50 | arm=vwap_revert_src | combo=band2_tp0 | combo_r=-0.5802 | combo_n=11 | pick=unexplored",
vwap_clone,BTC-USDT-SWAP,short,2026-09-23T00:45:00+00:00,2026-09-23T01:00:00+00:00,86374.29125,86657.09669,0.04377505474,3781.039328,86527.30573,6.698217092,10,378.1039328,4.165952164,7.573071714,0,-16.54577557,stop,"VWAP sapma-dönüş (kaynak kuralları): kümülatif VWAP=84046.6 (300 bar), σ=87.8446; bu bar +27.37σ ile bandın dışında kapandı ve kapanış short yönünde döndü; stop 2.5×0.5σ (86527.3), hedef VWAP mesafesinin %100'i (84046.6); yönetim: breakeven 1R, kısmi %50 @ 1.5R, takip geri verme %50 | arm=vwap_revert_src | combo=band2_tp2 | combo_r=-0.1713 | combo_n=11 | pick=exploit",
vwap_clone,ADA-USDT-SWAP,short,2026-09-23T00:30:00+00:00,2026-09-23T01:30:00+00:00,0.2554722,0.2524040901,7402.907542,1891.237076,0.2576016992,15.76448586,10,189.1237076,2.06786867,1.879886758,0,20.64506494,partial,"VWAP sapma-dönüş (kaynak kuralları): kümülatif VWAP=0.239472 (300 bar), σ=0.00168136; bu bar +9.95σ ile bandın dışında kapandı ve kapanış short yönünde döndü; stop 2.5×0.5σ (0.257602), hedef VWAP mesafesinin %100'i (0.239472); yönetim: breakeven 1R, kısmi %50 @ 1.5R, takip geri verme %50 | arm=vwap_revert_src | combo=band2_tp2 | combo_r=-0.1801 | combo_n=44 | pick=unexplored",
vwap_clone,ADA-USDT-SWAP,short,2026-09-23T00:30:00+00:00,2026-09-23T01:45:00+00:00,0.2554722,0.2533795,7402.907542,1891.237076,0.2576016992,15.76448586,10,189.1237076,2.071840148,3.755494996,0,13.42022446,stop,"VWAP sapma-dönüş (kaynak kuralları): kümülatif VWAP=0.239472 (300 bar), σ=0.00168136; bu bar +9.95σ ile bandın dışında kapandı ve kapanış short yönünde döndü; stop 2.5×0.5σ (0.257602), hedef VWAP mesafesinin %100'i (0.239472); yönetim: breakeven 1R, kısmi %50 @ 1.5R, takip geri verme %50 | arm=vwap_revert_src | combo=band2_tp2 | combo_r=-0.1801 | combo_n=44 | pick=unexplored",exit_rule=partial
vwap_clone,BTC-USDT-SWAP,short,2026-09-23T01:30:00+00:00,2026-09-23T01:45:00+00:00,86552.702,86266.67943,0.02169825913,1878.042956,86772.1249,4.761094995,10,187.8042956,2.062433846,1.87494188,0,4.143757989,partial,"VWAP sapma-dönüş (kaynak kuralları): kümülatif VWAP=84072.2 (300 bar), σ=140.82; bu bar +18.04σ ile bandın dışında kapandı ve kapanış short yönünde döndü; stop 2.5×0.5σ (86772.1), hedef VWAP mesafesinin %100'i (84072.2); yönetim: breakeven 1R, kısmi %50 @ 1.5R, takip geri verme %50 | arm=vwap_revert_src | combo=band2_tp2 | combo_r=-0.3628 | combo_n=12 | pick=exploit",
vwap_clone,ETH-USDT-SWAP,short,2026-09-23T01:30:00+00:00,2026-09-23T01:45:00+00:00,2764.626995,2751.167296,0.6789547929,1877.056749,2774.516725,6.714679544,10,187.7056749,2.059736234,1.872490238,0,7.078790717,partial,"VWAP sapma-dönüş (kaynak kuralları): kümülatif VWAP=2696.21 (300 bar), σ=6.79738; bu bar +10.45σ ile bandın dışında kapandı ve kapanış short yönünde döndü; stop 2.5×0.5σ (2774.52), hedef VWAP mesafesinin %100'i (2696.21); yönetim: breakeven 1R, kısmi %50 @ 1.5R, takip geri verme %50 | arm=vwap_revert_src | combo=band2_tp2 | combo_r=-0.2069 | combo_n=11 | pick=exploit",
vwap_clone,BTC-USDT-SWAP,short,2026-09-23T01:30:00+00:00,2026-09-23T02:00:00+00:00,86552.702,86447.77745,0.02169825913,1878.042956,86772.1249,4.761094995,10,187.8042956,2.064595078,3.748926485,0,0.212084997,stop,"VWAP sapma-dönüş (kaynak kuralları): kümülatif VWAP=84072.2 (300 bar), σ=140.82; bu bar +18.04σ ile bandın dışında kapandı ve kapanış short yönünde döndü; stop 2.5×0.5σ (86772.1), hedef VWAP mesafesinin %100'i (84072.2); yönetim: breakeven 1R, kısmi %50 @ 1.5R, takip geri verme %50 | arm=vwap_revert_src | combo=band2_tp2 | combo_r=-0.3628 | combo_n=12 | pick=exploit",exit_rule=partial
vwap_clone,ETH-USDT-SWAP,short,2026-09-23T01:30:00+00:00,2026-09-23T02:00:00+00:00,2764.626995,2756.90917,0.6789547929,1877.056749,2774.516725,6.714679544,10,187.7056749,2.061880394,3.742517635,0,3.17817388,stop,"VWAP sapma-dönüş (kaynak kuralları): kümülatif VWAP=2696.21 (300 bar), σ=6.79738; bu bar +10.45σ ile bandın dışında kapandı ve kapanış short yönünde döndü; stop 2.5×0.5σ (2774.52), hedef VWAP mesafesinin %100'i (2696.21); yönetim: breakeven 1R, kısmi %50 @ 1.5R, takip geri verme %50 | arm=vwap_revert_src | combo=band2_tp2 | combo_r=-0.2069 | combo_n=11 | pick=exploit",exit_rule=partial
vwap_clone,BNB-USDT-SWAP,short,2026-09-23T02:00:00+00:00,2026-09-23T02:15:00+00:00,787.90585,792.4045446,4.800759941,3782.546842,791.217718,15.89948319,10,378.2546842,4.17267996,7.589889018,0,-25.76983264,stop,"VWAP sapma-dönüş (kaynak kuralları): kümülatif VWAP=781.811 (300 bar), σ=2.81772; bu bar +2.15σ ile bandın dışında kapandı ve kapanış short yönünde döndü; stop 2×0.5σ (791.218), hedef VWAP mesafesinin %100'i (781.811); yönetim: breakeven 1R, kısmi %50 @ 1.5R, takip geri verme %50 | arm=vwap_revert_src | combo=band1_tp2 | combo_r=-0.4986 | combo_n=23 | pick=unexplored",
vwap_clone,ETH-USDT-SWAP,short,2026-09-23T02:15:00+00:00,2026-09-23T02:15:00+00:00,2750.034295,2764.242247,1.374122431,3778.883811,2760.102094,13.83438875,10,377.8883811,4.167510098,7.579464398,0,-23.69097615,stop,"VWAP sapma-dönüş (kaynak kuralları): kümülatif VWAP=2696.82 (300 bar), σ=6.95368; bu bar +7.62σ ile bandın dışında kapandı ve kapanış short yönünde döndü; stop 2.5×0.5σ (2760.1), hedef VWAP mesafesinin %100'i (2696.82); yönetim: breakeven 1R, kısmi %50 @ 1.5R, takip geri verme %50 | arm=vwap_revert_src | combo=band2_tp2 | combo_r=-0.05756 | combo_n=13 | pick=exploit",
vwap_clone,SOL-USDT-SWAP,short,2026-09-23T02:15:00+00:00,2026-09-23T02:15:00+00:00,117.98098,118.5743706,32.01278227,3776.899424,118.3967754,13.3107691,10,377.6899424,4.165037213,7.574709699,0,-23.1611216,stop,"VWAP sapma-dönüş (kaynak kuralları): kümülatif VWAP=114.561 (300 bar), σ=0.366775; bu bar +9.52σ ile bandın dışında kapandı ve kapanış short yönünde döndü; stop 2×0.5σ (118.397), hedef VWAP mesafesinin %100'i (114.561); yönetim: breakeven 1R, kısmi %50 @ 1.5R, takip geri verme %50 | arm=vwap_revert_src | combo=band1_tp2 | combo_r=-0.424 | combo_n=8 | pick=exploit",
vwap_clone,AVAX-USDT-SWAP,short,2026-09-23T02:30:00+00:00,2026-09-23T02:30:00+00:00,11.1174385,11.24535342,336.6241975,3742.398814,11.22851066,37.38957631,10,374.2398814,4.140321288,7.54181806,0,-47.19958018,stop,"VWAP sapma-dönüş (kaynak kuralları): kümülatif VWAP=10.7848 (300 bar), σ=0.0844085; bu bar +4.23σ ile bandın dışında kapandı ve kapanış short yönünde döndü; stop 2.5×0.5σ (11.2285), hedef VWAP mesafesinin %100'i (10.7848); yönetim: breakeven 1R, kısmi %50 @ 1.5R, takip geri verme %50 | arm=vwap_revert_src | combo=band2_tp2 | combo_r=-0.1762 | combo_n=53 | pick=exploit",
vwap_clone,PENGU-USDT-SWAP,short,2026-09-23T02:30:00+00:00,2026-09-23T02:45:00+00:00,0.009909043,0.009938886,377476.7741,3740.433586,0.009970697537,23.27315583,10,374.0433586,4.120672717,7.490271629,0,-15.38571209,stop,"VWAP sapma-dönüş (kaynak kuralları): kümülatif VWAP=0.00883998 (300 bar), σ=7.42634e-05; bu bar +14.70σ ile bandın dışında kapandı ve kapanış short yönünde döndü; stop 1.5×0.5σ (0.0099707), hedef VWAP mesafesinin %100'i (0.00883998); yönetim: breakeven 1R, kısmi %50 @ 1.5R, takip geri verme %50 | arm=vwap_revert_src | combo=band0_tp2 | combo_r=-0.4733 | combo_n=14 | pick=unexplored",exit_rule=breakeven
vwap_clone,BTC-USDT-SWAP,short,2026-09-23T02:45:00+00:00,2026-09-23T03:15:00+00:00,86400.27825,86684.4117,0.04304942662,3719.482438,86554.57983,6.642594514,10,371.9482438,4.098158162,7.449859104,0,-16.32994023,stop,"VWAP sapma-dönüş (kaynak kuralları): kümülatif VWAP=84107.2 (300 bar), σ=147.973; bu bar +15.98σ ile bandın dışında kapandı ve kapanış short yönünde döndü; stop 1.5×0.5σ (86554.6), hedef VWAP mesafesinin %100'i (84107.2); yönetim: breakeven 1R, kısmi %50 @ 1.5R, takip geri verme %50 | arm=vwap_revert_src | combo=band0_tp2 | combo_r=-0.4733 | combo_n=14 | pick=explore",
vwap_clone,XRP-USDT-SWAP,short,2026-09-23T03:15:00+00:00,2026-09-23T03:15:00+00:00,1.59410255,1.604825694,2318.233087,3695.501275,1.602422061,19.28656554,10,369.5501275,4.078723714,7.420856736,0,-28.93747102,stop,"VWAP sapma-dönüş (kaynak kuralları): kümülatif VWAP=1.49252 (300 bar), σ=0.00752206; bu bar +13.46σ ile bandın dışında kapandı ve kapanış short yönünde döndü; stop 2×0.5σ (1.60242), hedef VWAP mesafesinin %50'i (1.54371); yönetim: breakeven 1R, kısmi %50 @ 1.5R, takip geri verme %50 | arm=vwap_revert_src | combo=band1_tp0 | combo_r=-0.4665 | combo_n=18 | pick=unexplored",
vwap_clone,NEAR-USDT-SWAP,short,2026-09-23T02:30:00+00:00,2026-09-23T03:30:00+00:00,4.3148415,4.371664148,866.421024,3738.469391,4.365116473,43.55929374,10,373.8469391,4.139394115,7.543212807,0,-53.37173088,stop,"VWAP sapma-dönüş (kaynak kuralları): kümülatif VWAP=4.16573 (300 bar), σ=0.0384932; bu bar +4.13σ ile bandın dışında kapandı ve kapanış short yönünde döndü; stop 2.5×0.5σ (4.36512), hedef VWAP mesafesinin %100'i (4.16573); yönetim: breakeven 1R, kısmi %50 @ 1.5R, takip geri verme %50 | arm=vwap_revert_src | combo=band2_tp2 | combo_r=0.6929 | combo_n=3 | pick=exploit",
vwap_clone,AVAX-USDT-SWAP,short,2026-09-23T03:30:00+00:00,2026-09-23T03:30:00+00:00,11.2453745,11.36714388,326.5532287,3672.213351,11.3501187,34.20455706,10,367.2213351,4.061304987,7.39665205,0,-43.82548891,stop,"VWAP sapma-dönüş (kaynak kuralları): kümülatif VWAP=10.8005 (300 bar), σ=0.079295; bu bar +5.83σ ile bandın dışında kapandı ve kapanış short yönünde döndü; stop 2.5×0.5σ (11.3501), hedef VWAP mesafesinin %100'i (10.8005); yönetim: breakeven 1R, kısmi %50 @ 1.5R, takip geri verme %50 | arm=vwap_revert_src | combo=band2_tp2 | combo_r=-0.5642 | combo_n=3 | pick=explore",
vwap_clone,BTC-USDT-SWAP,short,2026-09-23T04:00:00+00:00,2026-09-23T04:15:00+00:00,86619.0688,87000.23126,0.04202162298,3639.873852,86869.92637,10.54144234,10,363.9873852,4.012670623,7.296470291,0,-20.02973591,stop,"VWAP sapma-dönüş (kaynak kuralları): kümülatif VWAP=84142.6 (300 bar), σ=166.101; bu bar +15.55σ ile bandın dışında kapandı ve kapanış short yönünde döndü; stop 2.5×0.5σ (86869.9), hedef VWAP mesafesinin %100'i (84142.6); yönetim: breakeven 1R, kısmi %50 @ 1.5R, takip geri verme %50 | arm=vwap_revert_src | combo=band2_tp2 | combo_r=-0.2457 | combo_n=14 | pick=exploit",
vwap_clone,ETH-USDT-SWAP,short,2026-09-23T04:00:00+00:00,2026-09-23T04:15:00+00:00,2771.49356,2786.053525,1.312636087,3637.962463,2781.880704,13.63454064,10,363.7962463,4.012270274,7.297286683,0,-23.12420642,stop,"VWAP sapma-dönüş (kaynak kuralları): kümülatif VWAP=2698.46 (300 bar), σ=7.20056; bu bar +10.71σ ile bandın dışında kapandı ve kapanış short yönünde döndü; stop 2.5×0.5σ (2781.88), hedef VWAP mesafesinin %100'i (2698.46); yönetim: breakeven 1R, kısmi %50 @ 1.5R, takip geri verme %50 | arm=vwap_revert_src | combo=band2_tp2 | combo_r=-0.1758 | combo_n=14 | pick=exploit",
vwap_clone,SOL-USDT-SWAP,short,2026-09-23T04:00:00+00:00,2026-09-23T04:15:00+00:00,119.00047,119.5911059,30.5549388,3636.052078,119.4119879,12.57390454,10,363.6052078,4.00958305,7.29187448,0,-22.05642657,stop,"VWAP sapma-dönüş (kaynak kuralları): kümülatif VWAP=114.672 (300 bar), σ=0.361988; bu bar +12.58σ ile bandın dışında kapandı ve kapanış short yönünde döndü; stop 2×0.5σ (119.412), hedef VWAP mesafesinin %50'i (116.861); yönetim: breakeven 1R, kısmi %50 @ 1.5R, takip geri verme %50 | arm=vwap_revert_src | combo=band1_tp0 | combo_r=-0.5209 | combo_n=19 | pick=explore",
vwap_clone,NEAR-USDT-SWAP,short,2026-09-23T04:30:00+00:00,2026-09-23T05:00:00+00:00,4.361818,4.412869387,826.1420188,3603.481128,4.406259997,36.71540121,10,360.3481128,3.987025874,7.262936679,0,-46.16272188,stop,"VWAP sapma-dönüş (kaynak kuralları): kümülatif VWAP=4.1743 (300 bar), σ=0.034608; bu bar +5.66σ ile bandın dışında kapandı ve kapanış short yönünde döndü; stop 2.5×0.5σ (4.40626), hedef VWAP mesafesinin %100'i (4.1743); yönetim: breakeven 1R, kısmi %50 @ 1.5R, takip geri verme %50 | arm=vwap_revert_src | combo=band2_tp2 | combo_r=0.2134 | combo_n=4 | pick=exploit",
vwap_clone,DOGE-USDT-SWAP,short,2026-09-23T04:30:00+00:00,2026-09-23T05:45:00+00:00,0.103818065,0.1016084499,17373.02977,1803.634334,0.1053249943,26.17992734,10,180.3634334,1.962884527,1.784450522,0,36.42482426,partial,"VWAP sapma-dönüş (kaynak kuralları): kümülatif VWAP=0.0958045 (300 bar), σ=0.001164; bu bar +6.90σ ile bandın dışında kapandı ve kapanış short yönünde döndü; stop 2.5×0.5σ (0.105325), hedef VWAP mesafesinin %100'i (0.0958045); yönetim: breakeven 1R, kısmi %50 @ 1.5R, takip geri verme %50 | arm=vwap_revert_src | combo=band2_tp2 | combo_r=-0.288 | combo_n=58 | pick=exploit",
vwap_clone,BTC-USDT-SWAP,short,2026-09-23T05:15:00+00:00,2026-09-23T05:45:00+00:00,86845.25565,86479.76977,0.02075006506,1802.044705,87117.72509,5.653758559,10,180.2044705,1.978078055,1.798255123,0,5.605777751,partial,"VWAP sapma-dönüş (kaynak kuralları): kümülatif VWAP=84216.8 (300 bar), σ=229.125; bu bar +11.94σ ile bandın dışında kapandı ve kapanış short yönünde döndü; stop 2×0.5σ (87117.7), hedef VWAP mesafesinin %50'i (85552.7); yönetim: breakeven 1R, kısmi %50 @ 1.5R, takip geri verme %50 | arm=vwap_revert_src | combo=band1_tp0 | combo_r=-0.3774 | combo_n=3 | pick=explore",
vwap_clone,DOGE-USDT-SWAP,short,2026-09-23T04:30:00+00:00,2026-09-23T06:00:00+00:00,0.103818065,0.1017100076,17373.02977,1803.634334,0.1053249943,26.17992734,10,180.3634334,1.963854928,3.548814965,0,34.65948942,stop,"VWAP sapma-dönüş (kaynak kuralları): kümülatif VWAP=0.0958045 (300 bar), σ=0.001164; bu bar +6.90σ ile bandın dışında kapandı ve kapanış short yönünde döndü; stop 2.5×0.5σ (0.105325), hedef VWAP mesafesinin %100'i (0.0958045); yönetim: breakeven 1R, kısmi %50 @ 1.5R, takip geri verme %50 | arm=vwap_revert_src | combo=band2_tp2 | combo_r=-0.288 | combo_n=58 | pick=exploit",exit_rule=partial
vwap_clone,BTC-USDT-SWAP,short,2026-09-23T05:15:00+00:00,2026-09-23T06:00:00+00:00,86845.25565,86587.38655,0.02075006506,1802.044705,87117.72509,5.653758559,10,180.2044705,1.979306235,3.592477439,0,3.371494367,stop,"VWAP sapma-dönüş (kaynak kuralları): kümülatif VWAP=84216.8 (300 bar), σ=229.125; bu bar +11.94σ ile bandın dışında kapandı ve kapanış short yönünde döndü; stop 2×0.5σ (87117.7), hedef VWAP mesafesinin %50'i (85552.7); yönetim: breakeven 1R, kısmi %50 @ 1.5R, takip geri verme %50 | arm=vwap_revert_src | combo=band1_tp0 | combo_r=-0.3774 | combo_n=3 | pick=explore",exit_rule=partial
vwap_clone,ETH-USDT-SWAP,short,2026-09-23T06:30:00+00:00,2026-09-23T07:30:00+00:00,2753.432595,2734.410647,0.6566473522,1808.034223,2767.024908,8.925356452,10,180.8034223,1.981967754,1.80179244,0,10.50874383,partial,"VWAP sapma-dönüş (kaynak kuralları): kümülatif VWAP=2706.65 (300 bar), σ=9.77993; bu bar +5.14σ ile bandın dışında kapandı ve kapanış short yönünde döndü; stop 2.5×0.5σ (2767.02), hedef VWAP mesafesinin %75'i (2718.69); yönetim: breakeven 1R, kısmi %50 @ 1.5R, takip geri verme %50 | arm=vwap_revert_src | combo=band2_tp1 | combo_r=-0.2469 | combo_n=4 | pick=exploit",
vwap_clone,ETH-USDT-SWAP,short,2026-09-23T06:30:00+00:00,2026-09-23T07:45:00+00:00,2753.432595,2742.60775,0.6566473522,1808.034223,2767.024908,8.925356452,10,180.8034223,1.984928187,3.601812507,0,5.12317762,stop,"VWAP sapma-dönüş (kaynak kuralları): kümülatif VWAP=2706.65 (300 bar), σ=9.77993; bu bar +5.14σ ile bandın dışında kapandı ve kapanış short yönünde döndü; stop 2.5×0.5σ (2767.02), hedef VWAP mesafesinin %75'i (2718.69); yönetim: breakeven 1R, kısmi %50 @ 1.5R, takip geri verme %50 | arm=vwap_revert_src | combo=band2_tp1 | combo_r=-0.2469 | combo_n=4 | pick=exploit",exit_rule=partial
vwap_clone,PENGU-USDT-SWAP,short,2026-09-23T08:00:00+00:00,2026-09-23T08:15:00+00:00,0.0107516215,0.01098208216,338624.7089,3640.764701,0.01096563371,72.46982162,10,364.0764701,4.047762991,7.391144781,0,-82.0874364,stop,"VWAP sapma-dönüş (kaynak kuralları): kümülatif VWAP=0.00915382 (300 bar), σ=0.000168507; bu bar +9.85σ ile bandın dışında kapandı ve kapanış short yönünde döndü; stop 2.5×0.5σ (0.0109656), hedef VWAP mesafesinin %50'i (0.00995441); yönetim: breakeven 1R, kısmi %50 @ 1.5R, takip geri verme %50 | arm=vwap_revert_src | combo=band2_tp0 | combo_r=-0.6644 | combo_n=12 | pick=unexplored",
vwap_clone,AVAX-USDT-SWAP,short,2026-09-23T04:30:00+00:00,2026-09-23T08:45:00+00:00,11.172411,11.0237245,161.3516725,1802.6872,11.27520807,16.5864792,10,180.26872,1.969760972,1.790698238,0.1797134928,22.20076759,partial,"VWAP sapma-dönüş (kaynak kuralları): kümülatif VWAP=10.836 (300 bar), σ=0.0777665; bu bar +4.65σ ile bandın dışında kapandı ve kapanış short yönünde döndü; stop 2.5×0.5σ (11.2752), hedef VWAP mesafesinin %100'i (10.836); yönetim: breakeven 1R, kısmi %50 @ 1.5R, takip geri verme %50 | arm=vwap_revert_src | combo=band2_tp2 | combo_r=-0.7435 | combo_n=4 | pick=explore",
vwap_clone,BTC-USDT-SWAP,short,2026-09-23T06:30:00+00:00,2026-09-23T08:45:00+00:00,86339.8085,85955.92029,0.02095191311,1808.984166,86624.37163,5.962141926,10,180.8984166,1.985458827,1.804965032,0.06538656721,6.123120154,partial,"VWAP sapma-dönüş (kaynak kuralları): kümülatif VWAP=84402.6 (300 bar), σ=241.372; bu bar +8.47σ ile bandın dışında kapandı ve kapanış short yönünde döndü; stop 2×0.5σ (86624.4), hedef VWAP mesafesinin %50'i (85392.8); yönetim: breakeven 1R, kısmi %50 @ 1.5R, takip geri verme %50 | arm=vwap_revert_src | combo=band1_tp0 | combo_r=0.09115 | combo_n=5 | pick=exploit",
vwap_clone,ETHFI-USDT-SWAP,long,2026-09-23T08:45:00+00:00,2026-09-23T08:45:00+00:00,0.7081539,0.7041421288,5082.336945,3599.076729,0.704494376,18.59893411,10,359.9076729,3.947770357,3.588877942,0,-24.33694337,stop,"VWAP sapma-dönüş (kaynak kuralları): kümülatif VWAP=0.716142 (300 bar), σ=0.00454083; bu bar -1.95σ ile bandın dışında kapandı ve kapanış long yönünde döndü; stop 1.5×0.5σ (0.704494), hedef VWAP mesafesinin %100'i (0.716142); yönetim: breakeven 1R, kısmi %50 @ 1.5R, takip geri verme %50 | arm=vwap_revert_src | combo=band0_tp2 | combo_r=-0.6091 | combo_n=16 | pick=explore",
vwap_clone,AVAX-USDT-SWAP,short,2026-09-23T04:30:00+00:00,2026-09-23T09:00:00+00:00,11.172411,11.0515525,161.3516725,1802.6872,11.27520807,16.5864792,10,180.26872,1.972230524,3.572568056,0.1797134928,17.70820407,stop,"VWAP sapma-dönüş (kaynak kuralları): kümülatif VWAP=10.836 (300 bar), σ=0.0777665; bu bar +4.65σ ile bandın dışında kapandı ve kapanış short yönünde döndü; stop 2.5×0.5σ (11.2752), hedef VWAP mesafesinin %100'i (10.836); yönetim: breakeven 1R, kısmi %50 @ 1.5R, takip geri verme %50 | arm=vwap_revert_src | combo=band2_tp2 | combo_r=-0.7435 | combo_n=4 | pick=explore",exit_rule=partial
vwap_clone,BTC-USDT-SWAP,short,2026-09-23T06:30:00+00:00,2026-09-23T09:00:00+00:00,86339.8085,86041.83325,0.02095191311,1808.984166,86624.37163,5.962141926,10,180.8984166,1.986448849,3.605005985,0.06538656721,4.322089178,stop,"VWAP sapma-dönüş (kaynak kuralları): kümülatif VWAP=84402.6 (300 bar), σ=241.372; bu bar +8.47σ ile bandın dışında kapandı ve kapanış short yönünde döndü; stop 2×0.5σ (86624.4), hedef VWAP mesafesinin %50'i (85392.8); yönetim: breakeven 1R, kısmi %50 @ 1.5R, takip geri verme %50 | arm=vwap_revert_src | combo=band1_tp0 | combo_r=0.09115 | combo_n=5 | pick=exploit",exit_rule=partial
vwap_clone,ADA-USDT-SWAP,short,2026-09-23T09:15:00+00:00,2026-09-23T09:15:00+00:00,0.25337325,0.2556047935,14251.98951,3611.072902,0.2552219606,26.34780383,10,361.1072902,3.989672357,7.26257073,0,-35.79360724,stop,"VWAP sapma-dönüş (kaynak kuralları): kümülatif VWAP=0.242916 (300 bar), σ=0.00229595; bu bar +4.64σ ile bandın dışında kapandı ve kapanış short yönünde döndü; stop 1.5×0.5σ (0.255222), hedef VWAP mesafesinin %50'i (0.248208); yönetim: breakeven 1R, kısmi %50 @ 1.5R, takip geri verme %50 | arm=vwap_revert_src | combo=band0_tp0 | combo_r=-1.397 | combo_n=13 | pick=unexplored",
vwap_clone,ETHFI-USDT-SWAP,long,2026-09-23T09:15:00+00:00,2026-09-23T09:15:00+00:00,0.70525245,0.7095843269,2558.783481,1804.588319,0.7021278857,7.995083607,10,180.4588319,1.991143535,1.81013371,0,9.093191404,partial,"VWAP sapma-dönüş (kaynak kuralları): kümülatif VWAP=0.716025 (300 bar), σ=0.00382949; bu bar -3.15σ ile bandın dışında kapandı ve kapanış long yönünde döndü; stop 1.5×0.5σ (0.702128), hedef VWAP mesafesinin %75'i (0.713268); yönetim: breakeven 1R, kısmi %50 @ 1.5R, takip geri verme %50 | arm=vwap_revert_src | combo=band0_tp1 | combo_r=-0.6067 | combo_n=11 | pick=explore",
vwap_clone,ETHFI-USDT-SWAP,long,2026-09-23T09:15:00+00:00,2026-09-23T09:30:00+00:00,0.70525245,0.70734615,2558.783481,1804.588319,0.7021278857,7.995083607,10,180.4588319,1.987993679,1.807268772,0,3.369331294,stop,"VWAP sapma-dönüş (kaynak kuralları): kümülatif VWAP=0.716025 (300 bar), σ=0.00382949; bu bar -3.15σ ile bandın dışında kapandı ve kapanış long yönünde döndü; stop 1.5×0.5σ (0.702128), hedef VWAP mesafesinin %75'i (0.713268); yönetim: breakeven 1R, kısmi %50 @ 1.5R, takip geri verme %50 | arm=vwap_revert_src | combo=band0_tp1 | combo_r=-0.6067 | combo_n=11 | pick=explore",exit_rule=partial
vwap_clone,AVAX-USDT-SWAP,short,2026-09-23T09:30:00+00:00,2026-09-23T09:30:00+00:00,11.0714615,11.15648181,325.072456,3599.027182,11.13977215,22.20590985,10,359.9027182,3.974130668,7.232263435,0,-31.61189015,stop,"VWAP sapma-dönüş (kaynak kuralları): kümülatif VWAP=10.9405 (300 bar), σ=0.0510177; bu bar +2.73σ ile bandın dışında kapandı ve kapanış short yönünde döndü; stop 2.5×0.5σ (11.1398), hedef VWAP mesafesinin %100'i (10.9405); yönetim: breakeven 1R, kısmi %50 @ 1.5R, takip geri verme %50 | arm=vwap_revert_src | combo=band2_tp2 | combo_r=-0.09464 | combo_n=6 | pick=exploit",
vwap_clone,XRP-USDT-SWAP,short,2026-09-23T08:45:00+00:00,2026-09-23T10:15:00+00:00,1.60669625,1.581558133,1120.612464,1800.483844,1.623981917,19.37053439,10,180.0483844,1.96503868,1.786406289,0,26.20504888,partial,"VWAP sapma-dönüş (kaynak kuralları): kümülatif VWAP=1.51172 (300 bar), σ=0.0131855; bu bar +7.38σ ile bandın dışında kapandı ve kapanış short yönünde döndü; stop 2.5×0.5σ (1.62398), hedef VWAP mesafesinin %50'i (1.55961); yönetim: breakeven 1R, kısmi %50 @ 1.5R, takip geri verme %50 | arm=vwap_revert_src | combo=band2_tp0 | combo_r=-0.7004 | combo_n=13 | pick=unexplored",
vwap_clone,XRP-USDT-SWAP,short,2026-09-23T08:45:00+00:00,2026-09-23T10:30:00+00:00,1.60669625,1.5879784,1120.612464,1800.483844,1.623981917,19.37053439,10,180.0483844,1.968995727,3.565956952,0,19.00646028,stop,"VWAP sapma-dönüş (kaynak kuralları): kümülatif VWAP=1.51172 (300 bar), σ=0.0131855; bu bar +7.38σ ile bandın dışında kapandı ve kapanış short yönünde döndü; stop 2.5×0.5σ (1.62398), hedef VWAP mesafesinin %50'i (1.55961); yönetim: breakeven 1R, kısmi %50 @ 1.5R, takip geri verme %50 | arm=vwap_revert_src | combo=band2_tp0 | combo_r=-0.7004 | combo_n=13 | pick=unexplored",exit_rule=partial
vwap_clone,PENGU-USDT-SWAP,short,2026-09-23T10:45:00+00:00,2026-09-23T12:00:00+00:00,0.010408793,0.01013810188,172655.6877,1797.137313,0.01059263143,31.7407498,10,179.7137313,1.951146046,1.77378126,0,44.78521555,partial,"VWAP sapma-dönüş (kaynak kuralları): kümülatif VWAP=0.00934399 (300 bar), σ=0.000143705; bu bar +8.04σ ile bandın dışında kapandı ve kapanış short yönünde döndü; stop 2.5×0.5σ (0.0105926), hedef VWAP mesafesinin %75'i (0.00961124); yönetim: breakeven 1R, kısmi %50 @ 1.5R, takip geri verme %50 | arm=vwap_revert_src | combo=band2_tp1 | combo_r=-0.373 | combo_n=16 | pick=unexplored",
vwap_clone,ETHFI-USDT-SWAP,long,2026-09-23T11:45:00+00:00,2026-09-23T12:00:00+00:00,0.6987492,0.6925078686,5227.492081,3652.705909,0.6928542958,30.81556505,10,365.2705909,4.00003192,3.636385407,0,-36.62654214,stop,"VWAP sapma-dönüş (kaynak kuralları): kümülatif VWAP=0.715953 (300 bar), σ=0.00435656; bu bar -4.35σ ile bandın dışında kapandı ve kapanış long yönünde döndü; stop 2.5×0.5σ (0.692854), hedef VWAP mesafesinin %100'i (0.715953); yönetim: breakeven 1R, kısmi %50 @ 1.5R, takip geri verme %50 | arm=vwap_revert_src | combo=band2_tp2 | combo_r=-0.08507 | combo_n=9 | pick=explore",
vwap_clone,PENGU-USDT-SWAP,short,2026-09-23T10:45:00+00:00,2026-09-23T12:15:00+00:00,0.010408793,0.0101682295,172655.6877,1797.137313,0.01059263143,31.7407498,10,179.7137313,1.954006984,3.528477961,0,39.58064954,stop,"VWAP sapma-dönüş (kaynak kuralları): kümülatif VWAP=0.00934399 (300 bar), σ=0.000143705; bu bar +8.04σ ile bandın dışında kapandı ve kapanış short yönünde döndü; stop 2.5×0.5σ (0.0105926), hedef VWAP mesafesinin %75'i (0.00961124); yönetim: breakeven 1R, kısmi %50 @ 1.5R, takip geri verme %50 | arm=vwap_revert_src | combo=band2_tp1 | combo_r=-0.373 | combo_n=16 | pick=unexplored",exit_rule=partial
vwap_clone,ADA-USDT-SWAP,short,2026-09-23T12:30:00+00:00,2026-09-23T13:00:00+00:00,0.249875,0.2469450841,14547.1972,3634.9809,0.2528270676,42.94430983,10,363.49809,3.975036854,3.613681426,0,38.64702757,tp,"VWAP sapma-dönüş (kaynak kuralları): kümülatif VWAP=0.243643 (300 bar), σ=0.00226165; bu bar +2.84σ ile bandın dışında kapandı ve kapanış short yönünde döndü; stop 2.5×0.5σ (0.252827), hedef VWAP mesafesinin %50'i (0.246822); yönetim: breakeven 1R, kısmi %50 @ 1.5R, takip geri verme %50 | arm=vwap_revert_src | combo=band2_tp0 | combo_r=-0.4514 | combo_n=15 | pick=unexplored",
vwap_clone,ETHFI-USDT-SWAP,long,2026-09-23T12:30:00+00:00,2026-09-23T13:00:00+00:00,0.6981489,0.6922707276,5203.864219,3633.07208,0.6926170362,28.78706829,10,363.307208,3.979555222,3.617770732,0,-34.56876601,stop,"VWAP sapma-dönüş (kaynak kuralları): kümülatif VWAP=0.715781 (300 bar), σ=0.00538296; bu bar -3.45σ ile bandın dışında kapandı ve kapanış long yönünde döndü; stop 2×0.5σ (0.692617), hedef VWAP mesafesinin %100'i (0.715781); yönetim: breakeven 1R, kısmi %50 @ 1.5R, takip geri verme %50 | arm=vwap_revert_src | combo=band1_tp2 | combo_r=0.4371 | combo_n=3 | pick=exploit",
vwap_clone,BTC-USDT-SWAP,short,2026-09-23T09:30:00+00:00,2026-09-23T13:30:00+00:00,85827.8646,85956.6064,0.04195511715,3600.918114,86288.0021,19.30512274,10,360.0918114,3.963980683,7.202736908,0,-9.365357854,stop,"VWAP sapma-dönüş (kaynak kuralları): kümülatif VWAP=84547.8 (300 bar), σ=417.102; bu bar +3.23σ ile bandın dışında kapandı ve kapanış short yönünde döndü; stop 2×0.5σ (86288), hedef VWAP mesafesinin %50'i (85209.3); yönetim: breakeven 1R, kısmi %50 @ 1.5R, takip geri verme %50 | arm=vwap_revert_src | combo=band1_tp0 | combo_r=0.3154 | combo_n=7 | pick=exploit",exit_rule=breakeven
vwap_clone,XRP-USDT-SWAP,short,2026-09-23T13:15:00+00:00,2026-09-23T13:30:00+00:00,1.56051935,1.576505423,2340.055176,3651.701382,1.574144207,31.88291677,10,365.1701382,4.037446081,7.352140521,0,-41.4457393,stop,"VWAP sapma-dönüş (kaynak kuralları): kümülatif VWAP=1.52019 (300 bar), σ=0.0171256; bu bar +2.37σ ile bandın dışında kapandı ve kapanış short yönünde döndü; stop 1.5×0.5σ (1.57414), hedef VWAP mesafesinin %75'i (1.53047); yönetim: breakeven 1R, kısmi %50 @ 1.5R, takip geri verme %50 | arm=vwap_revert_src | combo=band0_tp1 | combo_r=-0.3935 | combo_n=13 | pick=unexplored",
vwap_clone,DOGE-USDT-SWAP,short,2026-09-23T09:45:00+00:00,2026-09-23T14:00:00+00:00,0.0997501,0.09757566303,17983.9338,1793.899195,0.1012322336,26.6545928,10,179.3899195,1.951781403,1.77435695,0,37.15314914,partial,"VWAP sapma-dönüş (kaynak kuralları): kümülatif VWAP=0.0966185 (300 bar), σ=0.00114579; bu bar +2.90σ ile bandın dışında kapandı ve kapanış short yönünde döndü; stop 2.5×0.5σ (0.101232), hedef VWAP mesafesinin %100'i (0.0966185); yönetim: breakeven 1R, kısmi %50 @ 1.5R, takip geri verme %50 | arm=vwap_revert_src | combo=band2_tp2 | combo_r=0.4056 | combo_n=3 | pick=exploit",
vwap_clone,DOGE-USDT-SWAP,short,2026-09-23T09:45:00+00:00,2026-09-23T14:00:00+00:00,0.0997501,0.09666684226,17983.9338,1793.899195,0.1012322336,26.6545928,10,179.3899195,1.942792108,1.766188948,0,53.50631097,tp,"VWAP sapma-dönüş (kaynak kuralları): kümülatif VWAP=0.0966185 (300 bar), σ=0.00114579; bu bar +2.90σ ile bandın dışında kapandı ve kapanış short yönünde döndü; stop 2.5×0.5σ (0.101232), hedef VWAP mesafesinin %100'i (0.0966185); yönetim: breakeven 1R, kısmi %50 @ 1.5R, takip geri verme %50 | arm=vwap_revert_src | combo=band2_tp2 | combo_r=0.4056 | combo_n=3 | pick=exploit",
vwap_clone,ETHFI-USDT-SWAP,long,2026-09-23T13:30:00+00:00,2026-09-23T14:00:00+00:00,0.692346,0.6850274889,5234.377262,3624.00016,0.685370174,36.51410503,10,362.400016,3.96533086,3.60483756,0,-42.27317891,stop,"VWAP sapma-dönüş (kaynak kuralları): kümülatif VWAP=0.715674 (300 bar), σ=0.00662983; bu bar -3.42σ ile bandın dışında kapandı ve kapanış long yönünde döndü; stop 2×0.5σ (0.68537), hedef VWAP mesafesinin %50'i (0.703837); yönetim: breakeven 1R, kısmi %50 @ 1.5R, takip geri verme %50 | arm=vwap_revert_src | combo=band1_tp0 | combo_r=-0.3463 | combo_n=24 | pick=explore",
vwap_clone,BTC-USDT-SWAP,short,2026-09-23T14:00:00+00:00,2026-09-23T14:00:00+00:00,85720.3184,85409.78563,0.02101684806,1801.570908,85955.79595,4.948995828,10,180.1570908,1.978138467,1.798309779,0,4.548281568,partial,"VWAP sapma-dönüş (kaynak kuralları): kümülatif VWAP=84717.4 (300 bar), σ=192.696; bu bar +5.08σ ile bandın dışında kapandı ve kapanış short yönünde döndü; stop 2×0.5σ (85955.8), hedef VWAP mesafesinin %50'i (85240.2); yönetim: breakeven 1R, kısmi %50 @ 1.5R, takip geri verme %50 | arm=vwap_revert_src | combo=band1_tp0 | combo_r=0.2153 | combo_n=8 | pick=exploit",
vwap_clone,BTC-USDT-SWAP,short,2026-09-23T14:00:00+00:00,2026-09-23T14:00:00+00:00,85720.3184,85282.84868,0.02101684806,1801.570908,85955.79595,4.948995828,10,180.1570908,1.976671169,1.796976538,0,7.217563551,tp,"VWAP sapma-dönüş (kaynak kuralları): kümülatif VWAP=84717.4 (300 bar), σ=192.696; bu bar +5.08σ ile bandın dışında kapandı ve kapanış short yönünde döndü; stop 2×0.5σ (85955.8), hedef VWAP mesafesinin %50'i (85240.2); yönetim: breakeven 1R, kısmi %50 @ 1.5R, takip geri verme %50 | arm=vwap_revert_src | combo=band1_tp0 | combo_r=0.2153 | combo_n=8 | pick=exploit",
vwap_clone,SOL-USDT-SWAP,short,2026-09-23T14:00:00+00:00,2026-09-23T14:00:00+00:00,116.671635,115.9491533,15.43327011,1800.624857,117.1919199,8.029697382,10,180.0624857,1.974554702,1.795052966,0,9.175701214,partial,"VWAP sapma-dönüş (kaynak kuralları): kümülatif VWAP=115.769 (300 bar), σ=0.369536; bu bar +2.52σ ile bandın dışında kapandı ve kapanış short yönünde döndü; stop 2.5×0.5σ (117.192), hedef VWAP mesafesinin %75'i (116.01); yönetim: breakeven 1R, kısmi %50 @ 1.5R, takip geri verme %50 | arm=vwap_revert_src | combo=band2_tp1 | combo_r=-0.1839 | combo_n=18 | pick=exploit",
vwap_clone,SOL-USDT-SWAP,short,2026-09-23T14:00:00+00:00,2026-09-23T14:00:00+00:00,116.671635,116.0675681,15.43327011,1800.624857,117.1919199,8.029697382,10,180.0624857,1.975559843,1.795966273,0,7.347167678,tp,"VWAP sapma-dönüş (kaynak kuralları): kümülatif VWAP=115.769 (300 bar), σ=0.369536; bu bar +2.52σ ile bandın dışında kapandı ve kapanış short yönünde döndü; stop 2.5×0.5σ (117.192), hedef VWAP mesafesinin %75'i (116.01); yönetim: breakeven 1R, kısmi %50 @ 1.5R, takip geri verme %50 | arm=vwap_revert_src | combo=band2_tp1 | combo_r=-0.1839 | combo_n=18 | pick=exploit",
vwap_clone,NEAR-USDT-SWAP,short,2026-09-23T14:15:00+00:00,2026-09-23T14:15:00+00:00,4.57771,4.456150565,397.357409,1818.986985,4.660234265,32.79162804,10,181.8986985,1.974319285,1.794848238,0,46.328223,partial,"VWAP sapma-dönüş (kaynak kuralları): kümülatif VWAP=4.28212 (300 bar), σ=0.0641874; bu bar +4.75σ ile bandın dışında kapandı ve kapanış short yönünde döndü; stop 2.5×0.5σ (4.66023), hedef VWAP mesafesinin %75'i (4.35659); yönetim: breakeven 1R, kısmi %50 @ 1.5R, takip geri verme %50 | arm=vwap_revert_src | combo=band2_tp1 | combo_r=-0.06263 | combo_n=20 | pick=exploit",
vwap_clone,NEAR-USDT-SWAP,short,2026-09-23T14:15:00+00:00,2026-09-23T14:30:00+00:00,4.57771,4.460604488,397.357409,1818.986985,4.660234265,32.79162804,10,181.8986985,1.975292675,3.564647781,0,44.55745007,stop,"VWAP sapma-dönüş (kaynak kuralları): kümülatif VWAP=4.28212 (300 bar), σ=0.0641874; bu bar +4.75σ ile bandın dışında kapandı ve kapanış short yönünde döndü; stop 2.5×0.5σ (4.66023), hedef VWAP mesafesinin %75'i (4.35659); yönetim: breakeven 1R, kısmi %50 @ 1.5R, takip geri verme %50 | arm=vwap_revert_src | combo=band2_tp1 | combo_r=-0.06263 | combo_n=20 | pick=exploit",exit_rule=partial
vwap_clone,LINK-USDT-SWAP,long,2026-09-23T14:45:00+00:00,2026-09-23T15:30:00+00:00,12.344169,12.20509574,298.2366389,3681.483472,12.21120134,39.65582866,10,368.1483472,4.026819611,3.660735647,0,-45.5035621,stop,"VWAP sapma-dönüş (kaynak kuralları): kümülatif VWAP=12.8033 (300 bar), σ=0.170398; bu bar -3.02σ ile bandın dışında kapandı ve kapanış long yönünde döndü; stop 1.5×0.5σ (12.2112), hedef VWAP mesafesinin %100'i (12.8033); yönetim: breakeven 1R, kısmi %50 @ 1.5R, takip geri verme %50 | arm=vwap_revert_src | combo=band0_tp2 | combo_r=-0.6503 | combo_n=17 | pick=unexplored",
vwap_clone,ETHFI-USDT-SWAP,long,2026-09-23T14:45:00+00:00,2026-09-23T15:30:00+00:00,0.66763365,0.6565243663,5511.33268,3679.551154,0.6568527927,59.41689138,10,367.9551154,4.013831442,3.64892328,0,-65.24078995,stop,"VWAP sapma-dönüş (kaynak kuralları): kümülatif VWAP=0.712559 (300 bar), σ=0.0139296; bu bar -3.40σ ile bandın dışında kapandı ve kapanış long yönünde döndü; stop 1.5×0.5σ (0.656853), hedef VWAP mesafesinin %100'i (0.712559); yönetim: breakeven 1R, kısmi %50 @ 1.5R, takip geri verme %50 | arm=vwap_revert_src | combo=band0_tp2 | combo_r=0.3906 | combo_n=3 | pick=exploit",
vwap_clone,NEAR-USDT-SWAP,short,2026-09-23T15:30:00+00:00,2026-09-23T15:45:00+00:00,4.5767105,4.432918881,398.3356901,1823.067135,4.67404848,38.77319153,10,182.3067135,1.973871315,1.794443237,0,55.30346231,partial,"VWAP sapma-dönüş (kaynak kuralları): kümülatif VWAP=4.30802 (300 bar), σ=0.0768388; bu bar +4.13σ ile bandın dışında kapandı ve kapanış short yönünde döndü; stop 2.5×0.5σ (4.67405), hedef VWAP mesafesinin %75'i (4.37552); yönetim: breakeven 1R, kısmi %50 @ 1.5R, takip geri verme %50 | arm=vwap_revert_src | combo=band2_tp1 | combo_r=0.8787 | combo_n=3 | pick=exploit",
vwap_clone,NEAR-USDT-SWAP,short,2026-09-23T15:30:00+00:00,2026-09-23T15:45:00+00:00,4.5767105,4.377705152,398.3356901,1823.067135,4.67404848,38.77319153,10,182.3067135,1.961774836,1.783451933,0,77.30915795,tp,"VWAP sapma-dönüş (kaynak kuralları): kümülatif VWAP=4.30802 (300 bar), σ=0.0768388; bu bar +4.13σ ile bandın dışında kapandı ve kapanış short yönünde döndü; stop 2.5×0.5σ (4.67405), hedef VWAP mesafesinin %75'i (4.37552); yönetim: breakeven 1R, kısmi %50 @ 1.5R, takip geri verme %50 | arm=vwap_revert_src | combo=band2_tp1 | combo_r=0.8787 | combo_n=3 | pick=exploit",
vwap_clone,BNB-USDT-SWAP,long,2026-09-23T14:45:00+00:00,2026-09-23T16:00:00+00:00,765.9828,757.997829,4.808746105,3683.416806,758.3770175,36.57427692,10,368.3416806,4.030639753,3.664209274,-0.2070567314,-42.63539466,stop,"VWAP sapma-dönüş (kaynak kuralları): kümülatif VWAP=784.612 (300 bar), σ=5.77839; bu bar -3.65σ ile bandın dışında kapandı ve kapanış long yönünde döndü; stop 2.5×0.5σ (758.377), hedef VWAP mesafesinin %100'i (784.612); yönetim: breakeven 1R, kısmi %50 @ 1.5R, takip geri verme %50 | arm=vwap_revert_src | combo=band2_tp2 | combo_r=-0.1799 | combo_n=67 | pick=unexplored",
vwap_clone,PENGU-USDT-SWAP,short,2026-09-23T15:30:00+00:00,2026-09-23T16:00:00+00:00,0.00975512,0.00976975268,373962.5913,3648.049953,0.009933834647,66.83259255,10,364.8049953,4.01586459,7.297012375,0.1807174222,-9.307222097,stop,"VWAP sapma-dönüş (kaynak kuralları): kümülatif VWAP=0.00945529 (300 bar), σ=0.000233113; bu bar +1.62σ ile bandın dışında kapandı ve kapanış short yönünde döndü; stop 1.5×0.5σ (0.00993383), hedef VWAP mesafesinin %75'i (0.00953121); yönetim: breakeven 1R, kısmi %50 @ 1.5R, takip geri verme %50 | arm=vwap_revert_src | combo=band0_tp1 | combo_r=-0.4582 | combo_n=14 | pick=unexplored",exit_rule=breakeven
vwap_clone,PENGU-USDT-SWAP,short,2026-09-23T21:00:00+00:00,2026-09-23T21:00:00+00:00,0.0096721615,0.009755056907,377408.884,3650.359678,0.009740446237,25.77126646,10,365.0359678,4.03260265,7.340289302,0,-35.31806552,stop,"VWAP sapma-dönüş (kaynak kuralları): kümülatif VWAP=0.00951735 (300 bar), σ=6.44462e-05; bu bar +2.53σ ile bandın dışında kapandı ve kapanış short yönünde döndü; stop 2×0.5σ (0.00974045), hedef VWAP mesafesinin %75'i (0.00955701); yönetim: breakeven 1R, kısmi %50 @ 1.5R, takip geri verme %50 | arm=vwap_revert_src | combo=band1_tp1 | combo_r=-0.4958 | combo_n=22 | pick=unexplored",
vwap_clone,PENGU-USDT-SWAP,short,2026-09-23T22:00:00+00:00,2026-09-23T22:00:00+00:00,0.0098360795,0.009967003192,371153.6759,3650.697063,0.00995207508,43.05218578,10,365.0697063,4.042492815,7.366885536,0,-52.63530247,stop,"VWAP sapma-dönüş (kaynak kuralları): kümülatif VWAP=0.00952565 (300 bar), σ=8.88601e-05; bu bar +3.58σ ile bandın dışında kapandı ve kapanış short yönünde döndü; stop 2.5×0.5σ (0.00995208), hedef VWAP mesafesinin %50'i (0.00968333); yönetim: breakeven 1R, kısmi %50 @ 1.5R, takip geri verme %50 | arm=vwap_revert_src | combo=band2_tp0 | combo_r=-0.367 | combo_n=16 | pick=explore",
vwap_clone,PENGU-USDT-SWAP,short,2026-09-23T22:30:00+00:00,2026-09-24T00:45:00+00:00,0.0098900525,0.009673096235,183732.5678,1817.124741,0.01003791276,27.16674595,10,181.7124741,1.976913153,1.79720419,0.08951450703,37.97453296,partial,"VWAP sapma-dönüş (kaynak kuralları): kümülatif VWAP=0.00952974 (300 bar), σ=0.00011353; bu bar +3.44σ ile bandın dışında kapandı ve kapanış short yönünde döndü; stop 2.5×0.5σ (0.0100379), hedef VWAP mesafesinin %75'i (0.00962131); yönetim: breakeven 1R, kısmi %50 @ 1.5R, takip geri verme %50 | arm=vwap_revert_src | combo=band2_tp1 | combo_r=0.2058 | combo_n=24 | pick=exploit",
vwap_clone,PENGU-USDT-SWAP,short,2026-09-23T22:30:00+00:00,2026-09-24T00:45:00+00:00,0.0098900525,0.009626116074,183732.5678,1817.124741,0.01003791276,27.16674595,10,181.7124741,1.972165671,1.792890454,0.08951450703,46.6110662,tp,"VWAP sapma-dönüş (kaynak kuralları): kümülatif VWAP=0.00952974 (300 bar), σ=0.00011353; bu bar +3.44σ ile bandın dışında kapandı ve kapanış short yönünde döndü; stop 2.5×0.5σ (0.0100379), hedef VWAP mesafesinin %75'i (0.00962131); yönetim: breakeven 1R, kısmi %50 @ 1.5R, takip geri verme %50 | arm=vwap_revert_src | combo=band2_tp1 | combo_r=0.2058 | combo_n=24 | pick=exploit",
vwap_clone,BNB-USDT-SWAP,long,2026-09-23T16:15:00+00:00,2026-09-24T04:00:00+00:00,765.48255,765.0998087,4.79224462,3668.379632,756.1141799,44.89552111,10,366.8379632,4.034208791,3.667462995,0.3487565856,-5.519642021,stop,"VWAP sapma-dönüş (kaynak kuralları): kümülatif VWAP=784.019 (300 bar), σ=7.26866; bu bar -3.01σ ile bandın dışında kapandı ve kapanış long yönünde döndü; stop 2.5×0.5σ (756.114), hedef VWAP mesafesinin %75'i (779.314); yönetim: breakeven 1R, kısmi %50 @ 1.5R, takip geri verme %50 | arm=vwap_revert_src | combo=band2_tp1 | combo_r=0.2058 | combo_n=24 | pick=exploit",exit_rule=breakeven
vwap_clone,ADA-USDT-SWAP,long,2026-09-24T04:15:00+00:00,2026-09-24T04:15:00+00:00,0.2387193,0.2399686701,7652.387755,1826.772648,0.2378063571,6.986193409,10,182.6772648,2.014708278,1.831555828,0,7.545955866,partial,"VWAP sapma-dönüş (kaynak kuralları): kümülatif VWAP=0.245374 (300 bar), σ=0.00105819; bu bar -6.43σ ile bandın dışında kapandı ve kapanış long yönünde döndü; stop 1.5×0.5σ (0.237806), hedef VWAP mesafesinin %100'i (0.245374); yönetim: breakeven 1R, kısmi %50 @ 1.5R, takip geri verme %50 | arm=vwap_revert_src | combo=band0_tp2 | combo_r=-0.7 | combo_n=19 | pick=unexplored",
vwap_clone,ADA-USDT-SWAP,long,2026-09-24T04:15:00+00:00,2026-09-24T04:30:00+00:00,0.2387193,0.2399686701,7652.387755,1826.772648,0.2378063571,6.986193409,10,182.6772648,2.014708278,1.831555828,0,7.545955866,stop,"VWAP sapma-dönüş (kaynak kuralları): kümülatif VWAP=0.245374 (300 bar), σ=0.00105819; bu bar -6.43σ ile bandın dışında kapandı ve kapanış long yönünde döndü; stop 1.5×0.5σ (0.237806), hedef VWAP mesafesinin %100'i (0.245374); yönetim: breakeven 1R, kısmi %50 @ 1.5R, takip geri verme %50 | arm=vwap_revert_src | combo=band0_tp2 | combo_r=-0.7 | combo_n=19 | pick=unexplored",exit_rule=partial
vwap_clone,SOL-USDT-SWAP,long,2026-09-24T04:45:00+00:00,2026-09-24T05:00:00+00:00,114.93744,115.4568466,16.000051,1839.004901,114.5526641,6.156434771,10,183.9004901,2.027476184,1.843162706,0,6.283056196,partial,"VWAP sapma-dönüş (kaynak kuralları): kümülatif VWAP=116.465 (300 bar), σ=0.261869; bu bar -6.16σ ile bandın dışında kapandı ve kapanış long yönünde döndü; stop 2.5×0.5σ (114.553), hedef VWAP mesafesinin %75'i (116.069); yönetim: breakeven 1R, kısmi %50 @ 1.5R, takip geri verme %50 | arm=vwap_revert_src | combo=band2_tp1 | combo_r=0.5682 | combo_n=3 | pick=exploit",
vwap_clone,SOL-USDT-SWAP,long,2026-09-24T04:45:00+00:00,2026-09-24T05:00:00+00:00,114.93744,116.0108259,16.000051,1839.004901,114.5526641,6.156434771,10,183.9004901,2.032351217,1.847596771,0,15.1418773,tp,"VWAP sapma-dönüş (kaynak kuralları): kümülatif VWAP=116.465 (300 bar), σ=0.261869; bu bar -6.16σ ile bandın dışında kapandı ve kapanış long yönünde döndü; stop 2.5×0.5σ (114.553), hedef VWAP mesafesinin %75'i (116.069); yönetim: breakeven 1R, kısmi %50 @ 1.5R, takip geri verme %50 | arm=vwap_revert_src | combo=band2_tp1 | combo_r=0.5682 | combo_n=3 | pick=exploit",
vwap_clone,BTC-USDT-SWAP,long,2026-09-24T05:15:00+00:00,2026-09-24T05:45:00+00:00,84198.8784,83985.00896,0.04410423195,3713.526863,84027.02247,7.579573724,10,371.3526863,4.079691648,3.708809158,0,-13.51223902,stop,"VWAP sapma-dönüş (kaynak kuralları): kümülatif VWAP=85103.8 (300 bar), σ=173.037; bu bar -5.36σ ile bandın dışında kapandı ve kapanış long yönünde döndü; stop 1.5×0.5σ (84027), hedef VWAP mesafesinin %50'i (84630.3); yönetim: breakeven 1R, kısmi %50 @ 1.5R, takip geri verme %50 | arm=vwap_revert_src | combo=band0_tp0 | combo_r=-0.8567 | combo_n=3 | pick=explore",
vwap_clone,PENGU-USDT-SWAP,short,2026-09-24T05:30:00+00:00,2026-09-24T06:00:00+00:00,0.010012991,0.01002801049,370412.732,3708.939352,0.01011203554,36.68735686,10,370.8939352,4.082893162,7.418806403,0,-9.64630219,stop,"VWAP sapma-dönüş (kaynak kuralları): kümülatif VWAP=0.00960945 (300 bar), σ=0.000125381; bu bar +3.40σ ile bandın dışında kapandı ve kapanış short yönünde döndü; stop 1.5×0.5σ (0.010112), hedef VWAP mesafesinin %75'i (0.00971159); yönetim: breakeven 1R, kısmi %50 @ 1.5R, takip geri verme %50 | arm=vwap_revert_src | combo=band0_tp1 | combo_r=-0.437 | combo_n=15 | pick=explore",exit_rule=breakeven
vwap_clone,BTC-USDT-SWAP,long,2026-09-24T06:15:00+00:00,2026-09-24T07:00:00+00:00,84127.34265,83893.14683,0.04370294999,3676.613049,83935.11439,8.400942086,10,367.6613049,4.038645077,3.671493884,0,-14.27369322,stop,"VWAP sapma-dönüş (kaynak kuralları): kümülatif VWAP=85129.7 (300 bar), σ=150.186; bu bar -7.27σ ile bandın dışında kapandı ve kapanış long yönünde döndü; stop 2×0.5σ (83935.1), hedef VWAP mesafesinin %50'i (84607.5); yönetim: breakeven 1R, kısmi %50 @ 1.5R, takip geri verme %50 | arm=vwap_revert_src | combo=band1_tp0 | combo_r=0.41 | combo_n=10 | pick=exploit",
vwap_clone,BTC-USDT-SWAP,long,2026-09-24T07:30:00+00:00,2026-09-24T08:15:00+00:00,84420.5892,84147.30994,0.04353577948,3675.316155,84189.40464,10.06479996,10,367.5316155,4.036304186,3.669365385,-0.1086513231,-16.04238115,stop,"VWAP sapma-dönüş (kaynak kuralları): kümülatif VWAP=85150 (300 bar), σ=151.196; bu bar -5.90σ ile bandın dışında kapandı ve kapanış long yönünde döndü; stop 2.5×0.5σ (84189.4), hedef VWAP mesafesinin %75'i (84957.1); yönetim: breakeven 1R, kısmi %50 @ 1.5R, takip geri verme %50 | arm=vwap_revert_src | combo=band2_tp1 | combo_r=0.3934 | combo_n=29 | pick=exploit",
vwap_clone,LINK-USDT-SWAP,long,2026-09-23T16:15:00+00:00,2026-09-24T08:45:00+00:00,12.236115,12.22999694,299.4847434,3664.52976,12.03124286,61.35608087,10,366.452976,4.029974991,3.663614086,-0.002170030745,-5.864409902,stop,"VWAP sapma-dönüş (kaynak kuralları): kümülatif VWAP=12.7946 (300 bar), σ=0.199757; bu bar -3.08σ ile bandın dışında kapandı ve kapanış long yönünde döndü; stop 2×0.5σ (12.0312), hedef VWAP mesafesinin %75'i (12.6537); yönetim: breakeven 1R, kısmi %50 @ 1.5R, takip geri verme %50 | arm=vwap_revert_src | combo=band1_tp1 | combo_r=-0.4958 | combo_n=22 | pick=unexplored",exit_rule=breakeven
vwap_clone,PENGU-USDT-SWAP,short,2026-09-24T08:15:00+00:00,2026-09-24T08:45:00+00:00,0.009977009,0.009759346271,184118.4765,1836.951697,0.01012536898,27.31581264,10,183.6951697,1.998605215,1.816924305,0,38.07712476,partial,"VWAP sapma-dönüş (kaynak kuralları): kümülatif VWAP=0.00964017 (300 bar), σ=0.000143369; bu bar +2.60σ ile bandın dışında kapandı ve kapanış short yönünde döndü; stop 2×0.5σ (0.0101254), hedef VWAP mesafesinin %75'i (0.00972563); yönetim: breakeven 1R, kısmi %50 @ 1.5R, takip geri verme %50 | arm=vwap_revert_src | combo=band1_tp1 | combo_r=-0.5339 | combo_n=23 | pick=explore",
vwap_clone,PENGU-USDT-SWAP,short,2026-09-24T08:15:00+00:00,2026-09-24T08:45:00+00:00,0.009977009,0.009730493869,184118.4765,1836.951697,0.01012536898,27.31581264,10,183.6951697,1.995683472,1.814269502,0,43.39230694,tp,"VWAP sapma-dönüş (kaynak kuralları): kümülatif VWAP=0.00964017 (300 bar), σ=0.000143369; bu bar +2.60σ ile bandın dışında kapandı ve kapanış short yönünde döndü; stop 2×0.5σ (0.0101254), hedef VWAP mesafesinin %75'i (0.00972563); yönetim: breakeven 1R, kısmi %50 @ 1.5R, takip geri verme %50 | arm=vwap_revert_src | combo=band1_tp1 | combo_r=-0.5339 | combo_n=23 | pick=explore",
vwap_clone,ETH-USDT-SWAP,long,2026-09-24T09:00:00+00:00,2026-09-24T09:00:00+00:00,2669.51409,2655.910347,1.372715315,3664.482874,2657.238966,16.85025038,10,366.4482874,4.020660424,3.655142086,0,-22.69472712,stop,"VWAP sapma-dönüş (kaynak kuralları): kümülatif VWAP=2722.25 (300 bar), σ=8.75283; bu bar -6.74σ ile bandın dışında kapandı ve kapanış long yönünde döndü; stop 2.5×0.5σ (2657.24), hedef VWAP mesafesinin %75'i (2708.73); yönetim: breakeven 1R, kısmi %50 @ 1.5R, takip geri verme %50 | arm=vwap_revert_src | combo=band2_tp1 | combo_r=0.1273 | combo_n=6 | pick=exploit",
vwap_clone,SOL-USDT-SWAP,long,2026-09-24T09:00:00+00:00,2026-09-24T09:00:00+00:00,114.147045,113.4812919,32.08632758,3662.559478,113.5380609,19.5400618,10,366.2559478,4.017066562,3.651874265,0,-25.37863807,stop,"VWAP sapma-dönüş (kaynak kuralları): kümülatif VWAP=116.583 (300 bar), σ=0.441551; bu bar -6.25σ ile bandın dışında kapandı ve kapanış long yönünde döndü; stop 2.5×0.5σ (113.538), hedef VWAP mesafesinin %75'i (115.96); yönetim: breakeven 1R, kısmi %50 @ 1.5R, takip geri verme %50 | arm=vwap_revert_src | combo=band2_tp1 | combo_r=1.037 | combo_n=5 | pick=exploit",
vwap_clone,AVAX-USDT-SWAP,long,2026-09-23T16:15:00+00:00,2026-09-24T09:30:00+00:00,10.3321635,10.01421207,354.8583209,3666.454191,10.01922168,111.0500093,10,366.6454191,3.971044369,3.610013031,0.2339689265,-116.5647869,stop,"VWAP sapma-dönüş (kaynak kuralları): kümülatif VWAP=11.0365 (300 bar), σ=0.246223; bu bar -3.21σ ile bandın dışında kapandı ve kapanış long yönünde döndü; stop 2.5×0.5σ (10.0192), hedef VWAP mesafesinin %75'i (10.8591); yönetim: breakeven 1R, kısmi %50 @ 1.5R, takip geri verme %50 | arm=vwap_revert_src | combo=band2_tp1 | combo_r=0.2058 | combo_n=24 | pick=exploit",
vwap_clone,BTC-USDT-SWAP,long,2026-09-24T10:00:00+00:00,2026-09-24T13:15:00+00:00,83263.11075,83847.8302,0.02155453011,1794.697228,82845.33453,9.004970194,10,179.4697228,1.981098795,1.801002505,0,10.62225415,partial,"VWAP sapma-dönüş (kaynak kuralları): kümülatif VWAP=85108.2 (300 bar), σ=376.065; bu bar -5.22σ ile bandın dışında kapandı ve kapanış long yönünde döndü; stop 2×0.5σ (82845.3), hedef VWAP mesafesinin %50'i (84164.8); yönetim: breakeven 1R, kısmi %50 @ 1.5R, takip geri verme %50 | arm=vwap_revert_src | combo=band1_tp0 | combo_r=0.2183 | combo_n=11 | pick=exploit",
vwap_clone,BTC-USDT-SWAP,long,2026-09-24T10:00:00+00:00,2026-09-24T13:30:00+00:00,83263.11075,83689.03455,0.02155453011,1794.697228,82845.33453,9.004970194,10,179.4697228,1.979216274,1.799290266,0,7.201371098,stop,"VWAP sapma-dönüş (kaynak kuralları): kümülatif VWAP=85108.2 (300 bar), σ=376.065; bu bar -5.22σ ile bandın dışında kapandı ve kapanış long yönünde döndü; stop 2×0.5σ (82845.3), hedef VWAP mesafesinin %50'i (84164.8); yönetim: breakeven 1R, kısmi %50 @ 1.5R, takip geri verme %50 | arm=vwap_revert_src | combo=band1_tp0 | combo_r=0.2183 | combo_n=11 | pick=exploit",exit_rule=partial
vwap_clone,ETH-USDT-SWAP,long,2026-09-24T10:00:00+00:00,2026-09-24T13:30:00+00:00,2642.570625,2673.165791,0.6787917867,1793.755236,2621.282347,14.45030835,10,179.3755236,1.984553021,1.804144753,0,18.78319416,partial,"VWAP sapma-dönüş (kaynak kuralları): kümülatif VWAP=2720.64 (300 bar), σ=15.9741; bu bar -5.00σ ile bandın dışında kapandı ve kapanış long yönünde döndü; stop 2.5×0.5σ (2621.28), hedef VWAP mesafesinin %75'i (2700.79); yönetim: breakeven 1R, kısmi %50 @ 1.5R, takip geri verme %50 | arm=vwap_revert_src | combo=band2_tp1 | combo_r=-0.08328 | combo_n=7 | pick=exploit",
vwap_clone,ETH-USDT-SWAP,long,2026-09-24T10:00:00+00:00,2026-09-24T13:45:00+00:00,2642.570625,2662.877895,0.6787917867,1793.755236,2621.282347,14.45030835,10,179.3755236,1.980712184,1.800651336,0,11.8036959,stop,"VWAP sapma-dönüş (kaynak kuralları): kümülatif VWAP=2720.64 (300 bar), σ=15.9741; bu bar -5.00σ ile bandın dışında kapandı ve kapanış long yönünde döndü; stop 2.5×0.5σ (2621.28), hedef VWAP mesafesinin %75'i (2700.79); yönetim: breakeven 1R, kısmi %50 @ 1.5R, takip geri verme %50 | arm=vwap_revert_src | combo=band2_tp1 | combo_r=-0.08328 | combo_n=7 | pick=exploit",exit_rule=partial
vwap_clone,ETHFI-USDT-SWAP,long,2026-09-24T09:30:00+00:00,2026-09-24T14:15:00+00:00,0.65522745,0.6705181446,2766.628704,1812.771071,0.6448100357,28.8211173,10,181.2771071,2.017315199,1.833933943,0,40.28635937,partial,"VWAP sapma-dönüş (kaynak kuralları): kümülatif VWAP=0.699539 (300 bar), σ=0.00815197; bu bar -5.53σ ile bandın dışında kapandı ve kapanış long yönünde döndü; stop 2.5×0.5σ (0.64481), hedef VWAP mesafesinin %75'i (0.688404); yönetim: breakeven 1R, kısmi %50 @ 1.5R, takip geri verme %50 | arm=vwap_revert_src | combo=band2_tp1 | combo_r=0.2241 | combo_n=32 | pick=exploit",
vwap_clone,BTC-USDT-SWAP,long,2026-09-24T13:45:00+00:00,2026-09-24T14:15:00+00:00,83942.25015,84307.65226,0.02174750135,1825.534198,83670.53214,5.909187871,10,182.5534198,2.012458239,1.829509934,0,5.934124577,partial,"VWAP sapma-dönüş (kaynak kuralları): kümülatif VWAP=85270.2 (300 bar), σ=229.668; bu bar -5.65σ ile bandın dışında kapandı ve kapanış long yönünde döndü; stop 2×0.5σ (83670.5), hedef VWAP mesafesinin %50'i (84585.2); yönetim: breakeven 1R, kısmi %50 @ 1.5R, takip geri verme %50 | arm=vwap_revert_src | combo=band1_tp0 | combo_r=0.3369 | combo_n=13 | pick=exploit",
vwap_clone,BTC-USDT-SWAP,long,2026-09-24T13:45:00+00:00,2026-09-24T14:15:00+00:00,83942.25015,84542.89489,0.02174750135,1825.534198,83670.53214,5.909187871,10,182.5534198,2.015272005,1.832069183,0,11.04725028,tp,"VWAP sapma-dönüş (kaynak kuralları): kümülatif VWAP=85270.2 (300 bar), σ=229.668; bu bar -5.65σ ile bandın dışında kapandı ve kapanış long yönünde döndü; stop 2×0.5σ (83670.5), hedef VWAP mesafesinin %50'i (84585.2); yönetim: breakeven 1R, kısmi %50 @ 1.5R, takip geri verme %50 | arm=vwap_revert_src | combo=band1_tp0 | combo_r=0.3369 | combo_n=13 | pick=exploit",
vwap_clone,ETH-USDT-SWAP,long,2026-09-24T14:00:00+00:00,2026-09-24T14:15:00+00:00,2670.384525,2689.001632,0.6860162467,1831.927169,2657.076338,9.129632536,10,183.1927169,2.022144287,1.838316641,0,10.74949371,partial,"VWAP sapma-dönüş (kaynak kuralları): kümülatif VWAP=2719.33 (300 bar), σ=9.57893; bu bar -5.57σ ile bandın dışında kapandı ve kapanış long yönünde döndü; stop 2.5×0.5σ (2657.08), hedef VWAP mesafesinin %75'i (2706.76); yönetim: breakeven 1R, kısmi %50 @ 1.5R, takip geri verme %50 | arm=vwap_revert_src | combo=band2_tp1 | combo_r=0.1704 | combo_n=9 | pick=exploit",
vwap_clone,ETH-USDT-SWAP,long,2026-09-24T14:00:00+00:00,2026-09-24T14:30:00+00:00,2670.384525,2689.001632,0.6860162467,1831.927169,2657.076338,9.129632536,10,183.1927169,2.022144287,1.838316641,0,10.74949371,stop,"VWAP sapma-dönüş (kaynak kuralları): kümülatif VWAP=2719.33 (300 bar), σ=9.57893; bu bar -5.57σ ile bandın dışında kapandı ve kapanış long yönünde döndü; stop 2.5×0.5σ (2657.08), hedef VWAP mesafesinin %75'i (2706.76); yönetim: breakeven 1R, kısmi %50 @ 1.5R, takip geri verme %50 | arm=vwap_revert_src | combo=band2_tp1 | combo_r=0.1704 | combo_n=9 | pick=exploit",exit_rule=partial
vwap_clone,ETHFI-USDT-SWAP,long,2026-09-24T09:30:00+00:00,2026-09-24T14:45:00+00:00,0.65522745,0.6705181446,2766.628704,1812.771071,0.6448100357,28.8211173,10,181.2771071,2.017315199,1.833933943,0,40.28635937,stop,"VWAP sapma-dönüş (kaynak kuralları): kümülatif VWAP=0.699539 (300 bar), σ=0.00815197; bu bar -5.53σ ile bandın dışında kapandı ve kapanış long yönünde döndü; stop 2.5×0.5σ (0.64481), hedef VWAP mesafesinin %75'i (0.688404); yönetim: breakeven 1R, kısmi %50 @ 1.5R, takip geri verme %50 | arm=vwap_revert_src | combo=band2_tp1 | combo_r=0.2241 | combo_n=32 | pick=exploit",exit_rule=partial
vwap_clone,AVAX-USDT-SWAP,long,2026-09-24T14:30:00+00:00,2026-09-24T14:45:00+00:00,10.455225,10.32313933,354.9905434,3711.506004,10.32830349,45.05593757,10,371.1506004,4.056867565,3.688050623,0,-50.94603017,stop,"VWAP sapma-dönüş (kaynak kuralları): kümülatif VWAP=10.8292 (300 bar), σ=0.0965572; bu bar -4.51σ ile bandın dışında kapandı ve kapanış long yönünde döndü; stop 2.5×0.5σ (10.3283), hedef VWAP mesafesinin %75'i (10.7342); yönetim: breakeven 1R, kısmi %50 @ 1.5R, takip geri verme %50 | arm=vwap_revert_src | combo=band2_tp1 | combo_r=0.2922 | combo_n=37 | pick=exploit",
vwap_clone,PENGU-USDT-SWAP,short,2026-09-24T14:45:00+00:00,2026-09-24T14:45:00+00:00,0.010080957,0.009827976864,182654.5953,1841.333121,0.01025288478,31.40339894,10,184.1333121,2.000052042,1.818241136,0,44.20793236,partial,"VWAP sapma-dönüş (kaynak kuralları): kümülatif VWAP=0.00972531 (300 bar), σ=0.000132708; bu bar +3.15σ ile bandın dışında kapandı ve kapanış short yönünde döndü; stop 2.5×0.5σ (0.0102529), hedef VWAP mesafesinin %75'i (0.00981574); yönetim: breakeven 1R, kısmi %50 @ 1.5R, takip geri verme %50 | arm=vwap_revert_src | combo=band2_tp1 | combo_r=1.443 | combo_n=4 | pick=exploit",
vwap_clone,PENGU-USDT-SWAP,short,2026-09-24T14:45:00+00:00,2026-09-24T14:45:00+00:00,0.010080957,0.009820643652,182654.5953,1841.333121,0.01025288478,31.40339894,10,184.1333121,1.999315347,1.817571748,0,45.54811382,tp,"VWAP sapma-dönüş (kaynak kuralları): kümülatif VWAP=0.00972531 (300 bar), σ=0.000132708; bu bar +3.15σ ile bandın dışında kapandı ve kapanış short yönünde döndü; stop 2.5×0.5σ (0.0102529), hedef VWAP mesafesinin %75'i (0.00981574); yönetim: breakeven 1R, kısmi %50 @ 1.5R, takip geri verme %50 | arm=vwap_revert_src | combo=band2_tp1 | combo_r=1.443 | combo_n=4 | pick=exploit",
vwap_clone,BTC-USDT-SWAP,long,2026-09-24T15:15:00+00:00,2026-09-24T16:15:00+00:00,83906.3322,84548.33677,0.02213228242,1857.038641,83450.13228,10.0967455,10,185.7038641,2.05055747,1.864147173,0.006123119309,12.16459202,partial,"VWAP sapma-dönüş (kaynak kuralları): kümülatif VWAP=85229.7 (300 bar), σ=414.168; bu bar -3.59σ ile bandın dışında kapandı ve kapanış long yönünde döndü; stop 2×0.5σ (83450.1), hedef VWAP mesafesinin %50'i (84547); yönetim: breakeven 1R, kısmi %50 @ 1.5R, takip geri verme %50 | arm=vwap_revert_src | combo=band1_tp0 | combo_r=0.4836 | combo_n=15 | pick=exploit",
vwap_clone,BTC-USDT-SWAP,long,2026-09-24T15:15:00+00:00,2026-09-24T16:15:00+00:00,83906.3322,84504.7238,0.02213228242,1857.038641,83450.13228,10.0967455,10,185.7038641,2.05002658,1.863664304,0.006123119309,11.19986839,tp,"VWAP sapma-dönüş (kaynak kuralları): kümülatif VWAP=85229.7 (300 bar), σ=414.168; bu bar -3.59σ ile bandın dışında kapandı ve kapanış long yönünde döndü; stop 2×0.5σ (83450.1), hedef VWAP mesafesinin %50'i (84547); yönetim: breakeven 1R, kısmi %50 @ 1.5R, takip geri verme %50 | arm=vwap_revert_src | combo=band1_tp0 | combo_r=0.4836 | combo_n=15 | pick=exploit",
vwap_clone,ETH-USDT-SWAP,long,2026-09-24T15:15:00+00:00,2026-09-24T16:15:00+00:00,2663.921295,2692.585076,0.6967412781,1856.063928,2643.914131,13.93981736,10,185.6063928,2.052654502,1.866055007,-0.07775939294,17.84082531,partial,"VWAP sapma-dönüş (kaynak kuralları): kümülatif VWAP=2717.3 (300 bar), σ=14.9487; bu bar -3.87σ ile bandın dışında kapandı ve kapanış long yönünde döndü; stop 2.5×0.5σ (2643.91), hedef VWAP mesafesinin %75'i (2703.62); yönetim: breakeven 1R, kısmi %50 @ 1.5R, takip geri verme %50 | arm=vwap_revert_src | combo=band2_tp1 | combo_r=0.3535 | combo_n=11 | pick=exploit",
vwap_clone,DOGE-USDT-SWAP,long,2026-09-24T15:15:00+00:00,2026-09-24T16:15:00+00:00,0.09454725,0.09663781485,19620.76873,1855.089726,0.09312131138,27.97801192,10,185.5089726,2.063158868,1.875609694,-0.08669226613,38.86863837,partial,"VWAP sapma-dönüş (kaynak kuralları): kümülatif VWAP=0.0977837 (300 bar), σ=0.00111095; bu bar -3.04σ ile bandın dışında kapandı ve kapanış long yönünde döndü; stop 2.5×0.5σ (0.0931213), hedef VWAP mesafesinin %100'i (0.0977837); yönetim: breakeven 1R, kısmi %50 @ 1.5R, takip geri verme %50 | arm=vwap_revert_src | combo=band2_tp2 | combo_r=0.9236 | combo_n=5 | pick=exploit",
vwap_clone,ETH-USDT-SWAP,long,2026-09-24T15:15:00+00:00,2026-09-24T16:30:00+00:00,2663.921295,2692.585076,0.6967412781,1856.063928,2643.914131,13.93981736,10,185.6063928,2.052654502,1.866055007,-0.07775939294,17.84082531,stop,"VWAP sapma-dönüş (kaynak kuralları): kümülatif VWAP=2717.3 (300 bar), σ=14.9487; bu bar -3.87σ ile bandın dışında kapandı ve kapanış long yönünde döndü; stop 2.5×0.5σ (2643.91), hedef VWAP mesafesinin %75'i (2703.62); yönetim: breakeven 1R, kısmi %50 @ 1.5R, takip geri verme %50 | arm=vwap_revert_src | combo=band2_tp1 | combo_r=0.3535 | combo_n=11 | pick=exploit",exit_rule=partial
vwap_clone,DOGE-USDT-SWAP,long,2026-09-24T15:15:00+00:00,2026-09-24T16:30:00+00:00,0.09454725,0.09651172,19620.76873,1855.089726,0.09312131138,27.97801192,10,185.5089726,2.061798125,1.874372037,-0.08669226613,36.39592115,stop,"VWAP sapma-dönüş (kaynak kuralları): kümülatif VWAP=0.0977837 (300 bar), σ=0.00111095; bu bar -3.04σ ile bandın dışında kapandı ve kapanış long yönünde döndü; stop 2.5×0.5σ (0.0931213), hedef VWAP mesafesinin %100'i (0.0977837); yönetim: breakeven 1R, kısmi %50 @ 1.5R, takip geri verme %50 | arm=vwap_revert_src | combo=band2_tp2 | combo_r=0.9236 | combo_n=5 | pick=exploit",exit_rule=partial
vwap_clone,AVAX-USDT-SWAP,long,2026-09-24T16:30:00+00:00,2026-09-24T17:45:00+00:00,10.449222,10.26613618,362.0867647,3783.524988,10.27127182,64.43340508,10,378.3524988,4.125416363,3.750362877,0,-70.41836723,stop,"VWAP sapma-dönüş (kaynak kuralları): kümülatif VWAP=10.7851 (300 bar), σ=0.137383; bu bar -2.70σ ile bandın dışında kapandı ve kapanış long yönünde döndü; stop 2.5×0.5σ (10.2713), hedef VWAP mesafesinin %50'i (10.6141); yönetim: breakeven 1R, kısmi %50 @ 1.5R, takip geri verme %50 | arm=vwap_revert_src | combo=band2_tp0 | combo_r=-0.4173 | combo_n=17 | pick=explore",
vwap_clone,ETHFI-USDT-SWAP,long,2026-09-24T18:00:00+00:00,2026-09-24T18:00:00+00:00,0.67403685,0.666780212,5541.403952,3735.110464,0.6671137689,38.36358907,10,373.5110464,4.086504931,3.714995359,0,-44.29846744,stop,"VWAP sapma-dönüş (kaynak kuralları): kümülatif VWAP=0.689924 (300 bar), σ=0.00668623; bu bar -2.57σ ile bandın dışında kapandı ve kapanış long yönünde döndü; stop 2×0.5σ (0.667114), hedef VWAP mesafesinin %100'i (0.689924); yönetim: breakeven 1R, kısmi %50 @ 1.5R, takip geri verme %50 | arm=vwap_revert_src | combo=band1_tp2 | combo_r=0.02758 | combo_n=4 | pick=explore",
vwap_clone,PENGU-USDT-SWAP,short,2026-09-24T18:15:00+00:00,2026-09-24T18:30:00+00:00,0.009929033,0.00994392655,374340.815,3716.842305,0.009992316742,23.68968761,10,371.6842305,4.09159293,7.434614285,0,-9.666856388,stop,"VWAP sapma-dönüş (kaynak kuralları): kümülatif VWAP=0.00978297 (300 bar), σ=7.77557e-05; bu bar +1.89σ ile bandın dışında kapandı ve kapanış short yönünde döndü; stop 1.5×0.5σ (0.00999232), hedef VWAP mesafesinin %75'i (0.00982072); yönetim: breakeven 1R, kısmi %50 @ 1.5R, takip geri verme %50 | arm=vwap_revert_src | combo=band0_tp1 | combo_r=-0.4261 | combo_n=16 | pick=explore",exit_rule=breakeven
vwap_clone,AVAX-USDT-SWAP,long,2026-09-24T18:15:00+00:00,2026-09-24T19:00:00+00:00,10.3541745,10.34899741,359.1589274,3718.794207,10.25900564,34.1807452,10,371.8794207,4.08965096,3.717864973,0,-5.949048063,stop,"VWAP sapma-dönüş (kaynak kuralları): kümülatif VWAP=10.7619 (300 bar), σ=0.0899944; bu bar -5.00σ ile bandın dışında kapandı ve kapanış long yönünde döndü; stop 2×0.5σ (10.259), hedef VWAP mesafesinin %50'i (10.5554); yönetim: breakeven 1R, kısmi %50 @ 1.5R, takip geri verme %50 | arm=vwap_revert_src | combo=band1_tp0 | combo_r=-0.06024 | combo_n=35 | pick=exploit",exit_rule=breakeven
vwap_clone,NEAR-USDT-SWAP,short,2026-09-24T16:45:00+00:00,2026-09-24T19:15:00+00:00,4.6566705,4.789939509,811.6547706,3779.608826,4.782765361,102.3454957,10,377.9608826,4.217062344,7.713681271,0,-112.3854895,stop,"VWAP sapma-dönüş (kaynak kuralları): kümülatif VWAP=4.3991 (300 bar), σ=0.0998123; bu bar +2.89σ ile bandın dışında kapandı ve kapanış short yönünde döndü; stop 2.5×0.5σ (4.78277), hedef VWAP mesafesinin %75'i (4.46383); yönetim: breakeven 1R, kısmi %50 @ 1.5R, takip geri verme %50 | arm=vwap_revert_src | combo=band2_tp1 | combo_r=1.211 | combo_n=5 | pick=exploit",
vwap_clone,BTC-USDT-SWAP,long,2026-09-24T18:15:00+00:00,2026-09-24T19:45:00+00:00,84265.5117,84223.37894,0.04417822918,3722.701088,83934.84875,14.6081034,10,372.2701088,4.093947454,3.721770877,0,-5.955297997,stop,"VWAP sapma-dönüş (kaynak kuralları): kümülatif VWAP=85166.3 (300 bar), σ=288.651; bu bar -3.71σ ile bandın dışında kapandı ve kapanış long yönünde döndü; stop 2×0.5σ (83934.8), hedef VWAP mesafesinin %50'i (84694.9); yönetim: breakeven 1R, kısmi %50 @ 1.5R, takip geri verme %50 | arm=vwap_revert_src | combo=band1_tp0 | combo_r=0.5628 | combo_n=17 | pick=exploit",exit_rule=breakeven
vwap_clone,ETH-USDT-SWAP,long,2026-09-24T18:15:00+00:00,2026-09-24T19:45:00+00:00,2675.347005,2696.845577,0.6953765488,1860.373567,2660.115226,10.59182211,10,186.0373567,2.054633205,1.867852573,0,12.8949693,partial,"VWAP sapma-dönüş (kaynak kuralları): kümülatif VWAP=2714.24 (300 bar), σ=11.1238; bu bar -4.05σ ile bandın dışında kapandı ve kapanış long yönünde döndü; stop 2.5×0.5σ (2660.12), hedef VWAP mesafesinin %75'i (2704.18); yönetim: breakeven 1R, kısmi %50 @ 1.5R, takip geri verme %50 | arm=vwap_revert_src | combo=band2_tp1 | combo_r=0.496 | combo_n=13 | pick=exploit",
vwap_clone,PENGU-USDT-SWAP,short,2026-09-24T19:45:00+00:00,2026-09-24T19:45:00+00:00,0.0099520215,0.01003716479,368744.9497,3669.757667,0.01002213159,25.85274148,10,366.9757667,4.05400132,7.379212345,0,-35.45015841,stop,"VWAP sapma-dönüş (kaynak kuralları): kümülatif VWAP=0.00982336 (300 bar), σ=5.21053e-05; bu bar +3.12σ ile bandın dışında kapandı ve kapanış short yönünde döndü; stop 2.5×0.5σ (0.0100221), hedef VWAP mesafesinin %75'i (0.00985677); yönetim: breakeven 1R, kısmi %50 @ 1.5R, takip geri verme %50 | arm=vwap_revert_src | combo=band2_tp1 | combo_r=1.438 | combo_n=6 | pick=exploit",
vwap_clone,ETH-USDT-SWAP,long,2026-09-24T18:15:00+00:00,2026-09-24T20:00:00+00:00,2675.347005,2693.49258,0.6953765488,1860.373567,2660.115226,10.59182211,10,186.0373567,2.053350828,1.866686192,0,10.56465649,stop,"VWAP sapma-dönüş (kaynak kuralları): kümülatif VWAP=2714.24 (300 bar), σ=11.1238; bu bar -4.05σ ile bandın dışında kapandı ve kapanış long yönünde döndü; stop 2.5×0.5σ (2660.12), hedef VWAP mesafesinin %75'i (2704.18); yönetim: breakeven 1R, kısmi %50 @ 1.5R, takip geri verme %50 | arm=vwap_revert_src | combo=band2_tp1 | combo_r=0.496 | combo_n=13 | pick=exploit",exit_rule=partial
vwap_clone,AVAX-USDT-SWAP,long,2026-09-24T19:30:00+00:00,2026-09-24T20:00:00+00:00,10.4562255,10.38161875,351.8641776,3679.171186,10.38681215,24.4240707,10,367.9171186,4.032650011,3.666039818,0,-30.28409427,stop,"VWAP sapma-dönüş (kaynak kuralları): kümülatif VWAP=10.7495 (300 bar), σ=0.0631878; bu bar -4.92σ ile bandın dışında kapandı ve kapanış long yönünde döndü; stop 2×0.5σ (10.3868), hedef VWAP mesafesinin %50'i (10.5998); yönetim: breakeven 1R, kısmi %50 @ 1.5R, takip geri verme %50 | arm=vwap_revert_src | combo=band1_tp0 | combo_r=-0.0634 | combo_n=36 | pick=exploit",
vwap_clone,NEAR-USDT-SWAP,short,2026-09-24T19:45:00+00:00,2026-09-24T20:00:00+00:00,4.703647,4.801337872,779.7844067,3667.830585,4.794146652,70.57021745,10,366.7830585,4.076511444,7.442433913,0,-80.25433009,stop,"VWAP sapma-dönüş (kaynak kuralları): kümülatif VWAP=4.41869 (300 bar), σ=0.0713173; bu bar +4.45σ ile bandın dışında kapandı ve kapanış short yönünde döndü; stop 2.5×0.5σ (4.79415), hedef VWAP mesafesinin %75'i (4.49027); yönetim: breakeven 1R, kısmi %50 @ 1.5R, takip geri verme %50 | arm=vwap_revert_src | combo=band2_tp1 | combo_r=0.8264 | combo_n=6 | pick=exploit",
vwap_clone,DOGE-USDT-SWAP,long,2026-09-24T20:00:00+00:00,2026-09-24T20:30:00+00:00,0.0962481,0.09555545284,37685.01085,3627.110693,0.09560325447,24.30101072,10,362.7110693,3.975465433,3.614053863,0,-30.077881,stop,"VWAP sapma-dönüş (kaynak kuralları): kümülatif VWAP=0.0979639 (300 bar), σ=0.000596746; bu bar -2.96σ ile bandın dışında kapandı ve kapanış long yönünde döndü; stop 2×0.5σ (0.0956033), hedef VWAP mesafesinin %75'i (0.0975229); yönetim: breakeven 1R, kısmi %50 @ 1.5R, takip geri verme %50 | arm=vwap_revert_src | combo=band1_tp1 | combo_r=-0.3612 | combo_n=26 | pick=explore",
vwap_clone,NEAR-USDT-SWAP,short,2026-09-24T20:15:00+00:00,2026-09-24T20:30:00+00:00,4.731633,4.605674059,378.9391876,1793.001165,4.817140085,32.40198528,10,179.3001165,1.946049353,1.769148151,0,45.78472948,partial,"VWAP sapma-dönüş (kaynak kuralları): kümülatif VWAP=4.42262 (300 bar), σ=0.0673121; bu bar +4.90σ ile bandın dışında kapandı ve kapanış short yönünde döndü; stop 2.5×0.5σ (4.81714), hedef VWAP mesafesinin %75'i (4.50022); yönetim: breakeven 1R, kısmi %50 @ 1.5R, takip geri verme %50 | arm=vwap_revert_src | combo=band2_tp1 | combo_r=0.5459 | combo_n=7 | pick=exploit",
vwap_clone,NEAR-USDT-SWAP,short,2026-09-24T20:15:00+00:00,2026-09-24T20:45:00+00:00,4.731633,4.6379465,378.9391876,1793.001165,4.817140085,32.40198528,10,179.3001165,1.952775464,3.529250124,0,33.54871073,stop,"VWAP sapma-dönüş (kaynak kuralları): kümülatif VWAP=4.42262 (300 bar), σ=0.0673121; bu bar +4.90σ ile bandın dışında kapandı ve kapanış short yönünde döndü; stop 2.5×0.5σ (4.81714), hedef VWAP mesafesinin %75'i (4.50022); yönetim: breakeven 1R, kısmi %50 @ 1.5R, takip geri verme %50 | arm=vwap_revert_src | combo=band2_tp1 | combo_r=0.5459 | combo_n=7 | pick=exploit",exit_rule=partial
vwap_clone,PENGU-USDT-SWAP,short,2026-09-24T20:15:00+00:00,2026-09-24T21:00:00+00:00,0.0099360295,0.01001350179,361098.6077,3587.886419,0.009998504037,22.55946834,10,358.7886419,3.962061386,7.210509461,0,-31.93719856,stop,"VWAP sapma-dönüş (kaynak kuralları): kümülatif VWAP=0.00983035 (300 bar), σ=4.68032e-05; bu bar +2.99σ ile bandın dışında kapandı ve kapanış short yönünde döndü; stop 2.5×0.5σ (0.0099985), hedef VWAP mesafesinin %75'i (0.00985776); yönetim: breakeven 1R, kısmi %50 @ 1.5R, takip geri verme %50 | arm=vwap_revert_src | combo=band2_tp1 | combo_r=1.037 | combo_n=7 | pick=exploit",
vwap_clone,PENGU-USDT-SWAP,short,2026-09-24T21:15:00+00:00,2026-09-24T21:15:00+00:00,0.009931032,0.009973721299,362109.2909,3596.118956,0.009958783124,10.04893993,10,359.6118956,3.964232857,7.208210801,0,-19.42242463,stop,"VWAP sapma-dönüş (kaynak kuralları): kümülatif VWAP=0.00984116 (300 bar), σ=2.90442e-05; bu bar +4.13σ ile bandın dışında kapandı ve kapanış short yönünde döndü; stop 1.5×0.5σ (0.00995878), hedef VWAP mesafesinin %75'i (0.00986512); yönetim: breakeven 1R, kısmi %50 @ 1.5R, takip geri verme %50 | arm=vwap_revert_src | combo=band0_tp1 | combo_r=-0.2701 | combo_n=3 | pick=explore",
vwap_clone,LINK-USDT-SWAP,short,2026-09-24T21:15:00+00:00,2026-09-24T21:45:00+00:00,13.135429,13.3087633,273.916319,3598.00836,13.28883005,42.01905212,10,359.800836,3.983922697,7.25994525,0,-51.46301593,stop,"VWAP sapma-dönüş (kaynak kuralları): kümülatif VWAP=12.7859 (300 bar), σ=0.14583; bu bar +2.62σ ile bandın dışında kapandı ve kapanış short yönünde döndü; stop 2×0.5σ (13.2888), hedef VWAP mesafesinin %100'i (12.7859); yönetim: breakeven 1R, kısmi %50 @ 1.5R, takip geri verme %50 | arm=vwap_revert_src | combo=band1_tp2 | combo_r=-0.6365 | combo_n=27 | pick=unexplored",
vwap_clone,PENGU-USDT-SWAP,short,2026-09-24T21:45:00+00:00,2026-09-24T21:45:00+00:00,0.009919038,0.009862745807,180272.7684,1788.13244,0.009959852067,7.357664912,10,178.813244,1.961364312,1.783061448,0,8.186585084,partial,"VWAP sapma-dönüş (kaynak kuralları): kümülatif VWAP=0.00984959 (300 bar), σ=2.78817e-05; bu bar +2.99σ ile bandın dışında kapandı ve kapanış short yönünde döndü; stop 2.5×0.5σ (0.00995985), hedef VWAP mesafesinin %75'i (0.00986844); yönetim: breakeven 1R, kısmi %50 @ 1.5R, takip geri verme %50 | arm=vwap_revert_src | combo=band2_tp1 | combo_r=0.7303 | combo_n=8 | pick=exploit",
vwap_clone,PENGU-USDT-SWAP,short,2026-09-24T21:45:00+00:00,2026-09-24T21:45:00+00:00,0.009919038,0.009873379016,180272.7684,1788.13244,0.009959852067,7.357664912,10,178.813244,1.962418595,1.784019408,0,6.2686529,tp,"VWAP sapma-dönüş (kaynak kuralları): kümülatif VWAP=0.00984959 (300 bar), σ=2.78817e-05; bu bar +2.99σ ile bandın dışında kapandı ve kapanış short yönünde döndü; stop 2.5×0.5σ (0.00995985), hedef VWAP mesafesinin %75'i (0.00986844); yönetim: breakeven 1R, kısmi %50 @ 1.5R, takip geri verme %50 | arm=vwap_revert_src | combo=band2_tp1 | combo_r=0.7303 | combo_n=8 | pick=exploit",
vwap_clone,ETHFI-USDT-SWAP,long,2026-09-24T20:45:00+00:00,2026-09-24T22:00:00+00:00,0.6797397,0.6754518878,5319.839716,3616.106253,0.6757897827,21.01292693,10,361.6106253,3.965171118,3.604696215,0,-26.77564471,stop,"VWAP sapma-dönüş (kaynak kuralları): kümülatif VWAP=0.687679 (300 bar), σ=0.00288817; bu bar -3.24σ ile bandın dışında kapandı ve kapanış long yönünde döndü; stop 2.5×0.5σ (0.67579), hedef VWAP mesafesinin %75'i (0.685609); yönetim: breakeven 1R, kısmi %50 @ 1.5R, takip geri verme %50 | arm=vwap_revert_src | combo=band2_tp1 | combo_r=1.33 | combo_n=4 | pick=exploit",
vwap_clone,SOL-USDT-SWAP,short,2026-09-24T22:00:00+00:00,2026-09-24T22:00:00+00:00,116.711615,116.5453657,30.55991935,3566.697542,116.9624485,7.665451542,10,356.6697542,3.920572986,3.564159421,0,1.159991211,tp,"VWAP sapma-dönüş (kaynak kuralları): kümülatif VWAP=116.393 (300 bar), σ=0.256598; bu bar +1.85σ ile bandın dışında kapandı ve kapanış short yönünde döndü; stop 1.5×0.5σ (116.962), hedef VWAP mesafesinin %75'i (116.487); yönetim: breakeven 1R, kısmi %50 @ 1.5R, takip geri verme %50 | arm=vwap_revert_src | combo=band0_tp1 | combo_r=-0.5088 | combo_n=18 | pick=explore",
vwap_clone,ADA-USDT-SWAP,short,2026-09-24T22:00:00+00:00,2026-09-24T22:00:00+00:00,0.2480759,0.2473630358,14369.89478,3564.82458,0.2490944881,14.63700432,10,356.482458,3.915672957,3.559706139,0,6.328110768,tp,"VWAP sapma-dönüş (kaynak kuralları): kümülatif VWAP=0.246919 (300 bar), σ=0.000894488; bu bar +2.18σ ile bandın dışında kapandı ve kapanış short yönünde döndü; stop 2×0.5σ (0.249094), hedef VWAP mesafesinin %75'i (0.247239); yönetim: breakeven 1R, kısmi %50 @ 1.5R, takip geri verme %50 | arm=vwap_revert_src | combo=band1_tp1 | combo_r=-0.3937 | combo_n=27 | pick=unexplored",
vwap_clone,BTC-USDT-SWAP,long,2026-09-24T20:30:00+00:00,2026-09-24T22:15:00+00:00,84278.5182,84042.92486,0.04286245628,3612.384301,84084.96734,8.296065286,10,361.2384301,3.968068771,3.607333624,0,-14.06617818,stop,"VWAP sapma-dönüş (kaynak kuralları): kümülatif VWAP=85126.8 (300 bar), σ=151.433; bu bar -6.02σ ile bandın dışında kapandı ve kapanış long yönünde döndü; stop 2×0.5σ (84085), hedef VWAP mesafesinin %100'i (85126.8); yönetim: breakeven 1R, kısmi %50 @ 1.5R, takip geri verme %50 | arm=vwap_revert_src | combo=band1_tp2 | combo_r=-2.245 | combo_n=3 | pick=explore",
vwap_clone,ETH-USDT-SWAP,long,2026-09-24T20:30:00+00:00,2026-09-24T22:15:00+00:00,2688.553605,2675.408866,1.342911015,3610.488251,2676.74724,15.85489814,10,361.0488251,3.961828358,3.601658631,0,-21.61404318,stop,"VWAP sapma-dönüş (kaynak kuralları): kümülatif VWAP=2711.85 (300 bar), σ=8.37021; bu bar -3.13σ ile bandın dışında kapandı ve kapanış long yönünde döndü; stop 2.5×0.5σ (2676.75), hedef VWAP mesafesinin %75'i (2705.69); yönetim: breakeven 1R, kısmi %50 @ 1.5R, takip geri verme %50 | arm=vwap_revert_src | combo=band2_tp1 | combo_r=0.5775 | combo_n=15 | pick=exploit",
vwap_clone,NEAR-USDT-SWAP,short,2026-09-24T22:15:00+00:00,2026-09-24T22:30:00+00:00,4.5587195,4.631780999,780.8822203,3559.823005,4.624843733,51.63523799,10,355.9823005,3.947184139,7.197989268,0,-60.99960949,stop,"VWAP sapma-dönüş (kaynak kuralları): kümülatif VWAP=4.43791 (300 bar), σ=0.050275; bu bar +2.69σ ile bandın dışında kapandı ve kapanış short yönünde döndü; stop 2.5×0.5σ (4.62484), hedef VWAP mesafesinin %75'i (4.46893); yönetim: breakeven 1R, kısmi %50 @ 1.5R, takip geri verme %50 | arm=vwap_revert_src | combo=band2_tp1 | combo_r=0.6966 | combo_n=9 | pick=exploit",
vwap_clone,ETHFI-USDT-SWAP,long,2026-09-24T22:30:00+00:00,2026-09-24T22:45:00+00:00,0.68204085,0.6772936244,5206.910993,3551.326,0.6776324406,22.95419513,10,355.1326,3.89286349,3.538961514,0,-28.61124452,stop,"VWAP sapma-dönüş (kaynak kuralları): kümülatif VWAP=0.686924 (300 bar), σ=0.00317405; bu bar -2.74σ ile bandın dışında kapandı ve kapanış long yönünde döndü; stop 2.5×0.5σ (0.677632), hedef VWAP mesafesinin %75'i (0.685593); yönetim: breakeven 1R, kısmi %50 @ 1.5R, takip geri verme %50 | arm=vwap_revert_src | combo=band2_tp1 | combo_r=0.8095 | combo_n=5 | pick=exploit",
vwap_clone,XRP-USDT-SWAP,long,2026-09-24T23:00:00+00:00,2026-09-24T23:00:00+00:00,1.53286605,1.537899217,1143.975456,1753.561139,1.528997716,4.425279144,10,175.3561139,1.932084053,1.756441927,0,3.825735134,partial,"VWAP sapma-dönüş (kaynak kuralları): kümülatif VWAP=1.54125 (300 bar), σ=0.00413638; bu bar -2.10σ ile bandın dışında kapandı ve kapanış long yönünde döndü; stop 1.5×0.5σ (1.529), hedef VWAP mesafesinin %100'i (1.54125); yönetim: breakeven 1R, kısmi %50 @ 1.5R, takip geri verme %50 | arm=vwap_revert_src | combo=band0_tp2 | combo_r=-0.5305 | combo_n=21 | pick=explore",
vwap_clone,BTC-USDT-SWAP,long,2026-09-24T22:45:00+00:00,2026-09-24T23:15:00+00:00,84142.35015,84367.93907,0.02090327007,1758.850269,83963.82082,3.731846742,10,175.8850269,1.937328847,1.761209662,0,2.778217247,partial,"VWAP sapma-dönüş (kaynak kuralları): kümülatif VWAP=85079.6 (300 bar), σ=136.579; bu bar -7.16σ ile bandın dışında kapandı ve kapanış long yönünde döndü; stop 2×0.5σ (83963.8), hedef VWAP mesafesinin %50'i (84590); yönetim: breakeven 1R, kısmi %50 @ 1.5R, takip geri verme %50 | arm=vwap_revert_src | combo=band1_tp0 | combo_r=0.5089 | combo_n=18 | pick=exploit",
vwap_clone,XRP-USDT-SWAP,long,2026-09-24T23:00:00+00:00,2026-09-24T23:15:00+00:00,1.53286605,1.52993465,1143.975456,1753.561139,1.528997716,4.425279144,10,175.3561139,1.927072855,1.751884013,0,-5.280522507,stop,"VWAP sapma-dönüş (kaynak kuralları): kümülatif VWAP=1.54125 (300 bar), σ=0.00413638; bu bar -2.10σ ile bandın dışında kapandı ve kapanış long yönünde döndü; stop 1.5×0.5σ (1.529), hedef VWAP mesafesinin %100'i (1.54125); yönetim: breakeven 1R, kısmi %50 @ 1.5R, takip geri verme %50 | arm=vwap_revert_src | combo=band0_tp2 | combo_r=-0.5305 | combo_n=21 | pick=explore",exit_rule=partial
vwap_clone,BTC-USDT-SWAP,long,2026-09-24T22:45:00+00:00,2026-09-24T23:30:00+00:00,84142.35015,84347.50515,0.02090327007,1758.850269,83963.82082,3.731846742,10,175.8850269,1.937093922,1.760995987,0,2.351316449,stop,"VWAP sapma-dönüş (kaynak kuralları): kümülatif VWAP=85079.6 (300 bar), σ=136.579; bu bar -7.16σ ile bandın dışında kapandı ve kapanış long yönünde döndü; stop 2×0.5σ (83963.8), hedef VWAP mesafesinin %50'i (84590); yönetim: breakeven 1R, kısmi %50 @ 1.5R, takip geri verme %50 | arm=vwap_revert_src | combo=band1_tp0 | combo_r=0.5089 | combo_n=18 | pick=exploit",exit_rule=partial
vwap_clone,ETH-USDT-SWAP,long,2026-09-24T22:45:00+00:00,2026-09-25T00:00:00+00:00,2681.550105,2692.936697,0.6555637687,1757.927093,2673.060949,5.565183109,10,175.7927093,1.937825352,1.761661718,0.05930973502,5.586121613,partial,"VWAP sapma-dönüş (kaynak kuralları): kümülatif VWAP=2710.45 (300 bar), σ=7.14905; bu bar -4.21σ ile bandın dışında kapandı ve kapanış long yönünde döndü; stop 2×0.5σ (2673.06), hedef VWAP mesafesinin %50'i (2695.33); yönetim: breakeven 1R, kısmi %50 @ 1.5R, takip geri verme %50 | arm=vwap_revert_src | combo=band1_tp0 | combo_r=-0.1034 | combo_n=38 | pick=explore",
vwap_clone,ETH-USDT-SWAP,long,2026-09-24T22:45:00+00:00,2026-09-25T00:00:00+00:00,2681.550105,2693.984675,0.6555637687,1757.927093,2673.060949,5.565183109,10,175.7927093,1.938203211,1.762005398,0.05930973502,6.272760081,tp,"VWAP sapma-dönüş (kaynak kuralları): kümülatif VWAP=2710.45 (300 bar), σ=7.14905; bu bar -4.21σ ile bandın dışında kapandı ve kapanış long yönünde döndü; stop 2×0.5σ (2673.06), hedef VWAP mesafesinin %50'i (2695.33); yönetim: breakeven 1R, kısmi %50 @ 1.5R, takip geri verme %50 | arm=vwap_revert_src | combo=band1_tp0 | combo_r=-0.1034 | combo_n=38 | pick=explore",
vwap_clone,ADA-USDT-SWAP,short,2026-09-24T23:45:00+00:00,2026-09-25T00:00:00+00:00,0.24817585,0.2485481138,14127.67287,3506.147223,0.2487977393,8.785848362,10,350.6147223,3.859654516,7.013171421,0.3498011802,-8.76907417,stop,"VWAP sapma-dönüş (kaynak kuralları): kümülatif VWAP=0.246958 (300 bar), σ=0.000663652; bu bar +2.42σ ile bandın dışında kapandı ve kapanış short yönünde döndü; stop 1.5×0.5σ (0.248798), hedef VWAP mesafesinin %75'i (0.247293); yönetim: breakeven 1R, kısmi %50 @ 1.5R, takip geri verme %50 | arm=vwap_revert_src | combo=band0_tp1 | combo_r=-0.474 | combo_n=19 | pick=unexplored",exit_rule=breakeven
vwap_clone,BTC-USDT-SWAP,long,2026-09-25T00:00:00+00:00,2026-09-25T00:00:00+00:00,84411.5847,84560.66034,0.02077906481,1753.993789,84283.99995,2.651091776,10,175.3993789,1.931096877,1.755543829,0,1.166555574,partial,"VWAP sapma-dönüş (kaynak kuralları): kümülatif VWAP=85023.5 (300 bar), σ=113.867; bu bar -5.74σ ile bandın dışında kapandı ve kapanış long yönünde döndü; stop 1.5×0.5σ (84284), hedef VWAP mesafesinin %50'i (84696.4); yönetim: breakeven 1R, kısmi %50 @ 1.5R, takip geri verme %50 | arm=vwap_revert_src | combo=band0_tp0 | combo_r=-1.088 | combo_n=4 | pick=explore",
vwap_clone,BTC-USDT-SWAP,long,2026-09-25T00:00:00+00:00,2026-09-25T00:15:00+00:00,84411.5847,84560.66034,0.02077906481,1753.993789,84283.99995,2.651091776,10,175.3993789,1.931096877,1.755543829,0,1.166555574,stop,"VWAP sapma-dönüş (kaynak kuralları): kümülatif VWAP=85023.5 (300 bar), σ=113.867; bu bar -5.74σ ile bandın dışında kapandı ve kapanış long yönünde döndü; stop 1.5×0.5σ (84284), hedef VWAP mesafesinin %50'i (84696.4); yönetim: breakeven 1R, kısmi %50 @ 1.5R, takip geri verme %50 | arm=vwap_revert_src | combo=band0_tp0 | combo_r=-1.088 | combo_n=4 | pick=explore",exit_rule=partial
vwap_clone,ETH-USDT-SWAP,long,2026-09-25T00:15:00+00:00,2026-09-25T00:30:00+00:00,2695.016835,2687.065107,1.297441413,3496.626451,2688.409311,8.572874674,10,349.6626451,3.8406148,3.491466294,0,-14.15751626,stop,"VWAP sapma-dönüş (kaynak kuralları): kümülatif VWAP=2707.78 (300 bar), σ=4.20055; bu bar -3.71σ ile bandın dışında kapandı ve kapanış long yönünde döndü; stop 2.5×0.5σ (2688.41), hedef VWAP mesafesinin %75'i (2704.25); yönetim: breakeven 1R, kısmi %50 @ 1.5R, takip geri verme %50 | arm=vwap_revert_src | combo=band2_tp1 | combo_r=0.4562 | combo_n=16 | pick=exploit",
vwap_clone,LINK-USDT-SWAP,short,2026-09-24T22:15:00+00:00,2026-09-25T01:00:00+00:00,13.235379,13.42081901,269.1039931,3561.693339,13.40071794,44.49336776,10,356.1693339,3.94530913,7.191017599,0.3556209269,-53.49233603,stop,"VWAP sapma-dönüş (kaynak kuralları): kümülatif VWAP=12.7884 (300 bar), σ=0.126974; bu bar +3.58σ ile bandın dışında kapandı ve kapanış short yönünde döndü; stop 2.5×0.5σ (13.4007), hedef VWAP mesafesinin %100'i (12.7884); yönetim: breakeven 1R, kısmi %50 @ 1.5R, takip geri verme %50 | arm=vwap_revert_src | combo=band2_tp2 | combo_r=-0.1504 | combo_n=70 | pick=unexplored",
vwap_clone,DOGE-USDT-SWAP,long,2026-09-24T23:30:00+00:00,2026-09-25T01:00:00+00:00,0.09596796,0.09669065993,18290.954,1755.345542,0.0954539137,9.40239717,10,175.5345542,1.938150476,1.761958723,-0.1751175936,11.10560312,partial,"VWAP sapma-dönüş (kaynak kuralları): kümülatif VWAP=0.0978839 (300 bar), σ=0.000364869; bu bar -5.69σ ile bandın dışında kapandı ve kapanış long yönünde döndü; stop 2.5×0.5σ (0.0954539), hedef VWAP mesafesinin %100'i (0.0978839); yönetim: breakeven 1R, kısmi %50 @ 1.5R, takip geri verme %50 | arm=vwap_revert_src | combo=band2_tp2 | combo_r=1.044 | combo_n=7 | pick=exploit",
vwap_clone,SOL-USDT-SWAP,short,2026-09-25T00:30:00+00:00,2026-09-25T01:00:00+00:00,117.311315,117.9664827,29.79228095,3494.971655,117.789798,14.25510118,10,349.4971655,3.855204238,7.012200142,0,-23.37414555,stop,"VWAP sapma-dönüş (kaynak kuralları): kümülatif VWAP=116.336 (300 bar), σ=0.327838; bu bar +3.26σ ile bandın dışında kapandı ve kapanış short yönünde döndü; stop 2.5×0.5σ (117.79), hedef VWAP mesafesinin %75'i (116.597); yönetim: breakeven 1R, kısmi %50 @ 1.5R, takip geri verme %50 | arm=vwap_revert_src | combo=band2_tp1 | combo_r=0.6476 | combo_n=6 | pick=exploit",
vwap_clone,ADA-USDT-SWAP,short,2026-09-25T00:45:00+00:00,2026-09-25T01:00:00+00:00,0.2490754,0.2506521038,14044.46919,3498.131782,0.2502766888,16.87146289,10,349.8131782,3.860124143,7.02244573,0,-26.0040919,stop,"VWAP sapma-dönüş (kaynak kuralları): kümülatif VWAP=0.246991 (300 bar), σ=0.000861351; bu bar +2.80σ ile bandın dışında kapandı ve kapanış short yönünde döndü; stop 2.5×0.5σ (0.250277), hedef VWAP mesafesinin %75'i (0.247544); yönetim: breakeven 1R, kısmi %50 @ 1.5R, takip geri verme %50 | arm=vwap_revert_src | combo=band2_tp1 | combo_r=0.2129 | combo_n=59 | pick=exploit",
vwap_clone,DOGE-USDT-SWAP,long,2026-09-24T23:30:00+00:00,2026-09-25T01:15:00+00:00,0.09596796,0.096581685,18290.954,1755.345542,0.0954539137,9.40239717,10,175.5345542,1.937054185,1.760961597,-0.1751175936,9.113443968,stop,"VWAP sapma-dönüş (kaynak kuralları): kümülatif VWAP=0.0978839 (300 bar), σ=0.000364869; bu bar -5.69σ ile bandın dışında kapandı ve kapanış long yönünde döndü; stop 2.5×0.5σ (0.0954539), hedef VWAP mesafesinin %100'i (0.0978839); yönetim: breakeven 1R, kısmi %50 @ 1.5R, takip geri verme %50 | arm=vwap_revert_src | combo=band2_tp2 | combo_r=1.044 | combo_n=7 | pick=exploit",exit_rule=partial
vwap_clone,BTC-USDT-SWAP,long,2026-09-25T00:30:00+00:00,2026-09-25T01:15:00+00:00,84673.1154,84461.45334,0.04129772509,3496.807042,84503.70519,6.996256272,10,349.6807042,3.841680107,3.492435149,0,-12.58284177,stop,"VWAP sapma-dönüş (kaynak kuralları): kümülatif VWAP=85012.6 (300 bar), σ=126.995; bu bar -3.33σ ile bandın dışında kapandı ve kapanış long yönünde döndü; stop 2×0.5σ (84503.7), hedef VWAP mesafesinin %50'i (84821.7); yönetim: breakeven 1R, kısmi %50 @ 1.5R, takip geri verme %50 | arm=vwap_revert_src | combo=band1_tp0 | combo_r=0.5267 | combo_n=20 | pick=exploit",
vwap_clone,ETH-USDT-SWAP,long,2026-09-25T01:15:00+00:00,2026-09-25T01:15:00+00:00,2693.836245,2686.552697,1.284313008,3459.728932,2687.896646,7.628304606,10,345.9728932,3.80055693,3.45505028,0,-13.15491185,stop,"VWAP sapma-dönüş (kaynak kuralları): kümülatif VWAP=2707.18 (300 bar), σ=3.66668; bu bar -3.92σ ile bandın dışında kapandı ve kapanış long yönünde döndü; stop 2.5×0.5σ (2687.9), hedef VWAP mesafesinin %75'i (2703.5); yönetim: breakeven 1R, kısmi %50 @ 1.5R, takip geri verme %50 | arm=vwap_revert_src | combo=band2_tp1 | combo_r=0.3323 | combo_n=17 | pick=exploit",
vwap_clone,LINK-USDT-SWAP,short,2026-09-25T01:30:00+00:00,2026-09-25T01:30:00+00:00,13.37331,13.25986025,128.7430806,1721.721127,13.45336091,10.30600131,10,172.1721127,1.885860011,1.714422271,0,12.7200109,partial,"VWAP sapma-dönüş (kaynak kuralları): kümülatif VWAP=12.7913 (300 bar), σ=0.0586887; bu bar +10.13σ ile bandın dışında kapandı ve kapanış short yönünde döndü; stop 2.5×0.5σ (13.4534), hedef VWAP mesafesinin %50'i (13.0856); yönetim: breakeven 1R, kısmi %50 @ 1.5R, takip geri verme %50 | arm=vwap_revert_src | combo=band2_tp0 | combo_r=-0.4548 | combo_n=18 | pick=unexplored",
vwap_clone,ADA-USDT-SWAP,short,2026-09-25T01:30:00+00:00,2026-09-25T01:45:00+00:00,0.25057465,0.250950512,13749.40139,3445.251442,0.2519988171,19.58144568,10,344.5251442,3.792618918,6.891364627,0,-8.96049608,stop,"VWAP sapma-dönüş (kaynak kuralları): kümülatif VWAP=0.247031 (300 bar), σ=0.00129882; bu bar +3.44σ ile bandın dışında kapandı ve kapanış short yönünde döndü; stop 2×0.5σ (0.251999), hedef VWAP mesafesinin %75'i (0.247948); yönetim: breakeven 1R, kısmi %50 @ 1.5R, takip geri verme %50 | arm=vwap_revert_src | combo=band1_tp1 | combo_r=-0.3642 | combo_n=28 | pick=explore",exit_rule=breakeven
vwap_clone,LINK-USDT-SWAP,short,2026-09-25T01:30:00+00:00,2026-09-25T01:45:00+00:00,13.37331,13.394061,128.7430806,1721.721127,13.45336091,10.30600131,10,172.1721127,1.895362591,3.444006148,0,-4.566910256,stop,"VWAP sapma-dönüş (kaynak kuralları): kümülatif VWAP=12.7913 (300 bar), σ=0.0586887; bu bar +10.13σ ile bandın dışında kapandı ve kapanış short yönünde döndü; stop 2.5×0.5σ (13.4534), hedef VWAP mesafesinin %50'i (13.0856); yönetim: breakeven 1R, kısmi %50 @ 1.5R, takip geri verme %50 | arm=vwap_revert_src | combo=band2_tp0 | combo_r=-0.4548 | combo_n=18 | pick=unexplored",exit_rule=partial
vwap_clone,SOL-USDT-SWAP,short,2026-09-25T01:30:00+00:00,2026-09-25T02:00:00+00:00,117.36129,118.08609,29.37136751,3447.06158,117.9092261,16.09363331,10,344.706158,3.803476339,6.919125806,0,-25.09184247,stop,"VWAP sapma-dönüş (kaynak kuralları): kümülatif VWAP=116.314 (300 bar), σ=0.383381; bu bar +3.08σ ile bandın dışında kapandı ve kapanış short yönünde döndü; stop 2.5×0.5σ (117.909), hedef VWAP mesafesinin %75'i (116.593); yönetim: breakeven 1R, kısmi %50 @ 1.5R, takip geri verme %50 | arm=vwap_revert_src | combo=band2_tp1 | combo_r=0.3209 | combo_n=7 | pick=exploit",
vwap_clone,BNB-USDT-SWAP,long,2026-09-25T01:45:00+00:00,2026-09-25T02:00:00+00:00,777.28845,778.6554036,4.442317656,3452.962205,775.2403764,9.09819334,10,345.2962205,3.801598268,3.456000808,0,2.270843783,tp,"VWAP sapma-dönüş (kaynak kuralları): kümülatif VWAP=779.793 (300 bar), σ=1.2477; bu bar -2.61σ ile bandın dışında kapandı ve kapanış long yönünde döndü; stop 2.5×0.5σ (775.24), hedef VWAP mesafesinin %75'i (779.045); yönetim: breakeven 1R, kısmi %50 @ 1.5R, takip geri verme %50 | arm=vwap_revert_src | combo=band2_tp1 | combo_r=0.1235 | combo_n=62 | pick=exploit",
vwap_clone,BTC-USDT-SWAP,long,2026-09-25T02:00:00+00:00,2026-09-25T02:00:00+00:00,84619.38855,84741.4047,0.04068077714,3442.382487,84410.65254,8.491542987,10,344.2382487,3.789350778,3.444866445,0,1.174360886,tp,"VWAP sapma-dönüş (kaynak kuralları): kümülatif VWAP=84990.5 (300 bar), σ=166.447; bu bar -2.70σ ile bandın dışında kapandı ve kapanış long yönünde döndü; stop 2×0.5σ (84410.7), hedef VWAP mesafesinin %50'i (84783.8); yönetim: breakeven 1R, kısmi %50 @ 1.5R, takip geri verme %50 | arm=vwap_revert_src | combo=band1_tp0 | combo_r=0.416 | combo_n=21 | pick=exploit",
vwap_clone,ETH-USDT-SWAP,long,2026-09-25T02:15:00+00:00,2026-09-25T02:15:00+00:00,2697.077865,2689.380342,1.275669164,3440.579066,2690.725705,8.103254585,10,344.0579066,3.779236252,3.435667724,0,-13.59872874,stop,"VWAP sapma-dönüş (kaynak kuralları): kümülatif VWAP=2706.33 (300 bar), σ=4.00344; bu bar -3.16σ ile bandın dışında kapandı ve kapanış long yönünde döndü; stop 2.5×0.5σ (2690.73), hedef VWAP mesafesinin %75'i (2703.68); yönetim: breakeven 1R, kısmi %50 @ 1.5R, takip geri verme %50 | arm=vwap_revert_src | combo=band2_tp1 | combo_r=0.218 | combo_n=18 | pick=exploit",
vwap_clone,DOGE-USDT-SWAP,long,2026-09-25T02:15:00+00:00,2026-09-25T02:15:00+00:00,0.096358155,0.09577076109,35687.41215,3438.773192,0.09581867042,19.25280838,10,343.8773192,3.771121098,3.428287524,0,-24.73368967,stop,"VWAP sapma-dönüş (kaynak kuralları): kümülatif VWAP=0.0977652 (300 bar), σ=0.000385064; bu bar -3.93σ ile bandın dışında kapandı ve kapanış long yönünde döndü; stop 2.5×0.5σ (0.0958187), hedef VWAP mesafesinin %100'i (0.0977652); yönetim: breakeven 1R, kısmi %50 @ 1.5R, takip geri verme %50 | arm=vwap_revert_src | combo=band2_tp2 | combo_r=1.051 | combo_n=9 | pick=exploit",
vwap_clone,ADA-USDT-SWAP,short,2026-09-25T02:30:00+00:00,2026-09-25T02:30:00+00:00,0.24937525,0.24769932,6849.038575,1707.980707,0.2505750619,8.217557731,10,170.7980707,1.872465597,1.702244747,0,9.606043814,partial,"VWAP sapma-dönüş (kaynak kuralları): kümülatif VWAP=0.247061 (300 bar), σ=0.00130008; bu bar +2.39σ ile bandın dışında kapandı ve kapanış short yönünde döndü; stop 1.5×0.5σ (0.250575), hedef VWAP mesafesinin %75'i (0.247695); yönetim: breakeven 1R, kısmi %50 @ 1.5R, takip geri verme %50 | arm=vwap_revert_src | combo=band0_tp1 | combo_r=-0.5002 | combo_n=20 | pick=explore",
vwap_clone,ADA-USDT-SWAP,short,2026-09-25T02:30:00+00:00,2026-09-25T02:30:00+00:00,0.24937525,0.2478192867,6849.038575,1707.980707,0.2505750619,8.217557731,10,170.7980707,1.872917508,1.70265537,0,8.783935373,tp,"VWAP sapma-dönüş (kaynak kuralları): kümülatif VWAP=0.247061 (300 bar), σ=0.00130008; bu bar +2.39σ ile bandın dışında kapandı ve kapanış short yönünde döndü; stop 1.5×0.5σ (0.250575), hedef VWAP mesafesinin %75'i (0.247695); yönetim: breakeven 1R, kısmi %50 @ 1.5R, takip geri verme %50 | arm=vwap_revert_src | combo=band0_tp1 | combo_r=-0.5002 | combo_n=20 | pick=explore",
vwap_clone,LINK-USDT-SWAP,short,2026-09-25T02:15:00+00:00,2026-09-25T02:45:00+00:00,13.385304,13.28545394,128.3858874,1718.484133,13.45629698,9.114496832,10,171.8484133,1.883281909,1.712078096,0,10.93605714,partial,"VWAP sapma-dönüş (kaynak kuralları): kümülatif VWAP=12.7984 (300 bar), σ=0.063297; bu bar +9.86σ ile bandın dışında kapandı ve kapanış short yönünde döndü; stop 2×0.5σ (13.4563), hedef VWAP mesafesinin %50'i (13.0957); yönetim: breakeven 1R, kısmi %50 @ 1.5R, takip geri verme %50 | arm=vwap_revert_src | combo=band1_tp0 | combo_r=-0.04738 | combo_n=44 | pick=unexplored",
vwap_clone,SOL-USDT-SWAP,short,2026-09-25T02:30:00+00:00,2026-09-25T02:45:00+00:00,117.86104,116.9200534,14.49909216,1708.878082,118.5273183,9.660430453,10,170.8878082,1.872261991,1.702060192,0,11.77118997,partial,"VWAP sapma-dönüş (kaynak kuralları): kümülatif VWAP=116.299 (300 bar), σ=0.485855; bu bar +3.54σ ile bandın dışında kapandı ve kapanış short yönünde döndü; stop 2.5×0.5σ (118.527), hedef VWAP mesafesinin %75'i (116.704); yönetim: breakeven 1R, kısmi %50 @ 1.5R, takip geri verme %50 | arm=vwap_revert_src | combo=band2_tp1 | combo_r=0.08587 | combo_n=8 | pick=exploit",
vwap_clone,NEAR-USDT-SWAP,short,2026-09-25T02:45:00+00:00,2026-09-25T02:45:00+00:00,4.485756,4.449301335,381.7584418,1712.475221,4.511541469,9.843820488,10,171.2475221,1.876068461,1.705520689,0,12.04080753,partial,"VWAP sapma-dönüş (kaynak kuralları): kümülatif VWAP=4.45446 (300 bar), σ=0.0313886; bu bar +2.29σ ile bandın dışında kapandı ve kapanış short yönünde döndü; stop 1.5×0.5σ (4.51154), hedef VWAP mesafesinin %50'i (4.47123); yönetim: breakeven 1R, kısmi %50 @ 1.5R, takip geri verme %50 | arm=vwap_revert_src | combo=band0_tp0 | combo_r=-1.201 | combo_n=17 | pick=explore",
vwap_clone,NEAR-USDT-SWAP,short,2026-09-25T02:45:00+00:00,2026-09-25T02:45:00+00:00,4.485756,4.473464657,381.7584418,1712.475221,4.511541469,9.843820488,10,171.2475221,1.881141965,1.71013066,0,2.811182069,tp,"VWAP sapma-dönüş (kaynak kuralları): kümülatif VWAP=4.45446 (300 bar), σ=0.0313886; bu bar +2.29σ ile bandın dışında kapandı ve kapanış short yönünde döndü; stop 1.5×0.5σ (4.51154), hedef VWAP mesafesinin %50'i (4.47123); yönetim: breakeven 1R, kısmi %50 @ 1.5R, takip geri verme %50 | arm=vwap_revert_src | combo=band0_tp0 | combo_r=-1.201 | combo_n=17 | pick=explore",
vwap_clone,LINK-USDT-SWAP,short,2026-09-25T02:15:00+00:00,2026-09-25T03:00:00+00:00,13.385304,13.29873275,128.3858874,1718.484133,13.45629698,9.114496832,10,171.8484133,1.884219556,3.416890483,0,9.23030711,stop,"VWAP sapma-dönüş (kaynak kuralları): kümülatif VWAP=12.7984 (300 bar), σ=0.063297; bu bar +9.86σ ile bandın dışında kapandı ve kapanış short yönünde döndü; stop 2×0.5σ (13.4563), hedef VWAP mesafesinin %50'i (13.0957); yönetim: breakeven 1R, kısmi %50 @ 1.5R, takip geri verme %50 | arm=vwap_revert_src | combo=band1_tp0 | combo_r=-0.04738 | combo_n=44 | pick=unexplored",exit_rule=partial
vwap_clone,SOL-USDT-SWAP,short,2026-09-25T02:30:00+00:00,2026-09-25T03:00:00+00:00,117.86104,117.036915,14.49909216,1708.878082,118.5273183,9.660430453,10,170.8878082,1.873193904,3.396447628,0,10.07587062,stop,"VWAP sapma-dönüş (kaynak kuralları): kümülatif VWAP=116.299 (300 bar), σ=0.485855; bu bar +3.54σ ile bandın dışında kapandı ve kapanış short yönünde döndü; stop 2.5×0.5σ (118.527), hedef VWAP mesafesinin %75'i (116.704); yönetim: breakeven 1R, kısmi %50 @ 1.5R, takip geri verme %50 | arm=vwap_revert_src | combo=band2_tp1 | combo_r=0.08587 | combo_n=8 | pick=exploit",exit_rule=partial
vwap_clone,AVAX-USDT-SWAP,long,2026-09-25T01:45:00+00:00,2026-09-25T03:15:00+00:00,10.26513,10.09843996,336.2012786,3451.149831,10.1034917,54.34300147,10,345.1149831,3.765442042,3.423115974,0,-59.80684692,stop,"VWAP sapma-dönüş (kaynak kuralları): kümülatif VWAP=10.6913 (300 bar), σ=0.126007; bu bar -3.53σ ile bandın dışında kapandı ve kapanış long yönünde döndü; stop 2.5×0.5σ (10.1035), hedef VWAP mesafesinin %100'i (10.6913); yönetim: breakeven 1R, kısmi %50 @ 1.5R, takip geri verme %50 | arm=vwap_revert_src | combo=band2_tp2 | combo_r=-0.2845 | combo_n=7 | pick=exploit",
vwap_clone,BTC-USDT-SWAP,long,2026-09-25T03:15:00+00:00,2026-09-25T03:30:00+00:00,84272.41515,83992.87912,0.04072678403,3432.144451,84034.89656,9.673368174,10,343.2144451,3.769097364,3.42645016,0,-15.15370108,stop,"VWAP sapma-dönüş (kaynak kuralları): kümülatif VWAP=84967 (300 bar), σ=195.303; bu bar -3.79σ ile bandın dışında kapandı ve kapanış long yönünde döndü; stop 2×0.5σ (84034.9), hedef VWAP mesafesinin %50'i (84598.6); yönetim: breakeven 1R, kısmi %50 @ 1.5R, takip geri verme %50 | arm=vwap_revert_src | combo=band1_tp0 | combo_r=0.4034 | combo_n=22 | pick=exploit",
vwap_clone,LINK-USDT-SWAP,short,2026-09-25T03:30:00+00:00,2026-09-25T03:30:00+00:00,13.3003465,13.3735566,257.031307,3418.605445,13.35352631,13.66887644,10,341.8605445,3.770815498,6.858569284,0,-22.58810342,stop,"VWAP sapma-dönüş (kaynak kuralları): kümülatif VWAP=12.8031 (300 bar), σ=0.0620351; bu bar +8.75σ ile bandın dışında kapandı ve kapanış short yönünde döndü; stop 1.5×0.5σ (13.3535), hedef VWAP mesafesinin %50'i (13.0551); yönetim: breakeven 1R, kısmi %50 @ 1.5R, takip geri verme %50 | arm=vwap_revert_src | combo=band0_tp0 | combo_r=-0.9956 | combo_n=19 | pick=unexplored",
vwap_clone,AVAX-USDT-SWAP,long,2026-09-25T03:30:00+00:00,2026-09-25T04:00:00+00:00,10.149072,10.20117266,168.5080532,1710.200364,10.11093614,6.426200329,10,171.0200364,1.88604906,1.714592678,0,6.893331602,partial,"VWAP sapma-dönüş (kaynak kuralları): kümülatif VWAP=10.6768 (300 bar), σ=0.0427518; bu bar -12.81σ ile bandın dışında kapandı ve kapanış long yönünde döndü; stop 1.5×0.5σ (10.1109), hedef VWAP mesafesinin %75'i (10.5434); yönetim: breakeven 1R, kısmi %50 @ 1.5R, takip geri verme %50 | arm=vwap_revert_src | combo=band0_tp1 | combo_r=-0.353 | combo_n=22 | pick=exploit",
vwap_clone,ETHFI-USDT-SWAP,long,2026-09-25T03:15:00+00:00,2026-09-25T04:15:00+00:00,0.664332,0.6744213235,2581.798712,1715.171502,0.6573808648,17.946432,10,171.5171502,1.901015384,1.728202747,0,24.14758704,partial,"VWAP sapma-dönüş (kaynak kuralları): kümülatif VWAP=0.684968 (300 bar), σ=0.00529531; bu bar -3.87σ ile bandın dışında kapandı ve kapanış long yönünde döndü; stop 2.5×0.5σ (0.657381), hedef VWAP mesafesinin %75'i (0.679726); yönetim: breakeven 1R, kısmi %50 @ 1.5R, takip geri verme %50 | arm=vwap_revert_src | combo=band2_tp1 | combo_r=0.4668 | combo_n=6 | pick=exploit",
vwap_clone,AVAX-USDT-SWAP,long,2026-09-25T03:30:00+00:00,2026-09-25T04:15:00+00:00,10.149072,10.182906,168.5080532,1710.200364,10.11093614,6.426200329,10,171.0200364,1.884356116,1.713052868,0,3.816945354,stop,"VWAP sapma-dönüş (kaynak kuralları): kümülatif VWAP=10.6768 (300 bar), σ=0.0427518; bu bar -12.81σ ile bandın dışında kapandı ve kapanış long yönünde döndü; stop 1.5×0.5σ (10.1109), hedef VWAP mesafesinin %75'i (10.5434); yönetim: breakeven 1R, kısmi %50 @ 1.5R, takip geri verme %50 | arm=vwap_revert_src | combo=band0_tp1 | combo_r=-0.353 | combo_n=22 | pick=exploit",exit_rule=partial
vwap_clone,ETHFI-USDT-SWAP,long,2026-09-25T03:15:00+00:00,2026-09-25T04:30:00+00:00,0.664332,0.67376295,2581.798712,1715.171502,0.6573808648,17.946432,10,171.5171502,1.9000805,1.727352428,0,22.44873406,stop,"VWAP sapma-dönüş (kaynak kuralları): kümülatif VWAP=0.684968 (300 bar), σ=0.00529531; bu bar -3.87σ ile bandın dışında kapandı ve kapanış long yönünde döndü; stop 2.5×0.5σ (0.657381), hedef VWAP mesafesinin %75'i (0.679726); yönetim: breakeven 1R, kısmi %50 @ 1.5R, takip geri verme %50 | arm=vwap_revert_src | combo=band2_tp1 | combo_r=0.4668 | combo_n=6 | pick=exploit",exit_rule=partial
vwap_clone,LINK-USDT-SWAP,short,2026-09-25T04:15:00+00:00,2026-09-25T04:30:00+00:00,13.3023455,13.39722711,257.1234827,3420.345404,13.37716137,19.23691758,10,342.0345404,3.775797904,6.870401698,0,-28.17208897,stop,"VWAP sapma-dönüş (kaynak kuralları): kümülatif VWAP=12.8061 (300 bar), σ=0.0553291; bu bar +9.69σ ile bandın dışında kapandı ve kapanış short yönünde döndü; stop 2.5×0.5σ (13.3772), hedef VWAP mesafesinin %75'i (12.9316); yönetim: breakeven 1R, kısmi %50 @ 1.5R, takip geri verme %50 | arm=vwap_revert_src | combo=band2_tp1 | combo_r=0.1035 | combo_n=67 | pick=unexplored",
vwap_clone,LINK-USDT-SWAP,short,2026-09-25T05:00:00+00:00,2026-09-25T05:45:00+00:00,13.377308,13.45839314,255.354849,3415.960464,13.43823578,15.5582045,10,341.5960464,3.768944526,6.856112652,0,-24.47442703,stop,"VWAP sapma-dönüş (kaynak kuralları): kümülatif VWAP=12.8093 (300 bar), σ=0.0449886; bu bar +12.77σ ile bandın dışında kapandı ve kapanış short yönünde döndü; stop 2.5×0.5σ (13.4382), hedef VWAP mesafesinin %75'i (12.9525); yönetim: breakeven 1R, kısmi %50 @ 1.5R, takip geri verme %50 | arm=vwap_revert_src | combo=band2_tp1 | combo_r=0.1152 | combo_n=70 | pick=exploit",
vwap_clone,BTC-USDT-SWAP,long,2026-09-25T03:45:00+00:00,2026-09-25T06:00:00+00:00,84219.98895,83957.8558,0.04049452993,3410.448864,83999.85572,8.914191501,10,341.0448864,3.745655523,3.405139582,0,-14.36061436,stop,"VWAP sapma-dönüş (kaynak kuralları): kümülatif VWAP=84958.1 (300 bar), σ=178.044; bu bar -4.31σ ile bandın dışında kapandı ve kapanış long yönünde döndü; stop 2×0.5σ (83999.9), hedef VWAP mesafesinin %50'i (84568); yönetim: breakeven 1R, kısmi %50 @ 1.5R, takip geri verme %50 | arm=vwap_revert_src | combo=band1_tp0 | combo_r=0.3177 | combo_n=23 | pick=exploit",
vwap_clone,LINK-USDT-SWAP,short,2026-09-25T06:15:00+00:00,2026-09-25T06:15:00+00:00,13.335329,13.41574152,254.8092539,3397.965233,13.39564805,15.36985118,10,339.7965233,3.749031176,6.819835158,0,-24.23888498,stop,"VWAP sapma-dönüş (kaynak kuralları): kümülatif VWAP=12.8136 (300 bar), σ=0.0421184; bu bar +13.13σ ile bandın dışında kapandı ve kapanış short yönünde döndü; stop 2.5×0.5σ (13.3956), hedef VWAP mesafesinin %75'i (12.946); yönetim: breakeven 1R, kısmi %50 @ 1.5R, takip geri verme %50 | arm=vwap_revert_src | combo=band2_tp1 | combo_r=0.09142 | combo_n=71 | pick=exploit",
vwap_clone,LINK-USDT-SWAP,short,2026-09-25T07:00:00+00:00,2026-09-25T07:15:00+00:00,13.3823055,13.40237896,252.4655988,3378.571771,13.42791508,11.51485005,10,337.8571771,3.71921627,6.757988608,0,-8.787073927,stop,"VWAP sapma-dönüş (kaynak kuralları): kümülatif VWAP=12.8168 (300 bar), σ=0.0379151; bu bar +14.99σ ile bandın dışında kapandı ve kapanış short yönünde döndü; stop 2×0.5σ (13.4279), hedef VWAP mesafesinin %50'i (13.1034); yönetim: breakeven 1R, kısmi %50 @ 1.5R, takip geri verme %50 | arm=vwap_revert_src | combo=band1_tp0 | combo_r=-0.06354 | combo_n=48 | pick=exploit",exit_rule=breakeven
vwap_clone,ETH-USDT-SWAP,long,2026-09-25T04:30:00+00:00,2026-09-25T07:30:00+00:00,2676.707685,2665.081959,1.280106195,3426.47009,2666.415167,13.17551605,10,342.647009,3.760931909,3.419026143,0,-18.64309525,stop,"VWAP sapma-dönüş (kaynak kuralları): kümülatif VWAP=2703.96 (300 bar), σ=7.17187; bu bar -4.19σ ile bandın dışında kapandı ve kapanış long yönünde döndü; stop 2.5×0.5σ (2666.42), hedef VWAP mesafesinin %75'i (2696.82); yönetim: breakeven 1R, kısmi %50 @ 1.5R, takip geri verme %50 | arm=vwap_revert_src | combo=band2_tp1 | combo_r=0.1182 | combo_n=19 | pick=exploit",
vwap_clone,BNB-USDT-SWAP,long,2026-09-25T04:45:00+00:00,2026-09-25T07:30:00+00:00,773.88675,770.6635834,4.422244921,3422.31675,771.049108,12.54874811,10,342.231675,3.756708927,3.415187224,0,-18.01034104,stop,"VWAP sapma-dönüş (kaynak kuralları): kümülatif VWAP=778.481 (300 bar), σ=2.45089; bu bar -2.18σ ile bandın dışında kapandı ve kapanış long yönünde döndü; stop 2×0.5σ (771.049), hedef VWAP mesafesinin %50'i (775.99); yönetim: breakeven 1R, kısmi %50 @ 1.5R, takip geri verme %50 | arm=vwap_revert_src | combo=band1_tp0 | combo_r=-0.03061 | combo_n=47 | pick=exploit",
vwap_clone,LINK-USDT-SWAP,short,2026-09-25T07:45:00+00:00,2026-09-25T07:45:00+00:00,13.401296,13.46556398,251.0644152,3364.588543,13.44539588,11.07191126,10,336.4588543,3.709921869,6.746626521,0,-19.84532381,stop,"VWAP sapma-dönüş (kaynak kuralları): kümülatif VWAP=12.8261 (300 bar), σ=0.0373959; bu bar +15.90σ ile bandın dışında kapandı ve kapanış short yönünde döndü; stop 2×0.5σ (13.4454), hedef VWAP mesafesinin %50'i (13.117); yönetim: breakeven 1R, kısmi %50 @ 1.5R, takip geri verme %50 | arm=vwap_revert_src | combo=band1_tp0 | combo_r=0.4832 | combo_n=3 | pick=exploit",
vwap_clone,DOGE-USDT-SWAP,long,2026-09-25T06:30:00+00:00,2026-09-25T08:15:00+00:00,0.0950475,0.09583356797,17817.2429,1693.484395,0.09449149418,9.906490681,10,169.3484395,1.870535894,1.700491103,-0.1700834007,11.96494466,partial,"VWAP sapma-dönüş (kaynak kuralları): kümülatif VWAP=0.0975264 (300 bar), σ=0.000406805; bu bar -6.05σ ile bandın dışında kapandı ve kapanış long yönünde döndü; stop 2.5×0.5σ (0.0944915), hedef VWAP mesafesinin %100'i (0.0975264); yönetim: breakeven 1R, kısmi %50 @ 1.5R, takip geri verme %50 | arm=vwap_revert_src | combo=band2_tp2 | combo_r=0.8174 | combo_n=10 | pick=exploit",
vwap_clone,BTC-USDT-SWAP,long,2026-09-25T08:00:00+00:00,2026-09-25T08:15:00+00:00,84042,84226.40388,0.02000283913,1681.078606,83890.97457,3.020937445,10,168.1078606,1.851215198,1.68292425,0,1.837385964,partial,"VWAP sapma-dönüş (kaynak kuralları): kümülatif VWAP=84883.2 (300 bar), σ=109.025; bu bar -8.43σ ile bandın dışında kapandı ve kapanış long yönünde döndü; stop 2×0.5σ (83891), hedef VWAP mesafesinin %50'i (84441.6); yönetim: breakeven 1R, kısmi %50 @ 1.5R, takip geri verme %50 | arm=vwap_revert_src | combo=band1_tp0 | combo_r=0.2374 | combo_n=24 | pick=exploit",
vwap_clone,BTC-USDT-SWAP,long,2026-09-25T08:00:00+00:00,2026-09-25T08:15:00+00:00,84042,84399.39038,0.02000283913,1681.078606,83890.97457,3.020937445,10,168.1078606,1.853118319,1.684655226,0,5.295704011,tp,"VWAP sapma-dönüş (kaynak kuralları): kümülatif VWAP=84883.2 (300 bar), σ=109.025; bu bar -8.43σ ile bandın dışında kapandı ve kapanış long yönünde döndü; stop 2×0.5σ (83891), hedef VWAP mesafesinin %50'i (84441.6); yönetim: breakeven 1R, kısmi %50 @ 1.5R, takip geri verme %50 | arm=vwap_revert_src | combo=band1_tp0 | combo_r=0.2374 | combo_n=24 | pick=exploit",
vwap_clone,ETH-USDT-SWAP,long,2026-09-25T08:00:00+00:00,2026-09-25T08:15:00+00:00,2672.77572,2679.233451,0.6286334605,1680.19625,2667.577042,3.268063168,10,168.019625,1.850448625,1.682227458,0,2.209096955,partial,"VWAP sapma-dönüş (kaynak kuralları): kümülatif VWAP=2701.9 (300 bar), σ=3.09837; bu bar -10.09σ ile bandın dışında kapandı ve kapanış long yönünde döndü; stop 2.5×0.5σ (2667.58), hedef VWAP mesafesinin %75'i (2694.28); yönetim: breakeven 1R, kısmi %50 @ 1.5R, takip geri verme %50 | arm=vwap_revert_src | combo=band2_tp1 | combo_r=0.04154 | combo_n=20 | pick=exploit",
vwap_clone,ETH-USDT-SWAP,long,2026-09-25T08:00:00+00:00,2026-09-25T08:15:00+00:00,2672.77572,2692.937311,0.6286334605,1680.19625,2667.577042,3.268063168,10,168.019625,1.855186713,1.686536965,0,10.81906382,tp,"VWAP sapma-dönüş (kaynak kuralları): kümülatif VWAP=2701.9 (300 bar), σ=3.09837; bu bar -10.09σ ile bandın dışında kapandı ve kapanış long yönünde döndü; stop 2.5×0.5σ (2667.58), hedef VWAP mesafesinin %75'i (2694.28); yönetim: breakeven 1R, kısmi %50 @ 1.5R, takip geri verme %50 | arm=vwap_revert_src | combo=band2_tp1 | combo_r=0.04154 | combo_n=20 | pick=exploit",
vwap_clone,ETH-USDT-SWAP,long,2026-09-25T08:30:00+00:00,2026-09-25T08:30:00+00:00,2692.72569,2684.698838,1.255267761,3380.091749,2686.041859,8.389997092,10,338.0091749,3.712559207,3.375052149,0,-13.78840717,stop,"VWAP sapma-dönüş (kaynak kuralları): kümülatif VWAP=2701.61 (300 bar), σ=4.27051; bu bar -3.12σ ile bandın dışında kapandı ve kapanış long yönünde döndü; stop 2.5×0.5σ (2686.04), hedef VWAP mesafesinin %75'i (2699.05); yönetim: breakeven 1R, kısmi %50 @ 1.5R, takip geri verme %50 | arm=vwap_revert_src | combo=band2_tp1 | combo_r=0.219 | combo_n=22 | pick=exploit",
vwap_clone,DOGE-USDT-SWAP,long,2026-09-25T06:30:00+00:00,2026-09-25T08:45:00+00:00,0.0950475,0.09583356797,17817.2429,1693.484395,0.09449149418,9.906490681,10,169.3484395,1.870535894,1.700491103,-0.1700834007,11.96494466,stop,"VWAP sapma-dönüş (kaynak kuralları): kümülatif VWAP=0.0975264 (300 bar), σ=0.000406805; bu bar -6.05σ ile bandın dışında kapandı ve kapanış long yönünde döndü; stop 2.5×0.5σ (0.0944915), hedef VWAP mesafesinin %100'i (0.0975264); yönetim: breakeven 1R, kısmi %50 @ 1.5R, takip geri verme %50 | arm=vwap_revert_src | combo=band2_tp2 | combo_r=0.8174 | combo_n=10 | pick=exploit",exit_rule=partial
vwap_clone,BTC-USDT-SWAP,long,2026-09-25T08:30:00+00:00,2026-09-25T08:45:00+00:00,84428.09295,84224.92197,0.04005617903,3381.866806,84267.0555,6.450545065,10,338.1866806,3.715577447,3.377796489,0,-11.85383064,stop,"VWAP sapma-dönüş (kaynak kuralları): kümülatif VWAP=84875.4 (300 bar), σ=118.945; bu bar -4.73σ ile bandın dışında kapandı ve kapanış long yönünde döndü; stop 2×0.5σ (84267.1), hedef VWAP mesafesinin %50'i (84630.7); yönetim: breakeven 1R, kısmi %50 @ 1.5R, takip geri verme %50 | arm=vwap_revert_src | combo=band1_tp0 | combo_r=0.3099 | combo_n=26 | pick=exploit",
vwap_clone,SOL-USDT-SWAP,short,2026-09-25T08:45:00+00:00,2026-09-25T08:45:00+00:00,116.90152,117.3533945,28.81717282,3368.771305,117.1776281,7.956654907,10,336.8771305,3.712810397,6.750320207,0,-16.73455724,stop,"VWAP sapma-dönüş (kaynak kuralları): kümülatif VWAP=116.204 (300 bar), σ=0.303504; bu bar +2.93σ ile bandın dışında kapandı ve kapanış short yönünde döndü; stop 1.5×0.5σ (117.178), hedef VWAP mesafesinin %50'i (116.577); yönetim: breakeven 1R, kısmi %50 @ 1.5R, takip geri verme %50 | arm=vwap_revert_src | combo=band0_tp0 | combo_r=-1.028 | combo_n=20 | pick=explore",
vwap_clone,LINK-USDT-SWAP,short,2026-09-25T08:45:00+00:00,2026-09-25T08:45:00+00:00,13.7461235,13.87433393,244.8133237,3365.234182,13.85355359,26.30031862,10,336.5234182,3.719020791,6.770760571,0,-35.10664116,stop,"VWAP sapma-dönüş (kaynak kuralları): kümülatif VWAP=12.8536 (300 bar), σ=0.101554; bu bar +8.74σ ile bandın dışında kapandı ve kapanış short yönünde döndü; stop 2×0.5σ (13.8536), hedef VWAP mesafesinin %50'i (13.3028); yönetim: breakeven 1R, kısmi %50 @ 1.5R, takip geri verme %50 | arm=vwap_revert_src | combo=band1_tp0 | combo_r=-0.08574 | combo_n=4 | pick=exploit",
vwap_clone,ADA-USDT-SWAP,short,2026-09-25T08:45:00+00:00,2026-09-25T09:00:00+00:00,0.25117435,0.2527202463,13405.04028,3367.002279,0.2523417337,15.64882499,10,336.7002279,3.715100048,6.758319967,0,-24.4379017,stop,"VWAP sapma-dönüş (kaynak kuralları): kümülatif VWAP=0.247216 (300 bar), σ=0.00138898; bu bar +3.35σ ile bandın dışında kapandı ve kapanış short yönünde döndü; stop 1.5×0.5σ (0.252342), hedef VWAP mesafesinin %75'i (0.248237); yönetim: breakeven 1R, kısmi %50 @ 1.5R, takip geri verme %50 | arm=vwap_revert_src | combo=band0_tp1 | combo_r=0.4133 | combo_n=3 | pick=exploit",
vwap_clone,BTC-USDT-SWAP,long,2026-09-25T09:00:00+00:00,2026-09-25T09:00:00+00:00,84426.89235,84585.06542,0.03948295679,3333.423342,84238.74699,7.428534937,10,333.3423342,3.670200504,3.336548308,0,2.574940116,tp,"VWAP sapma-dönüş (kaynak kuralları): kümülatif VWAP=84870.2 (300 bar), σ=145.853; bu bar -3.48σ ile bandın dışında kapandı ve kapanış long yönünde döndü; stop 2×0.5σ (84238.7), hedef VWAP mesafesinin %50'i (84627.4); yönetim: breakeven 1R, kısmi %50 @ 1.5R, takip geri verme %50 | arm=vwap_revert_src | combo=band1_tp0 | combo_r=0.2304 | combo_n=27 | pick=exploit",
vwap_clone,ETH-USDT-SWAP,long,2026-09-25T09:00:00+00:00,2026-09-25T09:00:00+00:00,2690.80473,2697.856747,0.6190850035,1665.836856,2685.20365,3.467544698,10,166.5836856,1.83482173,1.668021263,0,2.530976231,partial,"VWAP sapma-dönüş (kaynak kuralları): kümülatif VWAP=2701.29 (300 bar), σ=5.68847; bu bar -2.31σ ile bandın dışında kapandı ve kapanış long yönünde döndü; stop 1.5×0.5σ (2685.2), hedef VWAP mesafesinin %50'i (2695.38); yönetim: breakeven 1R, kısmi %50 @ 1.5R, takip geri verme %50 | arm=vwap_revert_src | combo=band0_tp0 | combo_r=-1.08 | combo_n=21 | pick=explore",
vwap_clone,ETH-USDT-SWAP,long,2026-09-25T09:00:00+00:00,2026-09-25T09:00:00+00:00,2690.80473,2694.034386,0.6190850035,1665.836856,2685.20365,3.467544698,10,166.5836856,1.833520229,1.666837488,0,0.16591149,tp,"VWAP sapma-dönüş (kaynak kuralları): kümülatif VWAP=2701.29 (300 bar), σ=5.68847; bu bar -2.31σ ile bandın dışında kapandı ve kapanış long yönünde döndü; stop 1.5×0.5σ (2685.2), hedef VWAP mesafesinin %50'i (2695.38); yönetim: breakeven 1R, kısmi %50 @ 1.5R, takip geri verme %50 | arm=vwap_revert_src | combo=band0_tp0 | combo_r=-1.08 | combo_n=21 | pick=explore",
vwap_clone,DOGE-USDT-SWAP,long,2026-09-25T09:00:00+00:00,2026-09-25T09:15:00+00:00,0.096218085,0.09616997596,34608.09887,3329.924999,0.09585521592,12.55820891,10,332.9924999,3.662001769,3.329092934,0,-5.326964269,stop,"VWAP sapma-dönüş (kaynak kuralları): kümülatif VWAP=0.0969882 (300 bar), σ=0.000419712; bu bar -2.12σ ile bandın dışında kapandı ve kapanış long yönünde döndü; stop 1.5×0.5σ (0.0958552), hedef VWAP mesafesinin %100'i (0.0969882); yönetim: breakeven 1R, kısmi %50 @ 1.5R, takip geri verme %50 | arm=vwap_revert_src | combo=band0_tp2 | combo_r=-0.4986 | combo_n=23 | pick=explore",exit_rule=breakeven
vwap_clone,LINK-USDT-SWAP,short,2026-09-25T09:15:00+00:00,2026-09-25T09:15:00+00:00,13.83308,13.97580437,240.7993628,3330.996849,13.95487206,29.32745028,10,333.0996849,3.682998899,6.706818039,0,-38.05093563,stop,"VWAP sapma-dönüş (kaynak kuralları): kümülatif VWAP=12.873 (300 bar), σ=0.153163; bu bar +6.64σ ile bandın dışında kapandı ve kapanış short yönünde döndü; stop 1.5×0.5σ (13.9549), hedef VWAP mesafesinin %75'i (13.1147); yönetim: breakeven 1R, kısmi %50 @ 1.5R, takip geri verme %50 | arm=vwap_revert_src | combo=band0_tp1 | combo_r=-0.3065 | combo_n=25 | pick=explore",
vwap_clone,AVAX-USDT-SWAP,long,2026-09-25T09:30:00+00:00,2026-09-25T10:00:00+00:00,10.4402175,10.3647163,316.8459819,3307.940965,10.36990125,22.27942085,10,330.7940965,3.625577823,3.295974682,0,-27.54782945,stop,"VWAP sapma-dönüş (kaynak kuralları): kümülatif VWAP=10.6302 (300 bar), σ=0.0881317; bu bar -2.59σ ile bandın dışında kapandı ve kapanış long yönünde döndü; stop 1.5×0.5σ (10.3699), hedef VWAP mesafesinin %75'i (10.5816); yönetim: breakeven 1R, kısmi %50 @ 1.5R, takip geri verme %50 | arm=vwap_revert_src | combo=band0_tp1 | combo_r=0.1527 | combo_n=3 | pick=exploit",
vwap_clone,XRP-USDT-SWAP,short,2026-09-25T09:45:00+00:00,2026-09-25T10:00:00+00:00,1.5558217,1.550454018,2124.544602,3305.412594,1.563181496,15.63621528,10,330.5412594,3.629681719,3.29971433,0,7.774198192,tp,"VWAP sapma-dönüş (kaynak kuralları): kümülatif VWAP=1.54276 (300 bar), σ=0.00877533; bu bar +1.66σ ile bandın dışında kapandı ve kapanış short yönünde döndü; stop 1.5×0.5σ (1.56318), hedef VWAP mesafesinin %50'i (1.54968); yönetim: breakeven 1R, kısmi %50 @ 1.5R, takip geri verme %50 | arm=vwap_revert_src | combo=band0_tp0 | combo_r=-0.9519 | combo_n=23 | pick=explore",
vwap_clone,SOL-USDT-SWAP,short,2026-09-25T10:00:00+00:00,2026-09-25T10:45:00+00:00,118.270835,119.3884577,27.96907562,3307.925928,119.2096433,26.257599,10,330.7925928,3.655910902,6.65606565,0,-34.9147852,stop,"VWAP sapma-dönüş (kaynak kuralları): kümülatif VWAP=116.239 (300 bar), σ=0.703715; bu bar +2.87σ ile bandın dışında kapandı ve kapanış short yönünde döndü; stop 2.5×0.5σ (119.21), hedef VWAP mesafesinin %75'i (116.762); yönetim: breakeven 1R, kısmi %50 @ 1.5R, takip geri verme %50 | arm=vwap_revert_src | combo=band2_tp1 | combo_r=0.2948 | combo_n=10 | pick=exploit",
vwap_clone,AVAX-USDT-SWAP,long,2026-09-25T10:30:00+00:00,2026-09-25T11:00:00+00:00,10.413204,10.54693299,157.0351117,1635.238653,10.32053394,14.55245348,10,163.5238653,1.810312599,1.645744388,0,19.18983396,partial,"VWAP sapma-dönüş (kaynak kuralları): kümülatif VWAP=10.6272 (300 bar), σ=0.117955; bu bar -2.05σ ile bandın dışında kapandı ve kapanış long yönünde döndü; stop 1.5×0.5σ (10.3205), hedef VWAP mesafesinin %75'i (10.5727); yönetim: breakeven 1R, kısmi %50 @ 1.5R, takip geri verme %50 | arm=vwap_revert_src | combo=band0_tp1 | combo_r=-0.1946 | combo_n=4 | pick=exploit",
vwap_clone,AVAX-USDT-SWAP,long,2026-09-25T10:30:00+00:00,2026-09-25T11:15:00+00:00,10.413204,10.54693299,157.0351117,1635.238653,10.32053394,14.55245348,10,163.5238653,1.810312599,1.645744388,0,19.18983396,stop,"VWAP sapma-dönüş (kaynak kuralları): kümülatif VWAP=10.6272 (300 bar), σ=0.117955; bu bar -2.05σ ile bandın dışında kapandı ve kapanış long yönünde döndü; stop 1.5×0.5σ (10.3205), hedef VWAP mesafesinin %75'i (10.5727); yönetim: breakeven 1R, kısmi %50 @ 1.5R, takip geri verme %50 | arm=vwap_revert_src | combo=band0_tp1 | combo_r=-0.1946 | combo_n=4 | pick=exploit",exit_rule=partial
vwap_clone,NEAR-USDT-SWAP,short,2026-09-25T10:00:00+00:00,2026-09-25T12:30:00+00:00,4.911543,5.115735917,673.1466778,3306.188853,5.108073806,132.2940591,10,330.6188853,3.71240622,6.811645756,0,-141.1641897,stop,"VWAP sapma-dönüş (kaynak kuralları): kümülatif VWAP=4.48 (300 bar), σ=0.154459; bu bar +3.03σ ile bandın dışında kapandı ve kapanış short yönünde döndü; stop 2.5×0.5σ (5.10807), hedef VWAP mesafesinin %75'i (4.58875); yönetim: breakeven 1R, kısmi %50 @ 1.5R, takip geri verme %50 | arm=vwap_revert_src | combo=band2_tp1 | combo_r=0.5088 | combo_n=10 | pick=exploit",
vwap_clone,LINK-USDT-SWAP,short,2026-09-25T10:15:00+00:00,2026-09-25T12:30:00+00:00,14.0399765,14.06103646,234.3927827,3290.869161,14.22219757,42.71130443,10,329.0869161,3.622671044,6.58256145,0,-8.558974784,stop,"VWAP sapma-dönüş (kaynak kuralları): kümülatif VWAP=12.9059 (300 bar), σ=0.232263; bu bar +4.96σ ile bandın dışında kapandı ve kapanış short yönünde döndü; stop 1.5×0.5σ (14.2222), hedef VWAP mesafesinin %75'i (13.1914); yönetim: breakeven 1R, kısmi %50 @ 1.5R, takip geri verme %50 | arm=vwap_revert_src | combo=band0_tp1 | combo_r=-0.3776 | combo_n=27 | pick=explore",exit_rule=breakeven
vwap_clone,SOL-USDT-SWAP,short,2026-09-25T11:30:00+00:00,2026-09-25T12:30:00+00:00,120.99947,121.1809692,26.92924742,3258.424665,122.8603169,50.11120643,10,325.8424665,3.586955332,6.517664344,0,-8.47459233,stop,"VWAP sapma-dönüş (kaynak kuralları): kümülatif VWAP=116.475 (300 bar), σ=1.44025; bu bar +3.20σ ile bandın dışında kapandı ve kapanış short yönünde döndü; stop 2.5×0.5σ (122.86), hedef VWAP mesafesinin %75'i (117.621); yönetim: breakeven 1R, kısmi %50 @ 1.5R, takip geri verme %50 | arm=vwap_revert_src | combo=band2_tp1 | combo_r=0.1472 | combo_n=11 | pick=exploit",exit_rule=breakeven
vwap_clone,LINK-USDT-SWAP,short,2026-09-25T13:00:00+00:00,2026-09-25T14:00:00+00:00,14.024984,13.85268769,114.6454424,1607.900496,14.14446346,13.69777543,10,160.7900496,1.757826403,1.59802934,0,17.99515983,partial,"VWAP sapma-dönüş (kaynak kuralları): kümülatif VWAP=12.9836 (300 bar), σ=0.112463; bu bar +9.57σ ile bandın dışında kapandı ve kapanış short yönünde döndü; stop 2×0.5σ (14.1445), hedef VWAP mesafesinin %100'i (12.9836); yönetim: breakeven 1R, kısmi %50 @ 1.5R, takip geri verme %50 | arm=vwap_revert_src | combo=band1_tp2 | combo_r=-0.6933 | combo_n=29 | pick=explore",
vwap_clone,ETHFI-USDT-SWAP,short,2026-09-25T13:00:00+00:00,2026-09-25T14:00:00+00:00,0.70894535,0.6922210787,2266.826557,1607.056147,0.7203254892,25.7968018,10,160.7056147,1.746910699,1.58811051,0,36.16411153,partial,"VWAP sapma-dönüş (kaynak kuralları): kümülatif VWAP=0.683258 (300 bar), σ=0.00898039; bu bar +3.09σ ile bandın dışında kapandı ve kapanış short yönünde döndü; stop 2.5×0.5σ (0.720325), hedef VWAP mesafesinin %75'i (0.689718); yönetim: breakeven 1R, kısmi %50 @ 1.5R, takip geri verme %50 | arm=vwap_revert_src | combo=band2_tp1 | combo_r=0.6747 | combo_n=8 | pick=exploit",
vwap_clone,LINK-USDT-SWAP,short,2026-09-25T13:00:00+00:00,2026-09-25T14:15:00+00:00,14.024984,13.86653346,114.6454424,1607.900496,14.14446346,13.69777543,10,160.7900496,1.758699447,3.185383173,0,16.40693295,stop,"VWAP sapma-dönüş (kaynak kuralları): kümülatif VWAP=12.9836 (300 bar), σ=0.112463; bu bar +9.57σ ile bandın dışında kapandı ve kapanış short yönünde döndü; stop 2×0.5σ (14.1445), hedef VWAP mesafesinin %100'i (12.9836); yönetim: breakeven 1R, kısmi %50 @ 1.5R, takip geri verme %50 | arm=vwap_revert_src | combo=band1_tp2 | combo_r=-0.6933 | combo_n=29 | pick=explore",exit_rule=partial
vwap_clone,ETHFI-USDT-SWAP,short,2026-09-25T13:00:00+00:00,2026-09-25T14:15:00+00:00,0.70894535,0.70195135,2266.826557,1607.056147,0.7203254892,25.7968018,10,160.7056147,1.75904196,3.187158139,0,14.09514298,stop,"VWAP sapma-dönüş (kaynak kuralları): kümülatif VWAP=0.683258 (300 bar), σ=0.00898039; bu bar +3.09σ ile bandın dışında kapandı ve kapanış short yönünde döndü; stop 2.5×0.5σ (0.720325), hedef VWAP mesafesinin %75'i (0.689718); yönetim: breakeven 1R, kısmi %50 @ 1.5R, takip geri verme %50 | arm=vwap_revert_src | combo=band2_tp1 | combo_r=0.6747 | combo_n=8 | pick=exploit",exit_rule=partial
vwap_clone,ADA-USDT-SWAP,short,2026-09-25T14:30:00+00:00,2026-09-25T14:30:00+00:00,0.25177405,0.2542010625,12914.43751,3251.520235,0.253820332,26.42658148,10,325.1520235,3.593911184,6.543493628,0,-34.93741289,stop,"VWAP sapma-dönüş (kaynak kuralları): kümülatif VWAP=0.248047 (300 bar), σ=0.00161627; bu bar +2.71σ ile bandın dışında kapandı ve kapanış short yönünde döndü; stop 2.5×0.5σ (0.25382), hedef VWAP mesafesinin %75'i (0.248985); yönetim: breakeven 1R, kısmi %50 @ 1.5R, takip geri verme %50 | arm=vwap_revert_src | combo=band2_tp1 | combo_r=0.0645 | combo_n=81 | pick=exploit",
vwap_clone,BNB-USDT-SWAP,long,2026-09-25T14:30:00+00:00,2026-09-25T14:45:00+00:00,773.08635,772.6998068,4.208104014,3253.227773,770.71613,9.974132329,10,325.3227773,3.577655913,3.252414872,0,-5.204269799,stop,"VWAP sapma-dönüş (kaynak kuralları): kümülatif VWAP=777.174 (300 bar), σ=2.51183; bu bar -1.78σ ile bandın dışında kapandı ve kapanış long yönünde döndü; stop 1.5×0.5σ (770.716), hedef VWAP mesafesinin %100'i (777.174); yönetim: breakeven 1R, kısmi %50 @ 1.5R, takip geri verme %50 | arm=vwap_revert_src | combo=band0_tp2 | combo_r=-0.4955 | combo_n=24 | pick=explore",exit_rule=breakeven
vwap_clone,SOL-USDT-SWAP,short,2026-09-25T14:45:00+00:00,2026-09-25T15:00:00+00:00,119.5402,120.8941247,26.99463587,3226.944171,120.7130551,31.66079584,10,322.6944171,3.569740375,6.502186675,0,-40.11844366,stop,"VWAP sapma-dönüş (kaynak kuralları): kümülatif VWAP=116.801 (300 bar), σ=0.882444; bu bar +3.45σ ile bandın dışında kapandı ve kapanış short yönünde döndü; stop 2.5×0.5σ (120.713), hedef VWAP mesafesinin %75'i (117.503); yönetim: breakeven 1R, kısmi %50 @ 1.5R, takip geri verme %50 | arm=vwap_revert_src | combo=band2_tp1 | combo_r=0.1208 | combo_n=12 | pick=exploit",
vwap_clone,AVAX-USDT-SWAP,long,2026-09-25T14:30:00+00:00,2026-09-25T15:15:00+00:00,10.3141545,10.30899742,315.0828097,3249.81278,10.22890218,26.86154204,10,324.981278,3.573900359,3.249000733,0,-5.19880675,stop,"VWAP sapma-dönüş (kaynak kuralları): kümülatif VWAP=10.6089 (300 bar), σ=0.10413; bu bar -2.89σ ile bandın dışında kapandı ve kapanış long yönünde döndü; stop 1.5×0.5σ (10.2289), hedef VWAP mesafesinin %75'i (10.5334); yönetim: breakeven 1R, kısmi %50 @ 1.5R, takip geri verme %50 | arm=vwap_revert_src | combo=band0_tp1 | combo_r=0.3098 | combo_n=6 | pick=explore",exit_rule=breakeven
vwap_clone,LINK-USDT-SWAP,short,2026-09-25T15:15:00+00:00,2026-09-25T15:30:00+00:00,13.9700115,13.80390506,115.2383878,1609.881602,14.08534813,13.29120742,10,160.9881602,1.760341751,1.600315868,0,17.38149698,partial,"VWAP sapma-dönüş (kaynak kuralları): kümülatif VWAP=13.0394 (300 bar), σ=0.110348; bu bar +8.73σ ile bandın dışında kapandı ve kapanış short yönünde döndü; stop 2×0.5σ (14.0853), hedef VWAP mesafesinin %100'i (13.0394); yönetim: breakeven 1R, kısmi %50 @ 1.5R, takip geri verme %50 | arm=vwap_revert_src | combo=band1_tp2 | combo_r=0.4289 | combo_n=3 | pick=exploit",
vwap_clone,LINK-USDT-SWAP,short,2026-09-25T15:15:00+00:00,2026-09-25T15:45:00+00:00,13.9700115,13.81770206,115.2383878,1609.881602,14.08534813,13.29120742,10,160.9881602,1.761216221,3.190260659,0,15.79067772,stop,"VWAP sapma-dönüş (kaynak kuralları): kümülatif VWAP=13.0394 (300 bar), σ=0.110348; bu bar +8.73σ ile bandın dışında kapandı ve kapanış short yönünde döndü; stop 2×0.5σ (14.0853), hedef VWAP mesafesinin %100'i (13.0394); yönetim: breakeven 1R, kısmi %50 @ 1.5R, takip geri verme %50 | arm=vwap_revert_src | combo=band1_tp2 | combo_r=0.4289 | combo_n=3 | pick=exploit",exit_rule=partial
vwap_clone,ETHFI-USDT-SWAP,short,2026-09-25T15:15:00+00:00,2026-09-25T15:45:00+00:00,0.7154421,0.7165152632,4498.019373,3218.072426,0.7234804282,36.15655581,10,321.8072426,3.542534578,6.436949772,0,-8.369643217,stop,"VWAP sapma-dönüş (kaynak kuralları): kümülatif VWAP=0.68428 (300 bar), σ=0.00646434; bu bar +5.15σ ile bandın dışında kapandı ve kapanış short yönünde döndü; stop 2.5×0.5σ (0.72348), hedef VWAP mesafesinin %75'i (0.69206); yönetim: breakeven 1R, kısmi %50 @ 1.5R, takip geri verme %50 | arm=vwap_revert_src | combo=band2_tp1 | combo_r=0.7346 | combo_n=10 | pick=exploit",exit_rule=breakeven
vwap_clone,ETHFI-USDT-SWAP,short,2026-09-25T16:15:00+00:00,2026-09-25T16:30:00+00:00,0.713643,0.71537145,4494.876302,3207.737009,0.7197459242,27.43188946,10,320.7737009,3.532783753,6.420706054,0,-11.3019527,stop,"VWAP sapma-dönüş (kaynak kuralları): kümülatif VWAP=0.684339 (300 bar), σ=0.00467674; bu bar +6.57σ ile bandın dışında kapandı ve kapanış short yönünde döndü; stop 2.5×0.5σ (0.719746), hedef VWAP mesafesinin %75'i (0.691729); yönetim: breakeven 1R, kısmi %50 @ 1.5R, takip geri verme %50 | arm=vwap_revert_src | combo=band2_tp1 | combo_r=0.6467 | combo_n=11 | pick=exploit",exit_rule=breakeven
vwap_clone,ADA-USDT-SWAP,short,2026-09-25T16:45:00+00:00,2026-09-25T17:00:00+00:00,0.2560719,0.2564560079,12567.43332,3218.166529,0.2577297009,20.83430169,10,321.8166529,3.542638169,6.437138002,0,-8.369887963,stop,"VWAP sapma-dönüş (kaynak kuralları): kümülatif VWAP=0.248239 (300 bar), σ=0.0015297; bu bar +5.07σ ile bandın dışında kapandı ve kapanış short yönünde döndü; stop 2×0.5σ (0.25773), hedef VWAP mesafesinin %50'i (0.25222); yönetim: breakeven 1R, kısmi %50 @ 1.5R, takip geri verme %50 | arm=vwap_revert_src | combo=band1_tp0 | combo_r=-0.134 | combo_n=56 | pick=explore",exit_rule=breakeven
vwap_clone,PENGU-USDT-SWAP,long,2026-09-25T16:00:00+00:00,2026-09-25T17:15:00+00:00,0.0097698825,0.009764997559,329030.4628,3214.58896,0.00964406022,41.39936291,10,321.458896,3.535163845,3.213785715,0,-5.142458325,stop,"VWAP sapma-dönüş (kaynak kuralları): kümülatif VWAP=0.0100313 (300 bar), σ=0.00011894; bu bar -2.64σ ile bandın dışında kapandı ve kapanış long yönünde döndü; stop 2×0.5σ (0.00964406), hedef VWAP mesafesinin %100'i (0.0100313); yönetim: breakeven 1R, kısmi %50 @ 1.5R, takip geri verme %50 | arm=vwap_revert_src | combo=band1_tp2 | combo_r=-0.4575 | combo_n=33 | pick=explore",exit_rule=breakeven
vwap_clone,AVAX-USDT-SWAP,long,2026-09-25T16:15:00+00:00,2026-09-25T17:30:00+00:00,10.421208,10.31746111,307.970204,3209.421554,10.32262242,30.36142084,10,320.9421554,3.512790687,3.193438889,0,-35.4637416,stop,"VWAP sapma-dönüş (kaynak kuralları): kümülatif VWAP=10.5944 (300 bar), σ=0.12317; bu bar -1.50σ ile bandın dışında kapandı ve kapanış long yönünde döndü; stop 1.5×0.5σ (10.3226), hedef VWAP mesafesinin %75'i (10.5496); yönetim: breakeven 1R, kısmi %50 @ 1.5R, takip geri verme %50 | arm=vwap_revert_src | combo=band0_tp1 | combo_r=0.2379 | combo_n=7 | pick=exploit",
vwap_clone,ETHFI-USDT-SWAP,short,2026-09-25T17:15:00+00:00,2026-09-25T17:30:00+00:00,0.70534715,0.6970002845,2283.268233,1610.496741,0.7111439443,13.23563636,10,161.0496741,1.761064442,1.600972839,0,17.29706845,partial,"VWAP sapma-dönüş (kaynak kuralları): kümülatif VWAP=0.684371 (300 bar), σ=0.00451516; bu bar +4.95σ ile bandın dışında kapandı ve kapanış short yönünde döndü; stop 2.5×0.5σ (0.711144), hedef VWAP mesafesinin %75'i (0.689653); yönetim: breakeven 1R, kısmi %50 @ 1.5R, takip geri verme %50 | arm=vwap_revert_src | combo=band2_tp1 | combo_r=0.5585 | combo_n=12 | pick=exploit",
vwap_clone,SOL-USDT-SWAP,short,2026-09-25T17:30:00+00:00,2026-09-25T17:30:00+00:00,120.29982,121.3131913,27.09460725,3259.476375,121.1314941,22.53388284,10,325.9476375,3.600525307,6.553568851,0,-31.05742353,stop,"VWAP sapma-dönüş (kaynak kuralları): kümülatif VWAP=117.044 (300 bar), σ=0.625195; bu bar +5.90σ ile bandın dışında kapandı ve kapanış short yönünde döndü; stop 2.5×0.5σ (121.131), hedef VWAP mesafesinin %100'i (117.044); yönetim: breakeven 1R, kısmi %50 @ 1.5R, takip geri verme %50 | arm=vwap_revert_src | combo=band2_tp2 | combo_r=-0.5741 | combo_n=6 | pick=explore",
vwap_clone,ETHFI-USDT-SWAP,short,2026-09-25T17:15:00+00:00,2026-09-25T17:45:00+00:00,0.70534715,0.70335345,2283.268233,1610.496741,0.7111439443,13.23563636,10,161.0496741,1.769042732,3.210960116,0,2.783109145,stop,"VWAP sapma-dönüş (kaynak kuralları): kümülatif VWAP=0.684371 (300 bar), σ=0.00451516; bu bar +4.95σ ile bandın dışında kapandı ve kapanış short yönünde döndü; stop 2.5×0.5σ (0.711144), hedef VWAP mesafesinin %75'i (0.689653); yönetim: breakeven 1R, kısmi %50 @ 1.5R, takip geri verme %50 | arm=vwap_revert_src | combo=band2_tp1 | combo_r=0.5585 | combo_n=12 | pick=exploit",exit_rule=partial
vwap_clone,AVAX-USDT-SWAP,long,2026-09-25T17:45:00+00:00,2026-09-25T18:00:00+00:00,10.417206,10.50386811,154.2676386,1607.037771,10.35592822,9.453178484,10,160.7037771,1.775094585,1.613726096,0,11.59406437,partial,"VWAP sapma-dönüş (kaynak kuralları): kümülatif VWAP=10.5781 (300 bar), σ=0.0760957; bu bar -2.65σ ile bandın dışında kapandı ve kapanış long yönünde döndü; stop 1.5×0.5σ (10.3559), hedef VWAP mesafesinin %75'i (10.5368); yönetim: breakeven 1R, kısmi %50 @ 1.5R, takip geri verme %50 | arm=vwap_revert_src | combo=band0_tp1 | combo_r=0.06216 | combo_n=8 | pick=exploit",
vwap_clone,SOL-USDT-SWAP,short,2026-09-25T18:00:00+00:00,2026-09-25T18:00:00+00:00,120.889525,121.7296839,26.59480844,3215.03376,121.5473628,17.49507157,10,321.503376,3.548826262,6.457114288,0,-25.89269108,stop,"VWAP sapma-dönüş (kaynak kuralları): kümülatif VWAP=117.08 (300 bar), σ=0.607363; bu bar +6.18σ ile bandın dışında kapandı ve kapanış short yönünde döndü; stop 2×0.5σ (121.547), hedef VWAP mesafesinin %100'i (117.08); yönetim: breakeven 1R, kısmi %50 @ 1.5R, takip geri verme %50 | arm=vwap_revert_src | combo=band1_tp2 | combo_r=-0.5702 | combo_n=9 | pick=explore",
vwap_clone,AVAX-USDT-SWAP,long,2026-09-25T17:45:00+00:00,2026-09-25T18:15:00+00:00,10.417206,10.476759,154.2676386,1607.037771,10.35592822,9.453178484,10,160.7037771,1.772794453,1.611634021,0,7.414306229,stop,"VWAP sapma-dönüş (kaynak kuralları): kümülatif VWAP=10.5781 (300 bar), σ=0.0760957; bu bar -2.65σ ile bandın dışında kapandı ve kapanış long yönünde döndü; stop 1.5×0.5σ (10.3559), hedef VWAP mesafesinin %75'i (10.5368); yönetim: breakeven 1R, kısmi %50 @ 1.5R, takip geri verme %50 | arm=vwap_revert_src | combo=band0_tp1 | combo_r=0.06216 | combo_n=8 | pick=exploit",exit_rule=partial
vwap_clone,SOL-USDT-SWAP,short,2026-09-25T18:30:00+00:00,2026-09-25T18:30:00+00:00,121.709115,122.4893881,26.4803372,3222.898405,122.3059292,15.80384224,10,322.2898405,3.556552288,6.470308701,0,-24.2184479,stop,"VWAP sapma-dönüş (kaynak kuralları): kümülatif VWAP=117.151 (300 bar), σ=0.714572; bu bar +6.87σ ile bandın dışında kapandı ve kapanış short yönünde döndü; stop 1.5×0.5σ (122.306), hedef VWAP mesafesinin %100'i (117.151); yönetim: breakeven 1R, kısmi %50 @ 1.5R, takip geri verme %50 | arm=vwap_revert_src | combo=band0_tp2 | combo_r=-0.4966 | combo_n=25 | pick=explore",
vwap_clone,DOGE-USDT-SWAP,short,2026-09-25T18:30:00+00:00,2026-09-25T19:30:00+00:00,0.09743126,0.098067461,33061.31913,3221.20598,0.09792058013,16.17756898,10,322.120598,3.554895083,6.467484019,0,-24.58853939,stop,"VWAP sapma-dönüş (kaynak kuralları): kümülatif VWAP=0.0966738 (300 bar), σ=0.000360464; bu bar +2.65σ ile bandın dışında kapandı ve kapanış short yönünde döndü; stop 2.5×0.5σ (0.0979206), hedef VWAP mesafesinin %100'i (0.0966738); yönetim: breakeven 1R, kısmi %50 @ 1.5R, takip geri verme %50 | arm=vwap_revert_src | combo=band2_tp2 | combo_r=0.8825 | combo_n=12 | pick=exploit",
vwap_clone,LINK-USDT-SWAP,short,2026-09-25T19:45:00+00:00,2026-09-25T20:00:00+00:00,13.8160885,13.9120652,228.6571259,3159.147087,13.89122836,17.18126392,10,315.9147087,3.487131962,6.344856252,0,-25.43288841,stop,"VWAP sapma-dönüş (kaynak kuralları): kümülatif VWAP=13.0914 (300 bar), σ=0.0682284; bu bar +10.94σ ile bandın dışında kapandı ve kapanış short yönünde döndü; stop 2×0.5σ (13.8912), hedef VWAP mesafesinin %100'i (13.0914); yönetim: breakeven 1R, kısmi %50 @ 1.5R, takip geri verme %50 | arm=vwap_revert_src | combo=band1_tp2 | combo_r=0.7565 | combo_n=5 | pick=exploit",
vwap_clone,XRP-USDT-SWAP,short,2026-09-25T20:15:00+00:00,2026-09-25T20:15:00+00:00,1.5648172,1.575418631,2019.76646,3160.565296,1.573059043,16.64659747,10,316.0565296,3.488398655,6.346891026,0,-24.90081396,stop,"VWAP sapma-dönüş (kaynak kuralları): kümülatif VWAP=1.54982 (300 bar), σ=0.00596723; bu bar +3.07σ ile bandın dışında kapandı ve kapanış short yönünde döndü; stop 2.5×0.5σ (1.57306), hedef VWAP mesafesinin %75'i (1.55376); yönetim: breakeven 1R, kısmi %50 @ 1.5R, takip geri verme %50 | arm=vwap_revert_src | combo=band2_tp1 | combo_r=0.04033 | combo_n=87 | pick=exploit",
vwap_clone,SOL-USDT-SWAP,short,2026-09-25T19:00:00+00:00,2026-09-25T20:30:00+00:00,121.83905,123.0129601,26.18240806,3190.039725,122.828717,25.91186639,10,319.0039725,3.525948384,6.419745159,0,-34.26174216,stop,"VWAP sapma-dönüş (kaynak kuralları): kümülatif VWAP=117.176 (300 bar), σ=0.750974; bu bar +6.42σ ile bandın dışında kapandı ve kapanış short yönünde döndü; stop 2.5×0.5σ (122.829), hedef VWAP mesafesinin %75'i (118.354); yönetim: breakeven 1R, kısmi %50 @ 1.5R, takip geri verme %50 | arm=vwap_revert_src | combo=band2_tp1 | combo_r=0.01404 | combo_n=13 | pick=exploit",
vwap_clone,BNB-USDT-SWAP,long,2026-09-25T17:45:00+00:00,2026-09-25T20:45:00+00:00,773.3865,772.9998067,4.158028896,3215.763415,771.2530219,8.871063697,10,321.5763415,3.536455422,3.214959876,0,-5.144337129,stop,"VWAP sapma-dönüş (kaynak kuralları): kümülatif VWAP=776.36 (300 bar), σ=1.47758; bu bar -2.68σ ile bandın dışında kapandı ve kapanış long yönünde döndü; stop 2.5×0.5σ (771.253), hedef VWAP mesafesinin %100'i (776.36); yönetim: breakeven 1R, kısmi %50 @ 1.5R, takip geri verme %50 | arm=vwap_revert_src | combo=band2_tp2 | combo_r=-0.1401 | combo_n=78 | pick=exploit",exit_rule=breakeven
vwap_clone,XRP-USDT-SWAP,short,2026-09-25T20:45:00+00:00,2026-09-25T20:45:00+00:00,1.5680156,1.562153632,992.2430422,1555.852569,1.572444037,4.394085415,10,155.5852569,1.708238752,1.552946163,0,4.10825865,partial,"VWAP sapma-dönüş (kaynak kuralları): kümülatif VWAP=1.5497 (300 bar), σ=0.00472538; bu bar +4.29σ ile bandın dışında kapandı ve kapanış short yönünde döndü; stop 1.5×0.5σ (1.57244), hedef VWAP mesafesinin %75'i (1.5545); yönetim: breakeven 1R, kısmi %50 @ 1.5R, takip geri verme %50 | arm=vwap_revert_src | combo=band0_tp1 | combo_r=-0.2091 | combo_n=34 | pick=explore",
vwap_clone,BTC-USDT-SWAP,long,2026-09-25T14:30:00+00:00,2026-09-25T21:00:00+00:00,83659.6089,83617.7791,0.03890690203,3254.936208,83222.12699,17.02106562,10,325.4936208,3.579534721,3.25412288,-0.111330508,-5.318333333,stop,"VWAP sapma-dönüş (kaynak kuralları): kümülatif VWAP=84743.7 (300 bar), σ=395.673; bu bar -2.89σ ile bandın dışında kapandı ve kapanış long yönünde döndü; stop 2×0.5σ (83222.1), hedef VWAP mesafesinin %50'i (84180.7); yönetim: breakeven 1R, kısmi %50 @ 1.5R, takip geri verme %50 | arm=vwap_revert_src | combo=band1_tp0 | combo_r=0.2345 | combo_n=28 | pick=exploit",exit_rule=breakeven
vwap_clone,XRP-USDT-SWAP,short,2026-09-25T20:45:00+00:00,2026-09-25T21:00:00+00:00,1.5680156,1.563715005,992.2430422,1555.852569,1.572444037,4.394085415,10,155.5852569,1.709090846,3.102207604,0,2.558145115,stop,"VWAP sapma-dönüş (kaynak kuralları): kümülatif VWAP=1.5497 (300 bar), σ=0.00472538; bu bar +4.29σ ile bandın dışında kapandı ve kapanış short yönünde döndü; stop 1.5×0.5σ (1.57244), hedef VWAP mesafesinin %75'i (1.5545); yönetim: breakeven 1R, kısmi %50 @ 1.5R, takip geri verme %50 | arm=vwap_revert_src | combo=band0_tp1 | combo_r=-0.2091 | combo_n=34 | pick=explore",exit_rule=partial
vwap_clone,ETHFI-USDT-SWAP,short,2026-09-25T20:45:00+00:00,2026-09-25T21:30:00+00:00,0.7190403,0.7201188605,4325.308476,3110.071104,0.7267176424,33.20687412,10,311.0071104,3.423644023,6.220920115,0,-8.088750679,stop,"VWAP sapma-dönüş (kaynak kuralları): kümülatif VWAP=0.685227 (300 bar), σ=0.00593411; bu bar +5.87σ ile bandın dışında kapandı ve kapanış short yönünde döndü; stop 2.5×0.5σ (0.726718), hedef VWAP mesafesinin %75'i (0.693746); yönetim: breakeven 1R, kısmi %50 @ 1.5R, takip geri verme %50 | arm=vwap_revert_src | combo=band2_tp1 | combo_r=0.5871 | combo_n=14 | pick=exploit",exit_rule=breakeven
vwap_clone,SOL-USDT-SWAP,short,2026-09-25T21:15:00+00:00,2026-09-25T22:00:00+00:00,121.009465,121.6863905,25.8152283,3123.886965,121.5041343,12.77000114,10,312.3886965,3.445886905,6.267710295,0,-20.9208735,stop,"VWAP sapma-dönüş (kaynak kuralları): kümülatif VWAP=117.275 (300 bar), σ=0.434134; bu bar +9.11σ ile bandın dışında kapandı ve kapanış short yönünde döndü; stop 2×0.5σ (121.504), hedef VWAP mesafesinin %100'i (117.275); yönetim: breakeven 1R, kısmi %50 @ 1.5R, takip geri verme %50 | arm=vwap_revert_src | combo=band1_tp2 | combo_r=-0.6612 | combo_n=10 | pick=explore",
vwap_clone,BTC-USDT-SWAP,long,2026-09-25T21:30:00+00:00,2026-09-25T22:30:00+00:00,83785.4718,83978.92768,0.01876446171,1572.189278,83628.49424,2.945599471,10,157.2189278,1.731404758,1.574005626,0,1.89869061,partial,"VWAP sapma-dönüş (kaynak kuralları): kümülatif VWAP=84541.7 (300 bar), σ=115.106; bu bar -7.41σ ile bandın dışında kapandı ve kapanış long yönünde döndü; stop 2×0.5σ (83628.5), hedef VWAP mesafesinin %50'i (84142.7); yönetim: breakeven 1R, kısmi %50 @ 1.5R, takip geri verme %50 | arm=vwap_revert_src | combo=band1_tp0 | combo_r=0.2157 | combo_n=29 | pick=exploit",
vwap_clone,ETH-USDT-SWAP,long,2026-09-25T21:30:00+00:00,2026-09-25T22:30:00+00:00,2680.83975,2690.691804,0.5861462158,1571.364075,2673.374368,4.375805524,10,157.1364075,1.731676592,1.574253284,0,4.043067803,partial,"VWAP sapma-dönüş (kaynak kuralları): kümülatif VWAP=2694.31 (300 bar), σ=4.90051; bu bar -3.21σ ile bandın dışında kapandı ve kapanış long yönünde döndü; stop 2.5×0.5σ (2673.37), hedef VWAP mesafesinin %75'i (2690.61); yönetim: breakeven 1R, kısmi %50 @ 1.5R, takip geri verme %50 | arm=vwap_revert_src | combo=band2_tp1 | combo_r=0.138 | combo_n=23 | pick=exploit",
vwap_clone,ETH-USDT-SWAP,long,2026-09-25T21:30:00+00:00,2026-09-25T22:30:00+00:00,2680.83975,2689.265397,0.5861462158,1571.364075,2673.374368,4.375805524,10,157.1364075,1.731216746,1.573835034,0,3.207444576,tp,"VWAP sapma-dönüş (kaynak kuralları): kümülatif VWAP=2694.31 (300 bar), σ=4.90051; bu bar -3.21σ ile bandın dışında kapandı ve kapanış long yönünde döndü; stop 2.5×0.5σ (2673.37), hedef VWAP mesafesinin %75'i (2690.61); yönetim: breakeven 1R, kısmi %50 @ 1.5R, takip geri verme %50 | arm=vwap_revert_src | combo=band2_tp1 | combo_r=0.138 | combo_n=23 | pick=exploit",
vwap_clone,BNB-USDT-SWAP,long,2026-09-25T22:00:00+00:00,2026-09-25T22:30:00+00:00,772.88625,774.492174,2.040750876,1577.268292,771.5573408,2.711972633,10,157.7268292,1.736797631,1.578908151,0,1.540493193,partial,"VWAP sapma-dönüş (kaynak kuralları): kümülatif VWAP=775.745 (300 bar), σ=1.25688; bu bar -2.61σ ile bandın dışında kapandı ve kapanış long yönünde döndü; stop 1.5×0.5σ (771.557), hedef VWAP mesafesinin %75'i (774.934); yönetim: breakeven 1R, kısmi %50 @ 1.5R, takip geri verme %50 | arm=vwap_revert_src | combo=band0_tp1 | combo_r=-0.1553 | combo_n=36 | pick=exploit",
vwap_clone,BNB-USDT-SWAP,long,2026-09-25T22:00:00+00:00,2026-09-25T22:30:00+00:00,772.88625,774.5460567,2.040750876,1577.268292,771.5573408,2.711972633,10,157.7268292,1.736858109,1.578963159,0,1.650393824,tp,"VWAP sapma-dönüş (kaynak kuralları): kümülatif VWAP=775.745 (300 bar), σ=1.25688; bu bar -2.61σ ile bandın dışında kapandı ve kapanış long yönünde döndü; stop 1.5×0.5σ (771.557), hedef VWAP mesafesinin %75'i (774.934); yönetim: breakeven 1R, kısmi %50 @ 1.5R, takip geri verme %50 | arm=vwap_revert_src | combo=band0_tp1 | combo_r=-0.1553 | combo_n=36 | pick=exploit",
vwap_clone,BTC-USDT-SWAP,long,2026-09-25T21:30:00+00:00,2026-09-25T22:45:00+00:00,83785.4718,83978.92768,0.01876446171,1572.189278,83628.49424,2.945599471,10,157.2189278,1.731404758,1.574005626,0,1.89869061,stop,"VWAP sapma-dönüş (kaynak kuralları): kümülatif VWAP=84541.7 (300 bar), σ=115.106; bu bar -7.41σ ile bandın dışında kapandı ve kapanış long yönünde döndü; stop 2×0.5σ (83628.5), hedef VWAP mesafesinin %50'i (84142.7); yönetim: breakeven 1R, kısmi %50 @ 1.5R, takip geri verme %50 | arm=vwap_revert_src | combo=band1_tp0 | combo_r=0.2157 | combo_n=29 | pick=exploit",exit_rule=partial
vwap_clone,ETHFI-USDT-SWAP,short,2026-09-25T22:30:00+00:00,2026-09-25T23:00:00+00:00,0.7164416,0.7252125572,4394.289263,3148.25163,0.7241263676,33.7690919,10,314.825163,3.484274961,6.347944355,0,-42.02639794,stop,"VWAP sapma-dönüş (kaynak kuralları): kümülatif VWAP=0.685436 (300 bar), σ=0.00602109; bu bar +5.29σ ile bandın dışında kapandı ve kapanış short yönünde döndü; stop 2.5×0.5σ (0.724126), hedef VWAP mesafesinin %75'i (0.693227); yönetim: breakeven 1R, kısmi %50 @ 1.5R, takip geri verme %50 | arm=vwap_revert_src | combo=band2_tp1 | combo_r=0.5317 | combo_n=15 | pick=exploit",
vwap_clone,BTC-USDT-SWAP,long,2026-09-25T23:15:00+00:00,2026-09-26T00:15:00+00:00,84072.91545,83880.8088,0.0370738533,3116.906934,83922.77019,5.566463469,10,311.6906934,3.424680454,3.113344865,-0.05298805742,-10.59980222,stop,"VWAP sapma-dönüş (kaynak kuralları): kümülatif VWAP=84516.5 (300 bar), σ=108.13; bu bar -4.37σ ile bandın dışında kapandı ve kapanış long yönünde döndü; stop 2×0.5σ (83922.8), hedef VWAP mesafesinin %50'i (84273.7); yönetim: breakeven 1R, kısmi %50 @ 1.5R, takip geri verme %50 | arm=vwap_revert_src | combo=band1_tp0 | combo_r=0.2434 | combo_n=31 | pick=exploit",
vwap_clone,DOGE-USDT-SWAP,short,2026-09-25T23:15:00+00:00,2026-09-26T00:30:00+00:00,0.09919038,0.09813024212,15703.49336,1557.635474,0.09992983232,11.6119846,10,155.7635474,1.704242693,1.549316089,0.1553546598,15.09898012,partial,"VWAP sapma-dönüş (kaynak kuralları): kümülatif VWAP=0.0965658 (300 bar), σ=0.000559866; bu bar +4.70σ ile bandın dışında kapandı ve kapanış short yönünde döndü; stop 2.5×0.5σ (0.0999298), hedef VWAP mesafesinin %100'i (0.0965658); yönetim: breakeven 1R, kısmi %50 @ 1.5R, takip geri verme %50 | arm=vwap_revert_src | combo=band2_tp2 | combo_r=0.6977 | combo_n=13 | pick=exploit",
vwap_clone,DOGE-USDT-SWAP,short,2026-09-25T23:15:00+00:00,2026-09-26T00:45:00+00:00,0.09919038,0.098537585,15703.49336,1557.635474,0.09992983232,11.6119846,10,155.7635474,1.707760882,3.096807408,0.1553546598,8.698755725,stop,"VWAP sapma-dönüş (kaynak kuralları): kümülatif VWAP=0.0965658 (300 bar), σ=0.000559866; bu bar +4.70σ ile bandın dışında kapandı ve kapanış short yönünde döndü; stop 2.5×0.5σ (0.0999298), hedef VWAP mesafesinin %100'i (0.0965658); yönetim: breakeven 1R, kısmi %50 @ 1.5R, takip geri verme %50 | arm=vwap_revert_src | combo=band2_tp2 | combo_r=0.6977 | combo_n=13 | pick=exploit",exit_rule=partial
vwap_clone,ADA-USDT-SWAP,short,2026-09-26T01:00:00+00:00,2026-09-26T01:15:00+00:00,0.25697145,0.2594368029,12272.55437,3153.696093,0.2590482305,25.4874018,10,315.3696093,3.4857066,6.346412107,0,-33.74188364,stop,"VWAP sapma-dönüş (kaynak kuralları): kümülatif VWAP=0.248447 (300 bar), σ=0.00194823; bu bar +4.58σ ile bandın dışında kapandı ve kapanış short yönünde döndü; stop 2×0.5σ (0.259048), hedef VWAP mesafesinin %50'i (0.252773); yönetim: breakeven 1R, kısmi %50 @ 1.5R, takip geri verme %50 | arm=vwap_revert_src | combo=band1_tp0 | combo_r=-0.1448 | combo_n=61 | pick=explore",
vwap_clone,SOL-USDT-SWAP,short,2026-09-25T23:00:00+00:00,2026-09-26T01:30:00+00:00,122.068935,122.2520384,25.65377149,3131.528564,122.7038311,16.28747861,10,313.1528564,3.447264932,6.263840403,0.1205115689,-8.02404621,stop,"VWAP sapma-dönüş (kaynak kuralları): kümülatif VWAP=117.301 (300 bar), σ=0.459065; bu bar +10.69σ ile bandın dışında kapandı ve kapanış short yönünde döndü; stop 2.5×0.5σ (122.704), hedef VWAP mesafesinin %75'i (118.508); yönetim: breakeven 1R, kısmi %50 @ 1.5R, takip geri verme %50 | arm=vwap_revert_src | combo=band2_tp1 | combo_r=-0.08141 | combo_n=14 | pick=exploit",exit_rule=breakeven
vwap_clone,LINK-USDT-SWAP,short,2026-09-26T01:30:00+00:00,2026-09-26T01:30:00+00:00,13.9100415,14.01116947,224.5775765,3123.883409,13.99018419,17.99825158,10,312.3883409,3.448762841,6.275545557,0,-26.15983691,stop,"VWAP sapma-dönüş (kaynak kuralları): kümülatif VWAP=13.1343 (300 bar), σ=0.0731842; bu bar +10.93σ ile bandın dışında kapandı ve kapanış short yönünde döndü; stop 2×0.5σ (13.9902), hedef VWAP mesafesinin %100'i (13.1343); yönetim: breakeven 1R, kısmi %50 @ 1.5R, takip geri verme %50 | arm=vwap_revert_src | combo=band1_tp2 | combo_r=0.3837 | combo_n=6 | pick=exploit",
vwap_clone,XRP-USDT-SWAP,short,2026-09-26T02:00:00+00:00,2026-09-26T02:30:00+00:00,1.57471225,1.566544594,985.0155002,1551.115975,1.580679275,5.877611931,10,155.1115975,1.701802675,1.547095739,0,6.343465444,partial,"VWAP sapma-dönüş (kaynak kuralları): kümülatif VWAP=1.5479 (300 bar), σ=0.00677237; bu bar +4.24σ ile bandın dışında kapandı ve kapanış short yönünde döndü; stop 1.5×0.5σ (1.58068), hedef VWAP mesafesinin %75'i (1.55482); yönetim: breakeven 1R, kısmi %50 @ 1.5R, takip geri verme %50 | arm=vwap_revert_src | combo=band0_tp1 | combo_r=0.0724 | combo_n=3 | pick=exploit",
vwap_clone,XRP-USDT-SWAP,short,2026-09-26T02:00:00+00:00,2026-09-26T02:45:00+00:00,1.57471225,1.568110355,985.0155002,1551.115975,1.580679275,5.877611931,10,155.1115975,1.702650939,3.089395295,0,4.800317623,stop,"VWAP sapma-dönüş (kaynak kuralları): kümülatif VWAP=1.5479 (300 bar), σ=0.00677237; bu bar +4.24σ ile bandın dışında kapandı ve kapanış short yönünde döndü; stop 1.5×0.5σ (1.58068), hedef VWAP mesafesinin %75'i (1.55482); yönetim: breakeven 1R, kısmi %50 @ 1.5R, takip geri verme %50 | arm=vwap_revert_src | combo=band0_tp1 | combo_r=0.0724 | combo_n=3 | pick=exploit",exit_rule=partial
vwap_clone,BTC-USDT-SWAP,long,2026-09-26T01:00:00+00:00,2026-09-26T03:00:00+00:00,83913.936,83871.97903,0.03760224355,3155.352259,83749.90454,6.167950981,10,315.5352259,3.470019763,3.154563815,0,-5.047695892,stop,"VWAP sapma-dönüş (kaynak kuralları): kümülatif VWAP=84501.4 (300 bar), σ=122.095; bu bar -5.13σ ile bandın dışında kapandı ve kapanış long yönünde döndü; stop 2×0.5σ (83749.9), hedef VWAP mesafesinin %75'i (84344.1); yönetim: breakeven 1R, kısmi %50 @ 1.5R, takip geri verme %50 | arm=vwap_revert_src | combo=band1_tp1 | combo_r=-1.599 | combo_n=4 | pick=explore",exit_rule=breakeven
vwap_clone,SOL-USDT-SWAP,short,2026-09-26T02:00:00+00:00,2026-09-26T03:00:00+00:00,121.948995,121.3232749,12.72606578,1551.930932,122.4065626,5.823035895,10,155.1930932,1.7027444,1.547951832,0,6.260211253,partial,"VWAP sapma-dönüş (kaynak kuralları): kümülatif VWAP=117.357 (300 bar), σ=0.396563; bu bar +11.72σ ile bandın dışında kapandı ve kapanış short yönünde döndü; stop 2×0.5σ (122.407), hedef VWAP mesafesinin %100'i (117.357); yönetim: breakeven 1R, kısmi %50 @ 1.5R, takip geri verme %50 | arm=vwap_revert_src | combo=band1_tp2 | combo_r=-0.75 | combo_n=11 | pick=explore",
vwap_clone,BTC-USDT-SWAP,long,2026-09-26T03:30:00+00:00,2026-09-26T03:30:00+00:00,84027.09255,83879.66387,0.03719676616,3125.536112,83921.62469,3.923063497,10,312.5536112,3.435073595,3.122793587,0,-8.918943616,stop,"VWAP sapma-dönüş (kaynak kuralları): kümülatif VWAP=84460.8 (300 bar), σ=63.4753; bu bar -7.91σ ile bandın dışında kapandı ve kapanış long yönünde döndü; stop 2×0.5σ (83921.6), hedef VWAP mesafesinin %50'i (84222.9); yönetim: breakeven 1R, kısmi %50 @ 1.5R, takip geri verme %50 | arm=vwap_revert_src | combo=band1_tp0 | combo_r=0.1762 | combo_n=32 | pick=exploit",
vwap_clone,XRP-USDT-SWAP,short,2026-09-26T03:00:00+00:00,2026-09-26T04:15:00+00:00,1.5634179,1.554005385,1000.415267,1564.067136,1.570210653,6.79557389,10,156.4067136,1.715294817,1.559361668,0,7.70112913,partial,"VWAP sapma-dönüş (kaynak kuralları): kümülatif VWAP=1.5478 (300 bar), σ=0.00480852; bu bar +3.60σ ile bandın dışında kapandı ve kapanış short yönünde döndü; stop 2.5×0.5σ (1.57021), hedef VWAP mesafesinin %75'i (1.5519); yönetim: breakeven 1R, kısmi %50 @ 1.5R, takip geri verme %50 | arm=vwap_revert_src | combo=band2_tp1 | combo_r=0.003906 | combo_n=94 | pick=explore",
vwap_clone,XRP-USDT-SWAP,short,2026-09-26T03:00:00+00:00,2026-09-26T04:15:00+00:00,1.5634179,1.552676274,1000.415267,1564.067136,1.570210653,6.79557389,10,156.4067136,1.714563503,1.558697169,0,9.031522941,tp,"VWAP sapma-dönüş (kaynak kuralları): kümülatif VWAP=1.5478 (300 bar), σ=0.00480852; bu bar +3.60σ ile bandın dışında kapandı ve kapanış short yönünde döndü; stop 2.5×0.5σ (1.57021), hedef VWAP mesafesinin %75'i (1.5519); yönetim: breakeven 1R, kısmi %50 @ 1.5R, takip geri verme %50 | arm=vwap_revert_src | combo=band2_tp1 | combo_r=0.003906 | combo_n=94 | pick=explore",
vwap_clone,BTC-USDT-SWAP,long,2026-09-26T04:15:00+00:00,2026-09-26T04:15:00+00:00,83983.27065,83837.53177,0.03726041006,3129.251103,83879.4715,3.867598708,10,312.9251103,3.439189553,3.126535382,0,-8.869480013,stop,"VWAP sapma-dönüş (kaynak kuralları): kümülatif VWAP=84443 (300 bar), σ=61.8285; bu bar -8.13σ ile bandın dışında kapandı ve kapanış long yönünde döndü; stop 2×0.5σ (83879.5), hedef VWAP mesafesinin %50'i (84192.1); yönetim: breakeven 1R, kısmi %50 @ 1.5R, takip geri verme %50 | arm=vwap_revert_src | combo=band1_tp0 | combo_r=0.102 | combo_n=33 | pick=exploit",
vwap_clone,BTC-USDT-SWAP,long,2026-09-26T04:45:00+00:00,2026-09-26T05:15:00+00:00,83991.87495,83848.03949,0.03713741254,3119.24091,83889.98448,3.783948273,10,311.924091,3.428227079,3.116569516,0,-8.769903833,stop,"VWAP sapma-dönüş (kaynak kuralları): kümülatif VWAP=84432.4 (300 bar), σ=59.9155; bu bar -8.84σ ile bandın dışında kapandı ve kapanış long yönünde döndü; stop 2×0.5σ (83890), hedef VWAP mesafesinin %50'i (84191.1); yönetim: breakeven 1R, kısmi %50 @ 1.5R, takip geri verme %50 | arm=vwap_revert_src | combo=band1_tp0 | combo_r=0.03156 | combo_n=34 | pick=exploit",
vwap_clone,BTC-USDT-SWAP,long,2026-09-26T05:45:00+00:00,2026-09-26T06:00:00+00:00,83968.3632,83825.48839,0.03710300594,3115.478678,83867.4221,3.745218082,10,311.5478678,3.42411095,3.112827589,0,-8.725195762,stop,"VWAP sapma-dönüş (kaynak kuralları): kümülatif VWAP=84417.5 (300 bar), σ=47.1823; bu bar -10.95σ ile bandın dışında kapandı ve kapanış long yönünde döndü; stop 2.5×0.5σ (83867.4), hedef VWAP mesafesinin %75'i (84294.7); yönetim: breakeven 1R, kısmi %50 @ 1.5R, takip geri verme %50 | arm=vwap_revert_src | combo=band2_tp1 | combo_r=0.02947 | combo_n=96 | pick=exploit",
vwap_clone,BTC-USDT-SWAP,long,2026-09-26T06:30:00+00:00,2026-09-26T07:45:00+00:00,83945.05155,84037.9964,0.01855988048,1558.010124,83855.06164,1.670201992,10,155.8010124,1.714759911,1.558873467,0,0.01028536411,partial,"VWAP sapma-dönüş (kaynak kuralları): kümülatif VWAP=84409.1 (300 bar), σ=48.1384; bu bar -10.96σ ile bandın dışında kapandı ve kapanış long yönünde döndü; stop 2×0.5σ (83855.1), hedef VWAP mesafesinin %50'i (84156.1); yönetim: breakeven 1R, kısmi %50 @ 1.5R, takip geri verme %50 | arm=vwap_revert_src | combo=band1_tp0 | combo_r=-0.03556 | combo_n=35 | pick=explore",
vwap_clone,BTC-USDT-SWAP,long,2026-09-26T06:30:00+00:00,2026-09-26T08:00:00+00:00,83945.05155,84036.46075,0.01855988048,1558.010124,83855.06164,1.670201992,10,155.8010124,1.714744235,1.558859209,-0.03231351752,-0.05051392587,stop,"VWAP sapma-dönüş (kaynak kuralları): kümülatif VWAP=84409.1 (300 bar), σ=48.1384; bu bar -10.96σ ile bandın dışında kapandı ve kapanış long yönünde döndü; stop 2×0.5σ (83855.1), hedef VWAP mesafesinin %50'i (84156.1); yönetim: breakeven 1R, kısmi %50 @ 1.5R, takip geri verme %50 | arm=vwap_revert_src | combo=band1_tp0 | combo_r=-0.03556 | combo_n=35 | pick=explore",exit_rule=partial
vwap_clone,SOL-USDT-SWAP,short,2026-09-26T02:00:00+00:00,2026-09-26T08:30:00+00:00,121.948995,121.2060342,12.72606578,1551.930932,122.4065626,5.823035895,10,155.1930932,1.701923794,3.086602218,0.04205107077,7.795094703,stop,"VWAP sapma-dönüş (kaynak kuralları): kümülatif VWAP=117.357 (300 bar), σ=0.396563; bu bar +11.72σ ile bandın dışında kapandı ve kapanış short yönünde döndü; stop 2×0.5σ (122.407), hedef VWAP mesafesinin %100'i (117.357); yönetim: breakeven 1R, kısmi %50 @ 1.5R, takip geri verme %50 | arm=vwap_revert_src | combo=band1_tp2 | combo_r=-0.75 | combo_n=11 | pick=explore",exit_rule=giveback
vwap_clone,BNB-USDT-SWAP,long,2026-09-26T06:45:00+00:00,2026-09-26T08:30:00+00:00,772.48605,773.3666854,4.019291028,3104.84625,771.1588512,5.334398207,10,310.484625,3.417277616,3.106617677,-0.3107313894,-0.1884791553,tp,"VWAP sapma-dönüş (kaynak kuralları): kümülatif VWAP=774.305 (300 bar), σ=1.25487; bu bar -1.84σ ile bandın dışında kapandı ve kapanış long yönünde döndü; stop 1.5×0.5σ (771.159), hedef VWAP mesafesinin %75'i (773.754); yönetim: breakeven 1R, kısmi %50 @ 1.5R, takip geri verme %50 | arm=vwap_revert_src | combo=band0_tp1 | combo_r=0.786 | combo_n=4 | pick=exploit",
vwap_clone,BTC-USDT-SWAP,long,2026-09-26T08:30:00+00:00,2026-09-26T08:30:00+00:00,84109.33365,84215.58647,0.01861137769,1565.390576,84010.41253,1.841058312,10,156.5390576,1.723017265,1.566380217,0,0.2544941218,partial,"VWAP sapma-dönüş (kaynak kuralları): kümülatif VWAP=84325.2 (300 bar), σ=56.8875; bu bar -5.03σ ile bandın dışında kapandı ve kapanış long yönünde döndü; stop 2×0.5σ (84010.4), hedef VWAP mesafesinin %50'i (84196.3); yönetim: breakeven 1R, kısmi %50 @ 1.5R, takip geri verme %50 | arm=vwap_revert_src | combo=band1_tp0 | combo_r=-0.03429 | combo_n=37 | pick=exploit",
vwap_clone,BTC-USDT-SWAP,long,2026-09-26T08:30:00+00:00,2026-09-26T08:30:00+00:00,84109.33365,84154.16564,0.01861137769,1565.390576,84010.41253,1.841058312,10,156.5390576,1.722388545,1.565808368,0,-0.8880033755,tp,"VWAP sapma-dönüş (kaynak kuralları): kümülatif VWAP=84325.2 (300 bar), σ=56.8875; bu bar -5.03σ ile bandın dışında kapandı ve kapanış long yönünde döndü; stop 2×0.5σ (84010.4), hedef VWAP mesafesinin %50'i (84196.3); yönetim: breakeven 1R, kısmi %50 @ 1.5R, takip geri verme %50 | arm=vwap_revert_src | combo=band1_tp0 | combo_r=-0.03429 | combo_n=37 | pick=exploit",
vwap_clone,DOGE-USDT-SWAP,short,2026-09-26T04:30:00+00:00,2026-09-26T09:00:00+00:00,0.09763116,0.09680261661,16047.56305,1566.742196,0.09821577368,9.381624824,10,156.6742196,1.716103559,1.560097859,0.1571216899,11.73712049,partial,"VWAP sapma-dönüş (kaynak kuralları): kümülatif VWAP=0.0964612 (300 bar), σ=0.000436619; bu bar +3.28σ ile bandın dışında kapandı ve kapanış short yönünde döndü; stop 2.5×0.5σ (0.0982158), hedef VWAP mesafesinin %100'i (0.0964612); yönetim: breakeven 1R, kısmi %50 @ 1.5R, takip geri verme %50 | arm=vwap_revert_src | combo=band2_tp2 | combo_r=0.7413 | combo_n=15 | pick=exploit",
vwap_clone,SOL-USDT-SWAP,short,2026-09-26T09:00:00+00:00,2026-09-26T09:00:00+00:00,120.589675,120.3882533,12.99323742,1566.850277,120.7640655,2.265897333,10,156.6850277,1.722095889,1.565542763,0,0.8950243946,partial,"VWAP sapma-dönüş (kaynak kuralları): kümülatif VWAP=117.425 (300 bar), σ=0.165421; bu bar +20.10σ ile bandın dışında kapandı ve kapanış short yönünde döndü; stop 1.5×0.5σ (120.764), hedef VWAP mesafesinin %100'i (117.425); yönetim: breakeven 1R, kısmi %50 @ 1.5R, takip geri verme %50 | arm=vwap_revert_src | combo=band0_tp2 | combo_r=-1.046 | combo_n=3 | pick=explore",
vwap_clone,DOGE-USDT-SWAP,short,2026-09-26T04:30:00+00:00,2026-09-26T09:15:00+00:00,0.09763116,0.09708541,16047.56305,1566.742196,0.09821577368,9.381624824,10,156.6742196,1.718599539,3.117239123,0.1571216899,7.196479687,stop,"VWAP sapma-dönüş (kaynak kuralları): kümülatif VWAP=0.0964612 (300 bar), σ=0.000436619; bu bar +3.28σ ile bandın dışında kapandı ve kapanış short yönünde döndü; stop 2.5×0.5σ (0.0982158), hedef VWAP mesafesinin %100'i (0.0964612); yönetim: breakeven 1R, kısmi %50 @ 1.5R, takip geri verme %50 | arm=vwap_revert_src | combo=band2_tp2 | combo_r=0.7413 | combo_n=15 | pick=exploit",exit_rule=partial
vwap_clone,SOL-USDT-SWAP,short,2026-09-26T09:00:00+00:00,2026-09-26T10:00:00+00:00,120.589675,120.3550998,12.99323742,1566.850277,120.7640655,2.265897333,10,156.6850277,1.721858965,3.12600734,0,1.32603287,stop,"VWAP sapma-dönüş (kaynak kuralları): kümülatif VWAP=117.425 (300 bar), σ=0.165421; bu bar +20.10σ ile bandın dışında kapandı ve kapanış short yönünde döndü; stop 1.5×0.5σ (120.764), hedef VWAP mesafesinin %100'i (117.425); yönetim: breakeven 1R, kısmi %50 @ 1.5R, takip geri verme %50 | arm=vwap_revert_src | combo=band0_tp2 | combo_r=-1.046 | combo_n=3 | pick=explore",exit_rule=giveback
vwap_clone,ETHFI-USDT-SWAP,short,2026-09-26T09:30:00+00:00,2026-09-26T10:00:00+00:00,0.71374295,0.7190123172,4400.716084,3140.98008,0.7179354141,18.44984427,10,314.098008,3.467832032,6.310420564,0,-26.65682118,stop,"VWAP sapma-dönüş (kaynak kuralları): kümülatif VWAP=0.683908 (300 bar), σ=0.00298833; bu bar +10.53σ ile bandın dışında kapandı ve kapanış short yönünde döndü; stop 2.5×0.5σ (0.717935), hedef VWAP mesafesinin %75'i (0.691481); yönetim: breakeven 1R, kısmi %50 @ 1.5R, takip geri verme %50 | arm=vwap_revert_src | combo=band2_tp1 | combo_r=0.4207 | combo_n=16 | pick=exploit",
vwap_clone,BTC-USDT-SWAP,long,2026-09-26T09:30:00+00:00,2026-09-26T10:15:00+00:00,84038.49825,84100.59904,0.03739511811,3142.629568,83898.52987,5.234133968,10,314.2629568,3.458169771,3.143792068,0,-1.135903402,tp,"VWAP sapma-dönüş (kaynak kuralları): kümülatif VWAP=84288.9 (300 bar), σ=97.8701; bu bar -3.28σ ile bandın dışında kapandı ve kapanış long yönünde döndü; stop 2×0.5σ (83898.5), hedef VWAP mesafesinin %50'i (84142.7); yönetim: breakeven 1R, kısmi %50 @ 1.5R, takip geri verme %50 | arm=vwap_revert_src | combo=band1_tp0 | combo_r=-0.04135 | combo_n=39 | pick=exploit",
vwap_clone,BNB-USDT-SWAP,long,2026-09-26T09:45:00+00:00,2026-09-26T10:15:00+00:00,770.7852,771.8732864,2.040495174,1572.78348,769.8023893,2.00542059,10,157.278348,1.731282958,1.573894547,0,0.4889521213,partial,"VWAP sapma-dönüş (kaynak kuralları): kümülatif VWAP=773.469 (300 bar), σ=0.930148; bu bar -3.48σ ile bandın dışında kapandı ve kapanış long yönünde döndü; stop 1.5×0.5σ (769.802), hedef VWAP mesafesinin %75'i (772.727); yönetim: breakeven 1R, kısmi %50 @ 1.5R, takip geri verme %50 | arm=vwap_revert_src | combo=band0_tp1 | combo_r=0.6217 | combo_n=5 | pick=exploit",
vwap_clone,BNB-USDT-SWAP,long,2026-09-26T09:45:00+00:00,2026-09-26T10:15:00+00:00,770.7852,772.3402998,2.040495174,1572.78348,769.8023893,2.00542059,10,157.278348,1.731807074,1.574371254,0,1.441366553,tp,"VWAP sapma-dönüş (kaynak kuralları): kümülatif VWAP=773.469 (300 bar), σ=0.930148; bu bar -3.48σ ile bandın dışında kapandı ve kapanış long yönünde döndü; stop 1.5×0.5σ (769.802), hedef VWAP mesafesinin %75'i (772.727); yönetim: breakeven 1R, kısmi %50 @ 1.5R, takip geri verme %50 | arm=vwap_revert_src | combo=band0_tp1 | combo_r=0.6217 | combo_n=5 | pick=exploit",
vwap_clone,ADA-USDT-SWAP,short,2026-09-26T10:45:00+00:00,2026-09-26T10:45:00+00:00,0.25637175,0.257595719,12141.49515,3112.736358,0.2572099041,10.17644416,10,311.2736358,3.432183441,6.241515956,0,-18.29299681,stop,"VWAP sapma-dönüş (kaynak kuralları): kümülatif VWAP=0.248109 (300 bar), σ=0.000946539; bu bar +8.97σ ile bandın dışında kapandı ve kapanış short yönünde döndü; stop 1.5×0.5σ (0.25721), hedef VWAP mesafesinin %75'i (0.250207); yönetim: breakeven 1R, kısmi %50 @ 1.5R, takip geri verme %50 | arm=vwap_revert_src | combo=band0_tp1 | combo_r=-0.08046 | combo_n=4 | pick=explore",
vwap_clone,ETHFI-USDT-SWAP,short,2026-09-26T11:00:00+00:00,2026-09-26T11:15:00+00:00,0.7284356,0.7345208978,4250.288779,3096.061657,0.7334207666,21.18839784,10,309.6061657,3.419893173,6.224680314,0,-29.28416609,stop,"VWAP sapma-dönüş (kaynak kuralları): kümülatif VWAP=0.684358 (300 bar), σ=0.00452077; bu bar +10.01σ ile bandın dışında kapandı ve kapanış short yönünde döndü; stop 2×0.5σ (0.733421), hedef VWAP mesafesinin %100'i (0.684358); yönetim: breakeven 1R, kısmi %50 @ 1.5R, takip geri verme %50 | arm=vwap_revert_src | combo=band1_tp2 | combo_r=-0.2089 | combo_n=5 | pick=explore",
vwap_clone,BTC-USDT-SWAP,long,2026-09-26T10:30:00+00:00,2026-09-26T12:30:00+00:00,84147.0525,83988.62785,0.03690013224,3105.037365,84030.64317,4.295519655,10,310.5037365,3.412325862,3.102113734,0,-9.258216439,stop,"VWAP sapma-dönüş (kaynak kuralları): kümülatif VWAP=84267.8 (300 bar), σ=99.1424; bu bar -1.59σ ile bandın dışında kapandı ve kapanış long yönünde döndü; stop 1.5×0.5σ (84030.6), hedef VWAP mesafesinin %75'i (84227.1); yönetim: breakeven 1R, kısmi %50 @ 1.5R, takip geri verme %50 | arm=vwap_revert_src | combo=band0_tp1 | combo_r=-0.03704 | combo_n=43 | pick=exploit",
vwap_clone,DOGE-USDT-SWAP,short,2026-09-26T10:45:00+00:00,2026-09-26T12:30:00+00:00,0.09777109,0.09719227882,15926.85421,1557.185896,0.09818934535,6.661492024,10,155.7185896,1.707834233,1.552579269,0,7.510806974,partial,"VWAP sapma-dönüş (kaynak kuralları): kümülatif VWAP=0.0958695 (300 bar), σ=0.000295476; bu bar +6.77σ ile bandın dışında kapandı ve kapanış short yönünde döndü; stop 2.5×0.5σ (0.0981893), hedef VWAP mesafesinin %100'i (0.0958695); yönetim: breakeven 1R, kısmi %50 @ 1.5R, takip geri verme %50 | arm=vwap_revert_src | combo=band2_tp2 | combo_r=0.7728 | combo_n=17 | pick=exploit",
vwap_clone,ETHFI-USDT-SWAP,short,2026-09-26T11:30:00+00:00,2026-09-26T12:30:00+00:00,0.7280358,0.7179597498,2105.999019,1533.24268,0.7349923671,14.65052349,10,153.324268,1.674895865,1.52263829,0,19.54525592,partial,"VWAP sapma-dönüş (kaynak kuralları): kümülatif VWAP=0.684436 (300 bar), σ=0.00535389; bu bar +8.63σ ile bandın dışında kapandı ve kapanış short yönünde döndü; stop 2.5×0.5σ (0.734992), hedef VWAP mesafesinin %75'i (0.695402); yönetim: breakeven 1R, kısmi %50 @ 1.5R, takip geri verme %50 | arm=vwap_revert_src | combo=band2_tp1 | combo_r=0.311 | combo_n=17 | pick=exploit",
vwap_clone,DOGE-USDT-SWAP,short,2026-09-26T10:45:00+00:00,2026-09-26T12:45:00+00:00,0.09777109,0.09728942253,15926.85421,1557.185896,0.09818934535,6.661492024,10,155.7185896,1.70868519,3.099772927,0,5.962762359,stop,"VWAP sapma-dönüş (kaynak kuralları): kümülatif VWAP=0.0958695 (300 bar), σ=0.000295476; bu bar +6.77σ ile bandın dışında kapandı ve kapanış short yönünde döndü; stop 2.5×0.5σ (0.0981893), hedef VWAP mesafesinin %100'i (0.0958695); yönetim: breakeven 1R, kısmi %50 @ 1.5R, takip geri verme %50 | arm=vwap_revert_src | combo=band2_tp2 | combo_r=0.7728 | combo_n=17 | pick=exploit",exit_rule=partial
vwap_clone,ETHFI-USDT-SWAP,short,2026-09-26T11:30:00+00:00,2026-09-26T12:45:00+00:00,0.7280358,0.7186773508,2105.999019,1533.24268,0.7349923671,14.65052349,10,153.324268,1.675727062,3.033905186,0,18.03315783,stop,"VWAP sapma-dönüş (kaynak kuralları): kümülatif VWAP=0.684436 (300 bar), σ=0.00535389; bu bar +8.63σ ile bandın dışında kapandı ve kapanış short yönünde döndü; stop 2.5×0.5σ (0.734992), hedef VWAP mesafesinin %75'i (0.695402); yönetim: breakeven 1R, kısmi %50 @ 1.5R, takip geri verme %50 | arm=vwap_revert_src | combo=band2_tp1 | combo_r=0.311 | combo_n=17 | pick=exploit",exit_rule=partial
vwap_clone,BTC-USDT-SWAP,long,2026-09-26T13:00:00+00:00,2026-09-26T13:00:00+00:00,84055.8069,83903.92435,0.0371833026,3125.472503,83945.8973,4.086801875,10,312.5472503,3.434913632,3.122648125,0,-9.082408357,stop,"VWAP sapma-dönüş (kaynak kuralları): kümülatif VWAP=84202.4 (300 bar), σ=67.9027; bu bar -2.72σ ile bandın dışında kapandı ve kapanış long yönünde döndü; stop 2×0.5σ (83945.9), hedef VWAP mesafesinin %50'i (84108.1); yönetim: breakeven 1R, kısmi %50 @ 1.5R, takip geri verme %50 | arm=vwap_revert_src | combo=band1_tp0 | combo_r=-0.04574 | combo_n=40 | pick=exploit",
vwap_clone,DOGE-USDT-SWAP,short,2026-09-26T13:15:00+00:00,2026-09-26T14:45:00+00:00,0.0971514,0.09776214941,32216.02458,3129.831891,0.09761572582,14.95873201,10,312.9831891,3.453636835,6.282884729,0,-23.12955477,stop,"VWAP sapma-dönüş (kaynak kuralları): kümülatif VWAP=0.0956635 (300 bar), σ=0.000332581; bu bar +4.82σ ile bandın dışında kapandı ve kapanış short yönünde döndü; stop 2.5×0.5σ (0.0976157), hedef VWAP mesafesinin %100'i (0.0956635); yönetim: breakeven 1R, kısmi %50 @ 1.5R, takip geri verme %50 | arm=vwap_revert_src | combo=band2_tp2 | combo_r=0.7979 | combo_n=19 | pick=exploit",
vwap_clone,SOL-USDT-SWAP,short,2026-09-26T13:15:00+00:00,2026-09-26T15:15:00+00:00,120.649645,121.3927973,25.95512243,3131.476307,121.2109808,14.56954,10,313.1476307,3.455232673,6.285590185,0,-22.74384144,stop,"VWAP sapma-dönüş (kaynak kuralları): kümülatif VWAP=117.518 (300 bar), σ=0.408785; bu bar +8.13σ ile bandın dışında kapandı ve kapanış short yönünde döndü; stop 2.5×0.5σ (121.211), hedef VWAP mesafesinin %75'i (118.313); yönetim: breakeven 1R, kısmi %50 @ 1.5R, takip geri verme %50 | arm=vwap_revert_src | combo=band2_tp1 | combo_r=-0.1088 | combo_n=15 | pick=exploit",
vwap_clone,ETH-USDT-SWAP,short,2026-09-26T15:00:00+00:00,2026-09-26T15:15:00+00:00,2686.07629,2693.468175,1.156502828,3106.454825,2689.434024,3.883228631,10,310.6454825,3.421802112,6.219511496,0,-11.97053782,stop,"VWAP sapma-dönüş (kaynak kuralları): kümülatif VWAP=2681.68 (300 bar), σ=1.60322; bu bar +3.54σ ile bandın dışında kapandı ve kapanış short yönünde döndü; stop 2.5×0.5σ (2689.43), hedef VWAP mesafesinin %75'i (2683.12); yönetim: breakeven 1R, kısmi %50 @ 1.5R, takip geri verme %50 | arm=vwap_revert_src | combo=band2_tp1 | combo_r=0.1932 | combo_n=25 | pick=exploit",
vwap_clone,BTC-USDT-SWAP,long,2026-09-26T13:45:00+00:00,2026-09-26T15:30:00+00:00,83940.04905,84086.9409,0.01867869143,1567.890275,83814.07815,2.352971658,10,156.7890275,1.726188363,1.569263227,0,1.017559257,partial,"VWAP sapma-dönüş (kaynak kuralları): kümülatif VWAP=84189 (300 bar), σ=84.0219; bu bar -3.73σ ile bandın dışında kapandı ve kapanış long yönünde döndü; stop 2×0.5σ (83814.1), hedef VWAP mesafesinin %50'i (84043.5); yönetim: breakeven 1R, kısmi %50 @ 1.5R, takip geri verme %50 | arm=vwap_revert_src | combo=band1_tp0 | combo_r=-0.09883 | combo_n=41 | pick=exploit",
vwap_clone,BTC-USDT-SWAP,long,2026-09-26T13:45:00+00:00,2026-09-26T15:30:00+00:00,83940.04905,84001.52698,0.01867869143,1567.890275,83814.07815,2.352971658,10,156.7890275,1.725310882,1.568465118,0,-0.5769836689,tp,"VWAP sapma-dönüş (kaynak kuralları): kümülatif VWAP=84189 (300 bar), σ=84.0219; bu bar -3.73σ ile bandın dışında kapandı ve kapanış long yönünde döndü; stop 2×0.5σ (83814.1), hedef VWAP mesafesinin %50'i (84043.5); yönetim: breakeven 1R, kısmi %50 @ 1.5R, takip geri verme %50 | arm=vwap_revert_src | combo=band1_tp0 | combo_r=-0.09883 | combo_n=41 | pick=exploit",
vwap_clone,AVAX-USDT-SWAP,short,2026-09-26T15:45:00+00:00,2026-09-26T16:30:00+00:00,11.0314815,11.04802872,280.6834798,3096.354615,11.11324968,22.95097706,10,309.6354615,3.408544569,6.193483706,0.3081343241,-7.744942167,stop,"VWAP sapma-dönüş (kaynak kuralları): kümülatif VWAP=10.4411 (300 bar), σ=0.103; bu bar +5.97σ ile bandın dışında kapandı ve kapanış short yönünde döndü; stop 1.5×0.5σ (11.1132), hedef VWAP mesafesinin %75'i (10.5899); yönetim: breakeven 1R, kısmi %50 @ 1.5R, takip geri verme %50 | arm=vwap_revert_src | combo=band0_tp1 | combo_r=0.2508 | combo_n=10 | pick=exploit",exit_rule=breakeven
vwap_clone,ADA-USDT-SWAP,short,2026-09-26T15:45:00+00:00,2026-09-26T17:00:00+00:00,0.2596701,0.2569844474,5965.225574,1548.990721,0.2615461538,11.19108387,10,154.8990721,1.695078505,1.54098485,0.1552748217,14.48072007,partial,"VWAP sapma-dönüş (kaynak kuralları): kümülatif VWAP=0.248084 (300 bar), σ=0.00139692; bu bar +8.55σ ile bandın dışında kapandı ve kapanış short yönünde döndü; stop 2.5×0.5σ (0.261546), hedef VWAP mesafesinin %100'i (0.248084); yönetim: breakeven 1R, kısmi %50 @ 1.5R, takip geri verme %50 | arm=vwap_revert_src | combo=band2_tp2 | combo_r=-0.09752 | combo_n=87 | pick=exploit",
vwap_clone,LINK-USDT-SWAP,short,2026-09-26T16:45:00+00:00,2026-09-26T17:30:00+00:00,14.304844,14.32630127,216.862821,3102.188824,14.37541051,15.30325273,10,310.2188824,3.414967012,6.205153584,0,-8.068250249,stop,"VWAP sapma-dönüş (kaynak kuralları): kümülatif VWAP=13.3431 (300 bar), σ=0.0634105; bu bar +15.54σ ile bandın dışında kapandı ve kapanış short yönünde döndü; stop 2×0.5σ (14.3754), hedef VWAP mesafesinin %100'i (13.3431); yönetim: breakeven 1R, kısmi %50 @ 1.5R, takip geri verme %50 | arm=vwap_revert_src | combo=band1_tp2 | combo_r=0.1213 | combo_n=7 | pick=exploit",exit_rule=breakeven
vwap_clone,ADA-USDT-SWAP,short,2026-09-26T15:45:00+00:00,2026-09-26T18:00:00+00:00,0.2596701,0.2572413034,5965.225574,1548.990721,0.2615461538,11.19108387,10,154.8990721,1.695921218,3.073188945,0.1552748217,12.94767327,stop,"VWAP sapma-dönüş (kaynak kuralları): kümülatif VWAP=0.248084 (300 bar), σ=0.00139692; bu bar +8.55σ ile bandın dışında kapandı ve kapanış short yönünde döndü; stop 2.5×0.5σ (0.261546), hedef VWAP mesafesinin %100'i (0.248084); yönetim: breakeven 1R, kısmi %50 @ 1.5R, takip geri verme %50 | arm=vwap_revert_src | combo=band2_tp2 | combo_r=-0.09752 | combo_n=87 | pick=exploit",exit_rule=partial
vwap_clone,DOGE-USDT-SWAP,short,2026-09-26T17:45:00+00:00,2026-09-26T19:30:00+00:00,0.09773111,0.09693475799,15862.87179,1550.296068,0.09829430678,8.933918271,10,155.0296068,1.698377839,1.543983397,0,10.93405197,partial,"VWAP sapma-dönüş (kaynak kuralları): kümülatif VWAP=0.0955044 (300 bar), σ=0.000504307; bu bar +4.47σ ile bandın dışında kapandı ve kapanış short yönünde döndü; stop 2×0.5σ (0.0982943), hedef VWAP mesafesinin %50'i (0.0966472); yönetim: breakeven 1R, kısmi %50 @ 1.5R, takip geri verme %50 | arm=vwap_revert_src | combo=band1_tp0 | combo_r=-0.2694 | combo_n=73 | pick=explore",
vwap_clone,ETH-USDT-SWAP,short,2026-09-26T18:15:00+00:00,2026-09-26T19:30:00+00:00,2685.49658,2682.680807,1.15301989,3096.430971,2689.824458,4.990129919,10,309.6430971,3.404288415,3.094809235,0,-0.1576462168,tp,"VWAP sapma-dönüş (kaynak kuralları): kümülatif VWAP=2681.34 (300 bar), σ=2.37957; bu bar +2.74σ ile bandın dışında kapandı ve kapanış short yönünde döndü; stop 2.5×0.5σ (2689.82), hedef VWAP mesafesinin %100'i (2681.34); yönetim: breakeven 1R, kısmi %50 @ 1.5R, takip geri verme %50 | arm=vwap_revert_src | combo=band2_tp2 | combo_r=-0.2771 | combo_n=15 | pick=explore",
vwap_clone,DOGE-USDT-SWAP,short,2026-09-26T17:45:00+00:00,2026-09-26T19:45:00+00:00,0.09773111,0.097235635,15862.87179,1550.296068,0.09829430678,8.933918271,10,155.0296068,1.701002864,3.085725136,0,6.158653538,stop,"VWAP sapma-dönüş (kaynak kuralları): kümülatif VWAP=0.0955044 (300 bar), σ=0.000504307; bu bar +4.47σ ile bandın dışında kapandı ve kapanış short yönünde döndü; stop 2×0.5σ (0.0982943), hedef VWAP mesafesinin %50'i (0.0966472); yönetim: breakeven 1R, kısmi %50 @ 1.5R, takip geri verme %50 | arm=vwap_revert_src | combo=band1_tp0 | combo_r=-0.2694 | combo_n=73 | pick=explore",exit_rule=partial
vwap_clone,BNB-USDT-SWAP,long,2026-09-26T19:00:00+00:00,2026-09-26T20:00:00+00:00,770.9853,769.559862,4.041998487,3116.321416,769.9448344,4.205560319,10,311.6321416,3.424784668,3.113439945,0,-9.186402915,stop,"VWAP sapma-dönüş (kaynak kuralları): kümülatif VWAP=773.26 (300 bar), σ=1.00689; bu bar -2.74σ ile bandın dışında kapandı ve kapanış long yönünde döndü; stop 1.5×0.5σ (769.945), hedef VWAP mesafesinin %75'i (772.62); yönetim: breakeven 1R, kısmi %50 @ 1.5R, takip geri verme %50 | arm=vwap_revert_src | combo=band0_tp1 | combo_r=0.5816 | combo_n=7 | pick=exploit",
vwap_clone,SOL-USDT-SWAP,short,2026-09-26T19:45:00+00:00,2026-09-26T20:15:00+00:00,121.01946,121.2009892,25.71385954,3111.877396,121.2891753,6.935420173,10,311.1877396,3.425632435,6.224533151,0,-8.093448529,stop,"VWAP sapma-dönüş (kaynak kuralları): kümülatif VWAP=118.158 (300 bar), σ=0.2789; bu bar +10.18σ ile bandın dışında kapandı ve kapanış short yönünde döndü; stop 1.5×0.5σ (121.289), hedef VWAP mesafesinin %75'i (118.889); yönetim: breakeven 1R, kısmi %50 @ 1.5R, takip geri verme %50 | arm=vwap_revert_src | combo=band0_tp1 | combo_r=-0.1279 | combo_n=46 | pick=exploit",exit_rule=breakeven
vwap_clone,DOGE-USDT-SWAP,short,2026-09-26T20:00:00+00:00,2026-09-26T20:15:00+00:00,0.096901525,0.0964049292,32064.61604,3107.110193,0.09750095539,19.22050531,10,310.7110193,3.409063478,3.099153372,0,12.51409026,tp,"VWAP sapma-dönüş (kaynak kuralları): kümülatif VWAP=0.0957535 (300 bar), σ=0.000540955; bu bar +2.30σ ile bandın dışında kapandı ve kapanış short yönünde döndü; stop 2×0.5σ (0.097501), hedef VWAP mesafesinin %50'i (0.0963568); yönetim: breakeven 1R, kısmi %50 @ 1.5R, takip geri verme %50 | arm=vwap_revert_src | combo=band1_tp0 | combo_r=0.9264 | combo_n=4 | pick=exploit",
vwap_clone,SOL-USDT-SWAP,short,2026-09-26T20:45:00+00:00,2026-09-26T21:00:00+00:00,120.39977,120.5803697,25.99842139,3130.203955,120.8235922,11.01870698,10,313.0203955,3.445806769,6.261190853,0,-8.141112702,stop,"VWAP sapma-dönüş (kaynak kuralları): kümülatif VWAP=118.24 (300 bar), σ=0.290874; bu bar +8.47σ ile bandın dışında kapandı ve kapanış short yönünde döndü; stop 2.5×0.5σ (120.824), hedef VWAP mesafesinin %75'i (118.795); yönetim: breakeven 1R, kısmi %50 @ 1.5R, takip geri verme %50 | arm=vwap_revert_src | combo=band2_tp1 | combo_r=-0.1996 | combo_n=16 | pick=exploit",exit_rule=breakeven
vwap_clone,LINK-USDT-SWAP,short,2026-09-26T20:45:00+00:00,2026-09-26T21:00:00+00:00,13.971011,13.99196752,223.9322699,3128.560207,14.07763671,23.87693764,10,312.8560207,3.443997289,6.257902944,0,-8.136837599,stop,"VWAP sapma-dönüş (kaynak kuralları): kümülatif VWAP=13.4944 (300 bar), σ=0.100637; bu bar +5.09σ ile bandın dışında kapandı ve kapanış short yönünde döndü; stop 2×0.5σ (14.0776), hedef VWAP mesafesinin %100'i (13.4944); yönetim: breakeven 1R, kısmi %50 @ 1.5R, takip geri verme %50 | arm=vwap_revert_src | combo=band1_tp2 | combo_r=0.0402 | combo_n=8 | pick=exploit",exit_rule=breakeven
vwap_clone,BTC-USDT-SWAP,long,2026-09-26T21:00:00+00:00,2026-09-26T21:00:00+00:00,84035.3967,84021.4386,0.03717965355,3124.406935,83926.19323,4.060147261,10,312.4406935,3.436562202,3.124148108,0,-3.955519357,tp,"VWAP sapma-dönüş (kaynak kuralları): kümülatif VWAP=84063.5 (300 bar), σ=53.7654; bu bar -2.59σ ile bandın dışında kapandı ve kapanış long yönünde döndü; stop 2.5×0.5σ (83926.2), hedef VWAP mesafesinin %100'i (84063.5); yönetim: breakeven 1R, kısmi %50 @ 1.5R, takip geri verme %50 | arm=vwap_revert_src | combo=band2_tp2 | combo_r=-0.3559 | combo_n=15 | pick=explore",
vwap_clone,XRP-USDT-SWAP,long,2026-09-26T21:00:00+00:00,2026-09-26T21:30:00+00:00,1.5119556,1.525849019,1032.691374,1561.383506,1.50218445,10.09058276,10,156.1383506,1.725413044,1.568561292,0,12.62220141,partial,"VWAP sapma-dönüş (kaynak kuralları): kümülatif VWAP=1.53729 (300 bar), σ=0.0118874; bu bar -2.46σ ile bandın dışında kapandı ve kapanış long yönünde döndü; stop 1.5×0.5σ (1.50218), hedef VWAP mesafesinin %75'i (1.53075); yönetim: breakeven 1R, kısmi %50 @ 1.5R, takip geri verme %50 | arm=vwap_revert_src | combo=band0_tp1 | combo_r=0.4226 | combo_n=5 | pick=exploit",
vwap_clone,NEAR-USDT-SWAP,short,2026-09-25T12:45:00+00:00,2026-09-26T21:45:00+00:00,5.039479,5.047038219,639.0914045,3220.687712,5.25125631,135.3450588,10,322.0687712,3.545413551,6.442180999,0.06014548576,-8.316299633,stop,"VWAP sapma-dönüş (kaynak kuralları): kümülatif VWAP=4.5079 (300 bar), σ=0.168205; bu bar +3.27σ ile bandın dışında kapandı ve kapanış short yönünde döndü; stop 2.5×0.5σ (5.25126), hedef VWAP mesafesinin %75'i (4.64117); yönetim: breakeven 1R, kısmi %50 @ 1.5R, takip geri verme %50 | arm=vwap_revert_src | combo=band2_tp1 | combo_r=0.3656 | combo_n=11 | pick=exploit",exit_rule=breakeven
vwap_clone,XRP-USDT-SWAP,long,2026-09-26T21:00:00+00:00,2026-09-26T21:45:00+00:00,1.5119556,1.52273825,1032.691374,1561.383506,1.50218445,10.09058276,10,156.1383506,1.723646189,1.566954256,0,9.411503454,stop,"VWAP sapma-dönüş (kaynak kuralları): kümülatif VWAP=1.53729 (300 bar), σ=0.0118874; bu bar -2.46σ ile bandın dışında kapandı ve kapanış long yönünde döndü; stop 1.5×0.5σ (1.50218), hedef VWAP mesafesinin %75'i (1.53075); yönetim: breakeven 1R, kısmi %50 @ 1.5R, takip geri verme %50 | arm=vwap_revert_src | combo=band0_tp1 | combo_r=0.4226 | combo_n=5 | pick=exploit",exit_rule=partial
vwap_clone,BNB-USDT-SWAP,long,2026-09-26T21:15:00+00:00,2026-09-26T22:00:00+00:00,770.68515,772.5539957,4.03519052,3109.861411,769.0012468,6.794870082,10,310.9861411,3.424995184,3.113634649,0,4.116153209,tp,"VWAP sapma-dönüş (kaynak kuralları): kümülatif VWAP=773.821 (300 bar), σ=1.73167; bu bar -2.34σ ile bandın dışında kapandı ve kapanış long yönünde döndü; stop 1.5×0.5σ (769.001), hedef VWAP mesafesinin %75'i (772.94); yönetim: breakeven 1R, kısmi %50 @ 1.5R, takip geri verme %50 | arm=vwap_revert_src | combo=band0_tp1 | combo_r=0.2359 | combo_n=8 | pick=exploit",
vwap_clone,SOL-USDT-SWAP,short,2026-09-26T21:45:00+00:00,2026-09-26T22:00:00+00:00,121.27933,121.9149481,25.4591011,3087.662723,121.7323496,11.53347139,10,308.7662723,3.405329242,6.193397955,0,-19.58759492,stop,"VWAP sapma-dönüş (kaynak kuralları): kümülatif VWAP=118.308 (300 bar), σ=0.31388; bu bar +9.82σ ile bandın dışında kapandı ve kapanış short yönünde döndü; stop 2.5×0.5σ (121.732), hedef VWAP mesafesinin %75'i (119.066); yönetim: breakeven 1R, kısmi %50 @ 1.5R, takip geri verme %50 | arm=vwap_revert_src | combo=band2_tp1 | combo_r=-0.2313 | combo_n=17 | pick=exploit",
vwap_clone,XRP-USDT-SWAP,long,2026-09-26T22:15:00+00:00,2026-09-26T22:30:00+00:00,1.52646285,1.518998326,1978.328529,3019.845005,1.519758205,13.26398972,10,301.9845005,3.313707502,3.012458426,0,-18.08098773,stop,"VWAP sapma-dönüş (kaynak kuralları): kümülatif VWAP=1.53782 (300 bar), σ=0.00792239; bu bar -1.68σ ile bandın dışında kapandı ve kapanış long yönünde döndü; stop 1.5×0.5σ (1.51976), hedef VWAP mesafesinin %75'i (1.53479); yönetim: breakeven 1R, kısmi %50 @ 1.5R, takip geri verme %50 | arm=vwap_revert_src | combo=band0_tp1 | combo_r=0.6138 | combo_n=7 | pick=exploit",
vwap_clone,NEAR-USDT-SWAP,short,2026-09-26T22:15:00+00:00,2026-09-26T22:30:00+00:00,5.015491,4.924999216,300.8937673,1509.129982,5.077459702,18.6459962,10,150.9129982,1.645067353,1.495522956,0,25.58334646,partial,"VWAP sapma-dönüş (kaynak kuralları): kümülatif VWAP=4.69565 (300 bar), σ=0.0604597; bu bar +5.31σ ile bandın dışında kapandı ve kapanış short yönünde döndü; stop 2×0.5σ (5.07746), hedef VWAP mesafesinin %75'i (4.77599); yönetim: breakeven 1R, kısmi %50 @ 1.5R, takip geri verme %50 | arm=vwap_revert_src | combo=band1_tp1 | combo_r=-0.3825 | combo_n=30 | pick=explore",
vwap_clone,NEAR-USDT-SWAP,short,2026-09-26T22:15:00+00:00,2026-09-26T22:45:00+00:00,5.015491,4.9403995,300.8937673,1509.129982,5.077459702,18.6459962,10,150.9129982,1.64761597,2.981405894,0,20.94694836,stop,"VWAP sapma-dönüş (kaynak kuralları): kümülatif VWAP=4.69565 (300 bar), σ=0.0604597; bu bar +5.31σ ile bandın dışında kapandı ve kapanış short yönünde döndü; stop 2×0.5σ (5.07746), hedef VWAP mesafesinin %75'i (4.77599); yönetim: breakeven 1R, kısmi %50 @ 1.5R, takip geri verme %50 | arm=vwap_revert_src | combo=band1_tp1 | combo_r=-0.3825 | combo_n=30 | pick=explore",exit_rule=partial
vwap_clone,AVAX-USDT-SWAP,short,2026-09-26T21:45:00+00:00,2026-09-26T23:00:00+00:00,10.736629,10.86901567,287.4311215,3086.041314,10.85273656,33.37292695,10,308.6041314,3.415574072,6.222913915,0,-41.46762239,stop,"VWAP sapma-dönüş (kaynak kuralları): kümülatif VWAP=10.4697 (300 bar), σ=0.111737; bu bar +2.61σ ile bandın dışında kapandı ve kapanış short yönünde döndü; stop 2×0.5σ (10.8527), hedef VWAP mesafesinin %50'i (10.6054); yönetim: breakeven 1R, kısmi %50 @ 1.5R, takip geri verme %50 | arm=vwap_revert_src | combo=band1_tp0 | combo_r=-0.9762 | combo_n=3 | pick=explore",
vwap_clone,NEAR-USDT-SWAP,short,2026-09-26T23:30:00+00:00,2026-09-26T23:45:00+00:00,4.9485245,5.037760232,613.3066659,3034.963062,5.030214909,50.10127262,10,303.4963062,3.368560246,6.145837154,0,-58.09742936,stop,"VWAP sapma-dönüş (kaynak kuralları): kümülatif VWAP=4.70288 (300 bar), σ=0.0782149; bu bar +3.30σ ile bandın dışında kapandı ve kapanış short yönünde döndü; stop 2×0.5σ (5.03021), hedef VWAP mesafesinin %75'i (4.76516); yönetim: breakeven 1R, kısmi %50 @ 1.5R, takip geri verme %50 | arm=vwap_revert_src | combo=band1_tp1 | combo_r=1.253 | combo_n=4 | pick=exploit",
vwap_clone,XRP-USDT-SWAP,long,2026-09-26T23:00:00+00:00,2026-09-27T00:15:00+00:00,1.52206065,1.52129962,2006.374069,3053.823019,1.516699288,10.75689743,10,305.3823019,3.35836552,3.053059945,-0.1521545287,-5.037431558,stop,"VWAP sapma-dönüş (kaynak kuralları): kümülatif VWAP=1.53811 (300 bar), σ=0.00613428; bu bar -2.67σ ile bandın dışında kapandı ve kapanış long yönünde döndü; stop 1.5×0.5σ (1.5167), hedef VWAP mesafesinin %75'i (1.53391); yönetim: breakeven 1R, kısmi %50 @ 1.5R, takip geri verme %50 | arm=vwap_revert_src | combo=band0_tp1 | combo_r=0.3667 | combo_n=8 | pick=exploit",exit_rule=breakeven
vwap_clone,SOL-USDT-SWAP,short,2026-09-26T23:30:00+00:00,2026-09-27T00:15:00+00:00,121.409265,120.9258712,12.50546091,1518.278817,121.771816,4.533867414,10,151.8278817,1.666781915,1.515258176,0.02472850513,4.403008703,partial,"VWAP sapma-dönüş (kaynak kuralları): kümülatif VWAP=118.376 (300 bar), σ=0.311816; bu bar +10.22σ ile bandın dışında kapandı ve kapanış short yönünde döndü; stop 2×0.5σ (121.772), hedef VWAP mesafesinin %75'i (119.147); yönetim: breakeven 1R, kısmi %50 @ 1.5R, takip geri verme %50 | arm=vwap_revert_src | combo=band1_tp1 | combo_r=-0.2806 | combo_n=32 | pick=exploit",
vwap_clone,SOL-USDT-SWAP,short,2026-09-26T23:30:00+00:00,2026-09-27T00:30:00+00:00,121.409265,121.0467367,12.50546091,1518.278817,121.771816,4.533867414,10,151.8278817,1.667613228,3.026736193,0.02472850513,2.890699374,stop,"VWAP sapma-dönüş (kaynak kuralları): kümülatif VWAP=118.376 (300 bar), σ=0.311816; bu bar +10.22σ ile bandın dışında kapandı ve kapanış short yönünde döndü; stop 2×0.5σ (121.772), hedef VWAP mesafesinin %75'i (119.147); yönetim: breakeven 1R, kısmi %50 @ 1.5R, takip geri verme %50 | arm=vwap_revert_src | combo=band1_tp1 | combo_r=-0.2806 | combo_n=32 | pick=exploit",exit_rule=partial
vwap_clone,AVAX-USDT-SWAP,short,2026-09-27T00:00:00+00:00,2026-09-27T00:30:00+00:00,10.830582,10.92151461,277.3132619,3003.464023,10.90515688,20.68060307,10,300.3464023,3.317679676,6.038700192,0,-28.53449969,stop,"VWAP sapma-dönüş (kaynak kuralları): kümülatif VWAP=10.4802 (300 bar), σ=0.0691569; bu bar +5.39σ ile bandın dışında kapandı ve kapanış short yönünde döndü; stop 2×0.5σ (10.9052), hedef VWAP mesafesinin %50'i (10.6581); yönetim: breakeven 1R, kısmi %50 @ 1.5R, takip geri verme %50 | arm=vwap_revert_src | combo=band1_tp0 | combo_r=-1.043 | combo_n=4 | pick=explore",
vwap_clone,XRP-USDT-SWAP,long,2026-09-27T00:45:00+00:00,2026-09-27T00:45:00+00:00,1.52065995,1.515259719,1969.768584,2995.348196,1.516017728,9.144102823,10,299.5348196,3.289032553,2.990027682,0,-13.92623742,stop,"VWAP sapma-dönüş (kaynak kuralları): kümülatif VWAP=1.5389 (300 bar), σ=0.00517636; bu bar -3.50σ ile bandın dışında kapandı ve kapanış long yönünde döndü; stop 1.5×0.5σ (1.51602), hedef VWAP mesafesinin %75'i (1.53415); yönetim: breakeven 1R, kısmi %50 @ 1.5R, takip geri verme %50 | arm=vwap_revert_src | combo=band0_tp1 | combo_r=0.2739 | combo_n=9 | pick=exploit",
vwap_clone,XRP-USDT-SWAP,long,2026-09-27T01:15:00+00:00,2026-09-27T01:15:00+00:00,1.5201597,1.514710962,1961.226721,2981.377824,1.515468696,9.200122051,10,298.1377824,3.273638191,2.976032791,0,-13.95984909,stop,"VWAP sapma-dönüş (kaynak kuralları): kümülatif VWAP=1.53906 (300 bar), σ=0.00524174; bu bar -4.08σ ile bandın dışında kapandı ve kapanış long yönünde döndü; stop 1.5×0.5σ (1.51547), hedef VWAP mesafesinin %75'i (1.53415); yönetim: breakeven 1R, kısmi %50 @ 1.5R, takip geri verme %50 | arm=vwap_revert_src | combo=band0_tp1 | combo_r=0.09423 | combo_n=10 | pick=exploit",
vwap_clone,PENGU-USDT-SWAP,long,2026-09-27T01:15:00+00:00,2026-09-27T01:15:00+00:00,0.0097958955,0.009725172318,304189.9511,2979.812973,0.009730037336,20.0333916,10,297.9812973,3.265961966,2.969051697,0,-24.77924336,stop,"VWAP sapma-dönüş (kaynak kuralları): kümülatif VWAP=0.0099142 (300 bar), σ=4.95701e-05; bu bar -2.77σ ile bandın dışında kapandı ve kapanış long yönünde döndü; stop 2.5×0.5σ (0.00973004), hedef VWAP mesafesinin %75'i (0.00988365); yönetim: breakeven 1R, kısmi %50 @ 1.5R, takip geri verme %50 | arm=vwap_revert_src | combo=band2_tp1 | combo_r=0.7807 | combo_n=10 | pick=exploit",
vwap_clone,SOL-USDT-SWAP,short,2026-09-27T01:00:00+00:00,2026-09-27T01:45:00+00:00,120.71961,121.293333,24.8772728,3003.17467,121.1116655,9.753272705,10,300.317467,3.311342103,6.021730418,0,-17.58400672,stop,"VWAP sapma-dönüş (kaynak kuralları): kümülatif VWAP=118.425 (300 bar), σ=0.331666; bu bar +7.20σ ile bandın dışında kapandı ve kapanış short yönünde döndü; stop 2×0.5σ (121.112), hedef VWAP mesafesinin %75'i (119.014); yönetim: breakeven 1R, kısmi %50 @ 1.5R, takip geri verme %50 | arm=vwap_revert_src | combo=band1_tp1 | combo_r=-0.2999 | combo_n=4 | pick=exploit",
vwap_clone,XRP-USDT-SWAP,long,2026-09-27T01:45:00+00:00,2026-09-27T02:45:00+00:00,1.52076,1.51999962,1948.619015,2963.381854,1.514052923,13.06953766,10,296.3381854,3.258905109,2.962641379,0,-4.740596036,stop,"VWAP sapma-dönüş (kaynak kuralları): kümülatif VWAP=1.53914 (300 bar), σ=0.00483766; bu bar -4.22σ ile bandın dışında kapandı ve kapanış long yönünde döndü; stop 2.5×0.5σ (1.51405), hedef VWAP mesafesinin %50'i (1.52962); yönetim: breakeven 1R, kısmi %50 @ 1.5R, takip geri verme %50 | arm=vwap_revert_src | combo=band2_tp0 | combo_r=-0.3698 | combo_n=20 | pick=explore",exit_rule=breakeven
vwap_clone,BNB-USDT-SWAP,long,2026-09-27T01:45:00+00:00,2026-09-27T02:45:00+00:00,772.9863,771.3015657,3.831667455,2961.826449,771.6874094,4.976916919,10,296.1826449,3.254458656,2.958597904,0,-9.70980034,stop,"VWAP sapma-dönüş (kaynak kuralları): kümülatif VWAP=774.193 (300 bar), σ=1.21679; bu bar -1.61σ ile bandın dışında kapandı ve kapanış long yönünde döndü; stop 1.5×0.5σ (771.687), hedef VWAP mesafesinin %100'i (774.193); yönetim: breakeven 1R, kısmi %50 @ 1.5R, takip geri verme %50 | arm=vwap_revert_src | combo=band0_tp2 | combo_r=-0.4631 | combo_n=28 | pick=explore",
vwap_clone,PENGU-USDT-SWAP,long,2026-09-27T02:00:00+00:00,2026-09-27T02:45:00+00:00,0.009834915,0.009829997542,300428.5519,2954.689271,0.009786372493,14.58355503,10,295.4689271,3.249345659,2.953950968,0,-4.726690294,stop,"VWAP sapma-dönüş (kaynak kuralları): kümülatif VWAP=0.00991393 (300 bar), σ=4.56275e-05; bu bar -2.05σ ile bandın dışında kapandı ve kapanış long yönünde döndü; stop 2×0.5σ (0.00978637), hedef VWAP mesafesinin %100'i (0.00991393); yönetim: breakeven 1R, kısmi %50 @ 1.5R, takip geri verme %50 | arm=vwap_revert_src | combo=band1_tp2 | combo_r=0.6911 | combo_n=3 | pick=exploit",exit_rule=breakeven
vwap_clone,BTC-USDT-SWAP,short,2026-09-27T03:00:00+00:00,2026-09-27T03:00:00+00:00,84370.49365,84593.72938,0.0350793861,2959.665123,84467.02883,3.386394958,10,295.9665123,3.259938669,5.925150124,0,-11.0909109,stop,"VWAP sapma-dönüş (kaynak kuralları): kümülatif VWAP=84058.5 (300 bar), σ=72.4384; bu bar +4.93σ ile bandın dışında kapandı ve kapanış short yönünde döndü; stop 1.5×0.5σ (84467), hedef VWAP mesafesinin %100'i (84058.5); yönetim: breakeven 1R, kısmi %50 @ 1.5R, takip geri verme %50 | arm=vwap_revert_src | combo=band0_tp2 | combo_r=-0.5144 | combo_n=29 | pick=explore",
vwap_clone,XRP-USDT-SWAP,long,2026-09-27T03:15:00+00:00,2026-09-27T03:15:00+00:00,1.52086005,1.515051973,1937.3005,2946.362935,1.515809878,9.783700648,10,294.6362935,3.234810634,2.940734862,0,-14.4868009,stop,"VWAP sapma-dönüş (kaynak kuralları): kümülatif VWAP=1.53936 (300 bar), σ=0.0034321; bu bar -5.67σ ile bandın dışında kapandı ve kapanış long yönünde döndü; stop 2.5×0.5σ (1.51581), hedef VWAP mesafesinin %50'i (1.52973); yönetim: breakeven 1R, kısmi %50 @ 1.5R, takip geri verme %50 | arm=vwap_revert_src | combo=band2_tp0 | combo_r=0.6571 | combo_n=3 | pick=exploit",
vwap_clone,BNB-USDT-SWAP,long,2026-09-27T03:15:00+00:00,2026-09-27T03:15:00+00:00,772.28595,771.1743849,3.813116712,2944.816463,771.560165,2.767502923,10,294.4816463,3.236966919,2.942696875,0,-7.475494322,stop,"VWAP sapma-dönüş (kaynak kuralları): kümülatif VWAP=774.308 (300 bar), σ=0.453113; bu bar -5.02σ ile bandın dışında kapandı ve kapanış long yönünde döndü; stop 1.5×0.5σ (771.56), hedef VWAP mesafesinin %75'i (773.706); yönetim: breakeven 1R, kısmi %50 @ 1.5R, takip geri verme %50 | arm=vwap_revert_src | combo=band0_tp1 | combo_r=0.277 | combo_n=9 | pick=exploit",
vwap_clone,LINK-USDT-SWAP,short,2026-09-27T03:15:00+00:00,2026-09-27T04:00:00+00:00,14.1419255,14.16313839,208.1237666,2943.270802,14.20352052,12.81938851,10,294.3270802,3.240026081,5.88727779,0,-7.654932284,stop,"VWAP sapma-dönüş (kaynak kuralları): kümülatif VWAP=13.5713 (300 bar), σ=0.0545205; bu bar +10.69σ ile bandın dışında kapandı ve kapanış short yönünde döndü; stop 2×0.5σ (14.2035), hedef VWAP mesafesinin %100'i (13.5713); yönetim: breakeven 1R, kısmi %50 @ 1.5R, takip geri verme %50 | arm=vwap_revert_src | combo=band1_tp2 | combo_r=-0.002132 | combo_n=9 | pick=exploit",exit_rule=breakeven
vwap_clone,XRP-USDT-SWAP,long,2026-09-27T03:45:00+00:00,2026-09-27T04:00:00+00:00,1.5169581,1.511619638,1938.358031,2940.407916,1.512375825,8.882088692,10,294.0407916,3.22875739,2.935232137,0,-13.576609,stop,"VWAP sapma-dönüş (kaynak kuralları): kümülatif VWAP=1.53941 (300 bar), σ=0.00382417; bu bar -6.05σ ile bandın dışında kapandı ve kapanış long yönünde döndü; stop 2×0.5σ (1.51238), hedef VWAP mesafesinin %100'i (1.53941); yönetim: breakeven 1R, kısmi %50 @ 1.5R, takip geri verme %50 | arm=vwap_revert_src | combo=band1_tp2 | combo_r=-0.4871 | combo_n=44 | pick=explore",
vwap_clone,BNB-USDT-SWAP,long,2026-09-27T03:45:00+00:00,2026-09-27T04:00:00+00:00,771.7857,770.595034,3.807876422,2938.864569,770.9805243,3.066009591,10,293.8864569,3.230257377,2.936597216,0,-7.764166248,stop,"VWAP sapma-dönüş (kaynak kuralları): kümülatif VWAP=774.323 (300 bar), σ=0.559301; bu bar -5.29σ ile bandın dışında kapandı ve kapanış long yönünde döndü; stop 1.5×0.5σ (770.981), hedef VWAP mesafesinin %75'i (773.592); yönetim: breakeven 1R, kısmi %50 @ 1.5R, takip geri verme %50 | arm=vwap_revert_src | combo=band0_tp1 | combo_r=-0.02085 | combo_n=10 | pick=exploit",
vwap_clone,XRP-USDT-SWAP,long,2026-09-27T04:15:00+00:00,2026-09-27T04:15:00+00:00,1.51745835,1.510790028,1933.696027,2934.303182,1.511545801,11.43307245,10,293.4303182,3.220641521,2.927853437,0,-16.11514903,stop,"VWAP sapma-dönüş (kaynak kuralları): kümülatif VWAP=1.53946 (300 bar), σ=0.00420336; bu bar -5.72σ ile bandın dışında kapandı ve kapanış long yönünde döndü; stop 2.5×0.5σ (1.51155), hedef VWAP mesafesinin %50'i (1.52813); yönetim: breakeven 1R, kısmi %50 @ 1.5R, takip geri verme %50 | arm=vwap_revert_src | combo=band2_tp0 | combo_r=0.1227 | combo_n=4 | pick=exploit",
vwap_clone,BNB-USDT-SWAP,long,2026-09-27T04:15:00+00:00,2026-09-27T04:15:00+00:00,772.48605,771.0435792,3.796525568,2932.76304,771.4292938,4.012001942,10,293.276304,3.223027336,2.930024214,0,-8.699404797,stop,"VWAP sapma-dönüş (kaynak kuralları): kümülatif VWAP=774.354 (300 bar), σ=0.616565; bu bar -4.20σ ile bandın dışında kapandı ve kapanış long yönünde döndü; stop 2.5×0.5σ (771.429), hedef VWAP mesafesinin %100'i (774.354); yönetim: breakeven 1R, kısmi %50 @ 1.5R, takip geri verme %50 | arm=vwap_revert_src | combo=band2_tp2 | combo_r=-0.07735 | combo_n=91 | pick=exploit",
vwap_clone,PENGU-USDT-SWAP,long,2026-09-27T04:15:00+00:00,2026-09-27T04:30:00+00:00,0.0097838895,0.009723127867,299596.9758,2931.223705,0.009727991863,16.746763,10,293.1223705,3.214333875,2.922117884,0,-21.41833535,stop,"VWAP sapma-dönüş (kaynak kuralları): kümülatif VWAP=0.00991756 (300 bar), σ=4.16065e-05; bu bar -3.50σ ile bandın dışında kapandı ve kapanış long yönünde döndü; stop 2.5×0.5σ (0.00972799), hedef VWAP mesafesinin %75'i (0.00988317); yönetim: breakeven 1R, kısmi %50 @ 1.5R, takip geri verme %50 | arm=vwap_revert_src | combo=band2_tp1 | combo_r=0.5973 | combo_n=11 | pick=exploit",
vwap_clone,NEAR-USDT-SWAP,short,2026-09-27T00:45:00+00:00,2026-09-27T05:30:00+00:00,5.0724625,5.176819664,590.2017043,2993.776013,5.169066065,57.01558872,10,299.3776013,3.327029091,6.073824227,0,-64.91880522,stop,"VWAP sapma-dönüş (kaynak kuralları): kümülatif VWAP=4.7143 (300 bar), σ=0.0950661; bu bar +4.06σ ile bandın dışında kapandı ve kapanış short yönünde döndü; stop 2×0.5σ (5.16907), hedef VWAP mesafesinin %75'i (4.80423); yönetim: breakeven 1R, kısmi %50 @ 1.5R, takip geri verme %50 | arm=vwap_revert_src | combo=band1_tp1 | combo_r=0.7705 | combo_n=5 | pick=exploit",
vwap_clone,BTC-USDT-SWAP,short,2026-09-27T04:30:00+00:00,2026-09-27T05:30:00+00:00,84339.70905,84574.23371,0.03468810581,2925.584752,84447.56237,3.741227253,10,292.5584752,3.222617596,5.857513107,0,-11.35783382,stop,"VWAP sapma-dönüş (kaynak kuralları): kümülatif VWAP=84057.8 (300 bar), σ=65.6624; bu bar +5.32σ ile bandın dışında kapandı ve kapanış short yönünde döndü; stop 2×0.5σ (84447.6), hedef VWAP mesafesinin %50'i (84219.8); yönetim: breakeven 1R, kısmi %50 @ 1.5R, takip geri verme %50 | arm=vwap_revert_src | combo=band1_tp0 | combo_r=-0.08988 | combo_n=43 | pick=exploit",
vwap_clone,XRP-USDT-SWAP,long,2026-09-27T05:00:00+00:00,2026-09-27T05:30:00+00:00,1.5073533,1.515416376,965.6622997,1455.594254,1.501472524,5.678843362,10,145.5594254,1.605436094,1.45948967,0,6.180772689,partial,"VWAP sapma-dönüş (kaynak kuralları): kümülatif VWAP=1.53978 (300 bar), σ=0.00512748; bu bar -6.46σ ile bandın dışında kapandı ve kapanış long yönünde döndü; stop 2×0.5σ (1.50147), hedef VWAP mesafesinin %75'i (1.53148); yönetim: breakeven 1R, kısmi %50 @ 1.5R, takip geri verme %50 | arm=vwap_revert_src | combo=band1_tp1 | combo_r=-0.287 | combo_n=36 | pick=explore",
vwap_clone,PENGU-USDT-SWAP,long,2026-09-27T05:00:00+00:00,2026-09-27T05:30:00+00:00,0.0097338645,0.009795866169,149460.7048,1454.830249,0.009689263132,6.666151934,10,145.4830249,1.605410021,1.459466337,0,7.661403142,partial,"VWAP sapma-dönüş (kaynak kuralları): kümülatif VWAP=0.00991931 (300 bar), σ=4.07369e-05; bu bar -4.77σ ile bandın dışında kapandı ve kapanış long yönünde döndü; stop 2×0.5σ (0.00968926), hedef VWAP mesafesinin %75'i (0.00987198); yönetim: breakeven 1R, kısmi %50 @ 1.5R, takip geri verme %50 | arm=vwap_revert_src | combo=band1_tp1 | combo_r=0.5374 | combo_n=3 | pick=exploit",
vwap_clone,PENGU-USDT-SWAP,long,2026-09-27T05:00:00+00:00,2026-09-27T05:30:00+00:00,0.0097338645,0.009867043161,149460.7048,1454.830249,0.009689263132,6.666151934,10,145.4830249,1.611261011,1.46478808,0,18.29371552,tp,"VWAP sapma-dönüş (kaynak kuralları): kümülatif VWAP=0.00991931 (300 bar), σ=4.07369e-05; bu bar -4.77σ ile bandın dışında kapandı ve kapanış long yönünde döndü; stop 2×0.5σ (0.00968926), hedef VWAP mesafesinin %75'i (0.00987198); yönetim: breakeven 1R, kısmi %50 @ 1.5R, takip geri verme %50 | arm=vwap_revert_src | combo=band1_tp1 | combo_r=0.5374 | combo_n=3 | pick=exploit",
vwap_clone,PENGU-USDT-SWAP,long,2026-09-27T05:45:00+00:00,2026-09-27T06:00:00+00:00,0.0098479215,0.009909880619,145057.1566,1428.511491,0.009803310475,6.471148469,10,142.8511491,1.576305828,1.433007903,0,7.411307769,partial,"VWAP sapma-dönüş (kaynak kuralları): kümülatif VWAP=0.00992186 (300 bar), σ=3.96895e-05; bu bar -2.18σ ile bandın dışında kapandı ve kapanış long yönünde döndü; stop 2×0.5σ (0.00980331), hedef VWAP mesafesinin %75'i (0.00990215); yönetim: breakeven 1R, kısmi %50 @ 1.5R, takip geri verme %50 | arm=vwap_revert_src | combo=band1_tp1 | combo_r=1.101 | combo_n=5 | pick=exploit",
vwap_clone,PENGU-USDT-SWAP,long,2026-09-27T05:45:00+00:00,2026-09-27T06:00:00+00:00,0.0098479215,0.009897197248,145057.1566,1428.511491,0.009803310475,6.471148469,10,142.8511491,1.57529393,1.432087536,0,5.572506012,tp,"VWAP sapma-dönüş (kaynak kuralları): kümülatif VWAP=0.00992186 (300 bar), σ=3.96895e-05; bu bar -2.18σ ile bandın dışında kapandı ve kapanış long yönünde döndü; stop 2×0.5σ (0.00980331), hedef VWAP mesafesinin %75'i (0.00990215); yönetim: breakeven 1R, kısmi %50 @ 1.5R, takip geri verme %50 | arm=vwap_revert_src | combo=band1_tp1 | combo_r=1.101 | combo_n=5 | pick=exploit",
vwap_clone,BTC-USDT-SWAP,short,2026-09-27T06:00:00+00:00,2026-09-27T06:00:00+00:00,84392.68255,84623.8365,0.03385141858,2856.812022,84497.09086,3.534369467,10,285.6812022,3.146796914,5.719640159,0,-10.97168597,stop,"VWAP sapma-dönüş (kaynak kuralları): kümülatif VWAP=84060.3 (300 bar), σ=62.1909; bu bar +6.52σ ile bandın dışında kapandı ve kapanış short yönünde döndü; stop 2×0.5σ (84497.1), hedef VWAP mesafesinin %50'i (84247.6); yönetim: breakeven 1R, kısmi %50 @ 1.5R, takip geri verme %50 | arm=vwap_revert_src | combo=band1_tp0 | combo_r=-0.1568 | combo_n=44 | pick=exploit",
vwap_clone,ETH-USDT-SWAP,short,2026-09-27T06:00:00+00:00,2026-09-27T06:00:00+00:00,2702.078285,2712.528738,1.056709517,2855.311839,2708.466039,6.750000544,10,285.5311839,3.146916724,5.721462863,0,-14.19001003,stop,"VWAP sapma-dönüş (kaynak kuralları): kümülatif VWAP=2684.33 (300 bar), σ=4.02883; bu bar +5.00σ ile bandın dışında kapandı ve kapanış short yönünde döndü; stop 2.5×0.5σ (2708.47), hedef VWAP mesafesinin %75'i (2689.1); yönetim: breakeven 1R, kısmi %50 @ 1.5R, takip geri verme %50 | arm=vwap_revert_src | combo=band2_tp1 | combo_r=0.06724 | combo_n=26 | pick=exploit",
vwap_clone,NEAR-USDT-SWAP,short,2026-09-27T06:15:00+00:00,2026-09-27T06:30:00+00:00,5.3703135,5.470946567,530.1144693,2846.880891,5.462752438,49.00321882,10,284.6880891,3.160909855,5.767978687,0,-56.50795484,stop,"VWAP sapma-dönüş (kaynak kuralları): kümülatif VWAP=4.77981 (300 bar), σ=0.0907524; bu bar +6.82σ ile bandın dışında kapandı ve kapanış short yönünde döndü; stop 2×0.5σ (5.46275), hedef VWAP mesafesinin %75'i (4.92785); yönetim: breakeven 1R, kısmi %50 @ 1.5R, takip geri verme %50 | arm=vwap_revert_src | combo=band1_tp1 | combo_r=0.4523 | combo_n=6 | pick=exploit",
vwap_clone,ETHFI-USDT-SWAP,short,2026-09-26T22:00:00+00:00,2026-09-27T06:45:00+00:00,0.73073445,0.746087601,4162.773851,3041.882261,0.7449701458,59.25998218,10,304.1882261,3.381221919,6.173415345,0.1516914791,-67.14122599,stop,"VWAP sapma-dönüş (kaynak kuralları): kümülatif VWAP=0.700789 (300 bar), σ=0.0111761; bu bar +2.70σ ile bandın dışında kapandı ve kapanış short yönünde döndü; stop 2.5×0.5σ (0.74497), hedef VWAP mesafesinin %75'i (0.708342); yönetim: breakeven 1R, kısmi %50 @ 1.5R, takip geri verme %50 | arm=vwap_revert_src | combo=band2_tp1 | combo_r=0.4132 | combo_n=19 | pick=exploit",
vwap_clone,XRP-USDT-SWAP,long,2026-09-27T05:00:00+00:00,2026-09-27T07:30:00+00:00,1.5073533,1.53071849,965.6622997,1455.594254,1.501472524,5.678843362,10,145.5594254,1.613563265,1.466881703,0,20.94932031,tp,"VWAP sapma-dönüş (kaynak kuralları): kümülatif VWAP=1.53978 (300 bar), σ=0.00512748; bu bar -6.46σ ile bandın dışında kapandı ve kapanış long yönünde döndü; stop 2×0.5σ (1.50147), hedef VWAP mesafesinin %75'i (1.53148); yönetim: breakeven 1R, kısmi %50 @ 1.5R, takip geri verme %50 | arm=vwap_revert_src | combo=band1_tp1 | combo_r=-0.287 | combo_n=36 | pick=explore",
vwap_clone,ETH-USDT-SWAP,short,2026-09-27T06:45:00+00:00,2026-09-27T07:30:00+00:00,2704.856895,2716.482833,1.039882422,2812.73314,2712.414212,7.858721008,10,281.273314,3.100655739,5.637957896,0,-15.19026454,stop,"VWAP sapma-dönüş (kaynak kuralları): kümülatif VWAP=2684.5 (300 bar), σ=4.97137; bu bar +4.43σ ile bandın dışında kapandı ve kapanış short yönünde döndü; stop 2.5×0.5σ (2712.41), hedef VWAP mesafesinin %75'i (2689.92); yönetim: breakeven 1R, kısmi %50 @ 1.5R, takip geri verme %50 | arm=vwap_revert_src | combo=band2_tp1 | combo_r=-0.01311 | combo_n=27 | pick=exploit",
vwap_clone,SOL-USDT-SWAP,short,2026-09-27T07:00:00+00:00,2026-09-27T07:30:00+00:00,121.21936,122.0196637,23.09004787,2798.960825,121.8369083,14.25922078,10,279.8960825,3.089020386,5.620010572,0,-21.56807123,stop,"VWAP sapma-dönüş (kaynak kuralları): kümülatif VWAP=118.707 (300 bar), σ=0.445527; bu bar +5.83σ ile bandın dışında kapandı ve kapanış short yönünde döndü; stop 2.5×0.5σ (121.837), hedef VWAP mesafesinin %75'i (119.35); yönetim: breakeven 1R, kısmi %50 @ 1.5R, takip geri verme %50 | arm=vwap_revert_src | combo=band2_tp1 | combo_r=-0.3128 | combo_n=18 | pick=exploit",
vwap_clone,BTC-USDT-SWAP,short,2026-09-27T06:30:00+00:00,2026-09-27T07:45:00+00:00,84501.9279,84740.5163,0.03349412517,2830.31815,84613.5959,3.74022205,10,283.031815,3.117745185,5.666954566,0,-11.10905479,stop,"VWAP sapma-dönüş (kaynak kuralları): kümülatif VWAP=84060.6 (300 bar), σ=69.3959; bu bar +7.02σ ile bandın dışında kapandı ve kapanış short yönünde döndü; stop 2×0.5σ (84613.6), hedef VWAP mesafesinin %50'i (84302.4); yönetim: breakeven 1R, kısmi %50 @ 1.5R, takip geri verme %50 | arm=vwap_revert_src | combo=band1_tp0 | combo_r=-0.2223 | combo_n=45 | pick=exploit",
vwap_clone,AVAX-USDT-SWAP,short,2026-09-27T08:00:00+00:00,2026-09-27T08:15:00+00:00,11.150422,11.27829911,249.1937796,2778.615802,11.261407,27.65677188,10,277.8615802,3.074003782,5.599411764,0,-34.94018452,stop,"VWAP sapma-dönüş (kaynak kuralları): kümülatif VWAP=10.5384 (300 bar), σ=0.141876; bu bar +4.34σ ile bandın dışında kapandı ve kapanış short yönünde döndü; stop 1.5×0.5σ (11.2614), hedef VWAP mesafesinin %75'i (10.6925); yönetim: breakeven 1R, kısmi %50 @ 1.5R, takip geri verme %50 | arm=vwap_revert_src | combo=band0_tp1 | combo_r=0.1973 | combo_n=11 | pick=exploit",
vwap_clone,BTC-USDT-SWAP,short,2026-09-27T08:30:00+00:00,2026-09-27T09:45:00+00:00,84717.62,85017.42083,0.03253556384,2756.335534,84890.0857,5.611268801,10,275.6335534,3.037333891,5.521777399,0,-12.7915229,stop,"VWAP sapma-dönüş (kaynak kuralları): kümülatif VWAP=84073.1 (300 bar), σ=130.086; bu bar +5.33σ ile bandın dışında kapandı ve kapanış short yönünde döndü; stop 2×0.5σ (84890.1), hedef VWAP mesafesinin %50'i (84416.5); yönetim: breakeven 1R, kısmi %50 @ 1.5R, takip geri verme %50 | arm=vwap_revert_src | combo=band1_tp0 | combo_r=-0.2821 | combo_n=46 | pick=exploit",
vwap_clone,AVAX-USDT-SWAP,short,2026-09-27T10:00:00+00:00,2026-09-27T12:45:00+00:00,11.056469,10.9183597,126.6298577,1400.079096,11.1521795,12.11980745,10,140.0079096,1.530468187,1.391339435,0,15.9582933,partial,"VWAP sapma-dönüş (kaynak kuralları): kümülatif VWAP=10.5708 (300 bar), σ=0.118906; bu bar +4.16σ ile bandın dışında kapandı ve kapanış short yönünde döndü; stop 1.5×0.5σ (11.1522), hedef VWAP mesafesinin %75'i (10.6938); yönetim: breakeven 1R, kısmi %50 @ 1.5R, takip geri verme %50 | arm=vwap_revert_src | combo=band0_tp1 | combo_r=0.07561 | combo_n=12 | pick=exploit",
vwap_clone,NEAR-USDT-SWAP,short,2026-09-27T07:45:00+00:00,2026-09-27T13:00:00+00:00,5.4302835,5.128487743,256.27263,1391.633034,5.633189313,51.9992064,10,139.1633034,1.488258242,1.352981712,0.1386691201,75.99240337,partial,"VWAP sapma-dönüş (kaynak kuralları): kümülatif VWAP=4.80522 (300 bar), σ=0.160951; bu bar +3.92σ ile bandın dışında kapandı ve kapanış short yönünde döndü; stop 2.5×0.5σ (5.63319), hedef VWAP mesafesinin %75'i (4.96192); yönetim: breakeven 1R, kısmi %50 @ 1.5R, takip geri verme %50 | arm=vwap_revert_src | combo=band2_tp1 | combo_r=0.33 | combo_n=12 | pick=exploit",
vwap_clone,NEAR-USDT-SWAP,short,2026-09-27T07:45:00+00:00,2026-09-27T13:15:00+00:00,5.4302835,5.133613667,256.27263,1391.633034,5.633189313,51.9992064,10,139.1633034,1.488980741,2.666615936,0.1386691201,74.67804665,stop,"VWAP sapma-dönüş (kaynak kuralları): kümülatif VWAP=4.80522 (300 bar), σ=0.160951; bu bar +3.92σ ile bandın dışında kapandı ve kapanış short yönünde döndü; stop 2.5×0.5σ (5.63319), hedef VWAP mesafesinin %75'i (4.96192); yönetim: breakeven 1R, kısmi %50 @ 1.5R, takip geri verme %50 | arm=vwap_revert_src | combo=band2_tp1 | combo_r=0.33 | combo_n=12 | pick=exploit",exit_rule=partial
vwap_clone,ADA-USDT-SWAP,short,2026-09-27T07:45:00+00:00,2026-09-27T13:30:00+00:00,0.2568715,0.2572568073,10840.93953,2784.728399,0.2595442293,28.9748971,10,278.4728399,3.06549864,5.570153329,0.2796962399,-6.962894999,stop,"VWAP sapma-dönüş (kaynak kuralları): kümülatif VWAP=0.251249 (300 bar), σ=0.00203538; bu bar +2.97σ ile bandın dışında kapandı ve kapanış short yönünde döndü; stop 2.5×0.5σ (0.259544), hedef VWAP mesafesinin %100'i (0.251249); yönetim: breakeven 1R, kısmi %50 @ 1.5R, takip geri verme %50 | arm=vwap_revert_src | combo=band2_tp2 | combo_r=1.153 | combo_n=4 | pick=exploit",exit_rule=breakeven
vwap_clone,AVAX-USDT-SWAP,short,2026-09-27T10:00:00+00:00,2026-09-27T13:30:00+00:00,11.056469,10.9292726,126.6298577,1400.079096,11.1521795,12.11980745,10,140.0079096,1.531228231,2.77323882,0,14.57563387,stop,"VWAP sapma-dönüş (kaynak kuralları): kümülatif VWAP=10.5708 (300 bar), σ=0.118906; bu bar +4.16σ ile bandın dışında kapandı ve kapanış short yönünde döndü; stop 1.5×0.5σ (11.1522), hedef VWAP mesafesinin %75'i (10.6938); yönetim: breakeven 1R, kısmi %50 @ 1.5R, takip geri verme %50 | arm=vwap_revert_src | combo=band0_tp1 | combo_r=0.07561 | combo_n=12 | pick=exploit",exit_rule=partial
vwap_clone,XRP-USDT-SWAP,long,2026-09-27T13:30:00+00:00,2026-09-27T13:30:00+00:00,1.53086505,1.526052444,1865.376217,2855.639256,1.526815852,7.55327733,10,285.5639256,3.136265655,2.851149064,0,-12.11358597,stop,"VWAP sapma-dönüş (kaynak kuralları): kümülatif VWAP=1.54613 (300 bar), σ=0.00437886; bu bar -4.34σ ile bandın dışında kapandı ve kapanış long yönünde döndü; stop 1.5×0.5σ (1.52682), hedef VWAP mesafesinin %100'i (1.54613); yönetim: breakeven 1R, kısmi %50 @ 1.5R, takip geri verme %50 | arm=vwap_revert_src | combo=band0_tp2 | combo_r=-1.154 | combo_n=3 | pick=explore",
vwap_clone,BTC-USDT-SWAP,short,2026-09-27T13:45:00+00:00,2026-09-27T13:45:00+00:00,84712.4226,84954.51408,0.03350443368,2838.241745,84827.27317,3.848003431,10,283.8241745,3.126527045,5.68296541,0,-11.2376651,stop,"VWAP sapma-dönüş (kaynak kuralları): kümülatif VWAP=84194.7 (300 bar), σ=96.7642; bu bar +7.02σ ile bandın dışında kapandı ve kapanış short yönünde döndü; stop 1.5×0.5σ (84827.3), hedef VWAP mesafesinin %75'i (84334.7); yönetim: breakeven 1R, kısmi %50 @ 1.5R, takip geri verme %50 | arm=vwap_revert_src | combo=band0_tp1 | combo_r=-0.2549 | combo_n=60 | pick=exploit",
vwap_clone,ETH-USDT-SWAP,short,2026-09-27T13:45:00+00:00,2026-09-27T13:45:00+00:00,2700.78893,2710.952333,1.050341728,2836.751313,2706.891995,6.410304327,10,283.6751313,3.12629772,5.683827625,0,-13.80134447,stop,"VWAP sapma-dönüş (kaynak kuralları): kümülatif VWAP=2689.35 (300 bar), σ=3.8016; bu bar +4.41σ ile bandın dışında kapandı ve kapanış short yönünde döndü; stop 2.5×0.5σ (2706.89), hedef VWAP mesafesinin %75'i (2692.55); yönetim: breakeven 1R, kısmi %50 @ 1.5R, takip geri verme %50 | arm=vwap_revert_src | combo=band2_tp1 | combo_r=-0.08167 | combo_n=28 | pick=exploit",
vwap_clone,XRP-USDT-SWAP,long,2026-09-27T14:00:00+00:00,2026-09-27T14:00:00+00:00,1.53326625,1.526993692,1839.334744,2820.189885,1.527757571,10.13230501,10,282.0189885,3.09586334,2.814419038,0,-14.63319714,stop,"VWAP sapma-dönüş (kaynak kuralları): kümülatif VWAP=1.54678 (300 bar), σ=0.00474243; bu bar -3.73σ ile bandın dışında kapandı ve kapanış long yönünde döndü; stop 2×0.5σ (1.52776), hedef VWAP mesafesinin %75'i (1.54321); yönetim: breakeven 1R, kısmi %50 @ 1.5R, takip geri verme %50 | arm=vwap_revert_src | combo=band1_tp1 | combo_r=1.653 | combo_n=4 | pick=exploit",
vwap_clone,BTC-USDT-SWAP,short,2026-09-27T14:15:00+00:00,2026-09-27T14:15:00+00:00,84916.1207,84763.37667,0.01657422197,1407.418633,85046.19039,2.155803896,10,140.7418633,1.546768109,1.406153811,0,0.9848452705,partial,"VWAP sapma-dönüş (kaynak kuralları): kümülatif VWAP=84206.3 (300 bar), σ=87.6904; bu bar +8.44σ ile bandın dışında kapandı ve kapanış short yönünde döndü; stop 2×0.5σ (85046.2), hedef VWAP mesafesinin %100'i (84206.3); yönetim: breakeven 1R, kısmi %50 @ 1.5R, takip geri verme %50 | arm=vwap_revert_src | combo=band1_tp2 | combo_r=-2.107 | combo_n=4 | pick=explore",
vwap_clone,ETH-USDT-SWAP,short,2026-09-27T14:15:00+00:00,2026-09-27T14:15:00+00:00,2704.38713,2699.316585,0.5201472625,1406.679562,2708.666816,2.226066876,10,140.6679562,1.545896932,1.405361858,0,1.09153315,partial,"VWAP sapma-dönüş (kaynak kuralları): kümülatif VWAP=2689.79 (300 bar), σ=3.88909; bu bar +4.14σ ile bandın dışında kapandı ve kapanış short yönünde döndü; stop 1.5×0.5σ (2708.67), hedef VWAP mesafesinin %75'i (2693.78); yönetim: breakeven 1R, kısmi %50 @ 1.5R, takip geri verme %50 | arm=vwap_revert_src | combo=band0_tp1 | combo_r=-0.2986 | combo_n=61 | pick=explore",
vwap_clone,ETH-USDT-SWAP,short,2026-09-27T14:15:00+00:00,2026-09-27T14:15:00+00:00,2704.38713,2695.130548,0.5201472625,1406.679562,2708.666816,2.226066876,10,140.6679562,1.544699387,1.404273724,0,3.270086185,tp,"VWAP sapma-dönüş (kaynak kuralları): kümülatif VWAP=2689.79 (300 bar), σ=3.88909; bu bar +4.14σ ile bandın dışında kapandı ve kapanış short yönünde döndü; stop 1.5×0.5σ (2708.67), hedef VWAP mesafesinin %75'i (2693.78); yönetim: breakeven 1R, kısmi %50 @ 1.5R, takip geri verme %50 | arm=vwap_revert_src | combo=band0_tp1 | combo_r=-0.2986 | combo_n=61 | pick=explore",
vwap_clone,SOL-USDT-SWAP,short,2026-09-27T13:45:00+00:00,2026-09-27T14:30:00+00:00,122.708615,121.7191,11.55282237,1417.630832,123.4088444,8.089626428,10,141.7630832,1.553106485,1.411918197,0,9.878584962,partial,"VWAP sapma-dönüş (kaynak kuralları): kümülatif VWAP=119.728 (300 bar), σ=0.511076; bu bar +6.47σ ile bandın dışında kapandı ve kapanış short yönünde döndü; stop 2.5×0.5σ (123.409), hedef VWAP mesafesinin %75'i (120.489); yönetim: breakeven 1R, kısmi %50 @ 1.5R, takip geri verme %50 | arm=vwap_revert_src | combo=band2_tp1 | combo_r=-0.376 | combo_n=19 | pick=exploit",
vwap_clone,BTC-USDT-SWAP,short,2026-09-27T14:15:00+00:00,2026-09-27T14:30:00+00:00,84916.1207,84848.09769,0.01657422197,1407.418633,85046.19039,2.155803896,10,140.7418633,1.547540411,2.810338738,0,-0.4201119587,stop,"VWAP sapma-dönüş (kaynak kuralları): kümülatif VWAP=84206.3 (300 bar), σ=87.6904; bu bar +8.44σ ile bandın dışında kapandı ve kapanış short yönünde döndü; stop 2×0.5σ (85046.2), hedef VWAP mesafesinin %100'i (84206.3); yönetim: breakeven 1R, kısmi %50 @ 1.5R, takip geri verme %50 | arm=vwap_revert_src | combo=band1_tp2 | combo_r=-2.107 | combo_n=4 | pick=explore",exit_rule=partial
vwap_clone,SOL-USDT-SWAP,short,2026-09-27T13:45:00+00:00,2026-09-27T14:45:00+00:00,122.708615,122.02276,11.55282237,1417.630832,123.4088444,8.089626428,10,141.7630832,1.555035957,2.820563817,0,6.368525027,stop,"VWAP sapma-dönüş (kaynak kuralları): kümülatif VWAP=119.728 (300 bar), σ=0.511076; bu bar +6.47σ ile bandın dışında kapandı ve kapanış short yönünde döndü; stop 2.5×0.5σ (123.409), hedef VWAP mesafesinin %75'i (120.489); yönetim: breakeven 1R, kısmi %50 @ 1.5R, takip geri verme %50 | arm=vwap_revert_src | combo=band2_tp1 | combo_r=-0.376 | combo_n=19 | pick=exploit",exit_rule=partial
vwap_clone,XRP-USDT-SWAP,long,2026-09-27T14:45:00+00:00,2026-09-27T14:45:00+00:00,1.52065995,1.513182188,1859.574359,2827.780252,1.513939158,12.4978124,10,282.7780252,3.102910278,2.820824754,0,-17.0083639,stop,"VWAP sapma-dönüş (kaynak kuralları): kümülatif VWAP=1.54695 (300 bar), σ=0.00606084; bu bar -4.55σ ile bandın dışında kapandı ve kapanış long yönünde döndü; stop 2×0.5σ (1.51394), hedef VWAP mesafesinin %75'i (1.54022); yönetim: breakeven 1R, kısmi %50 @ 1.5R, takip geri verme %50 | arm=vwap_revert_src | combo=band1_tp1 | combo_r=1.033 | combo_n=5 | pick=exploit",
vwap_clone,AVAX-USDT-SWAP,short,2026-09-27T14:30:00+00:00,2026-09-27T15:00:00+00:00,10.900547,10.97371018,259.7268977,2831.165255,10.95727426,14.73359651,10,283.1165255,3.124733126,5.685139051,0,-22.12717791,stop,"VWAP sapma-dönüş (kaynak kuralları): kümülatif VWAP=10.6158 (300 bar), σ=0.069699; bu bar +4.47σ ile bandın dışında kapandı ve kapanış short yönünde döndü; stop 1.5×0.5σ (10.9573), hedef VWAP mesafesinin %75'i (10.6881); yönetim: breakeven 1R, kısmi %50 @ 1.5R, takip geri verme %50 | arm=vwap_revert_src | combo=band0_tp1 | combo_r=0.2448 | combo_n=14 | pick=exploit",
vwap_clone,BTC-USDT-SWAP,short,2026-09-27T15:00:00+00:00,2026-09-27T15:00:00+00:00,84447.755,84397.26376,0.03334008301,2815.495162,84607.80198,5.335979749,10,281.5495162,3.096118818,2.814654595,0,-1.412736692,tp,"VWAP sapma-dönüş (kaynak kuralları): kümülatif VWAP=84220.1 (300 bar), σ=117.702; bu bar +2.61σ ile bandın dışında kapandı ve kapanış short yönünde döndü; stop 2×0.5σ (84607.8), hedef VWAP mesafesinin %50'i (84355.1); yönetim: breakeven 1R, kısmi %50 @ 1.5R, takip geri verme %50 | arm=vwap_revert_src | combo=band1_tp0 | combo_r=-0.3246 | combo_n=47 | pick=exploit",
vwap_clone,NEAR-USDT-SWAP,short,2026-09-27T15:15:00+00:00,2026-09-27T15:15:00+00:00,5.1824075,5.230656028,542.0662223,2809.208056,5.222821796,21.90722459,10,280.9208056,3.104513505,5.651979603,0,-29.25841102,stop,"VWAP sapma-dönüş (kaynak kuralları): kümülatif VWAP=4.92896 (300 bar), σ=0.0302574; bu bar +9.32σ ile bandın dışında kapandı ve kapanış short yönünde döndü; stop 2.5×0.5σ (5.22282), hedef VWAP mesafesinin %75'i (4.99297); yönetim: breakeven 1R, kısmi %50 @ 1.5R, takip geri verme %50 | arm=vwap_revert_src | combo=band2_tp1 | combo_r=0.4898 | combo_n=14 | pick=exploit",
vwap_clone,NEAR-USDT-SWAP,short,2026-09-27T15:45:00+00:00,2026-09-27T17:15:00+00:00,5.1944015,5.202193102,536.8052821,2788.382162,5.23220607,20.29369282,10,278.8382162,3.069520794,5.577461769,0.2788166635,-6.973277374,stop,"VWAP sapma-dönüş (kaynak kuralları): kümülatif VWAP=4.93585 (300 bar), σ=0.0273649; bu bar +10.35σ ile bandın dışında kapandı ve kapanış short yönünde döndü; stop 2.5×0.5σ (5.23221), hedef VWAP mesafesinin %75'i (5.00139); yönetim: breakeven 1R, kısmi %50 @ 1.5R, takip geri verme %50 | arm=vwap_revert_src | combo=band2_tp1 | combo_r=0.3681 | combo_n=15 | pick=exploit",exit_rule=breakeven
vwap_clone,AVAX-USDT-SWAP,short,2026-09-27T17:30:00+00:00,2026-09-27T17:30:00+00:00,10.9115415,10.96826481,255.1576465,2784.163248,10.95183705,10.28171819,10,278.4163248,3.070539935,5.584445463,0,-17.54392558,stop,"VWAP sapma-dönüş (kaynak kuralları): kümülatif VWAP=10.6469 (300 bar), σ=0.0451161; bu bar +6.20σ ile bandın dışında kapandı ve kapanış short yönünde döndü; stop 1.5×0.5σ (10.9518), hedef VWAP mesafesinin %75'i (10.7146); yönetim: breakeven 1R, kısmi %50 @ 1.5R, takip geri verme %50 | arm=vwap_revert_src | combo=band0_tp1 | combo_r=0.1283 | combo_n=15 | pick=explore",
vwap_clone,SOL-USDT-SWAP,short,2026-09-27T15:00:00+00:00,2026-09-27T18:00:00+00:00,121.569185,122.4937669,23.14745036,2814.016675,122.3103015,17.15495715,10,281.4016675,3.107189285,5.654469642,0.003051921432,-24.50585197,stop,"VWAP sapma-dönüş (kaynak kuralları): kümülatif VWAP=119.862 (300 bar), σ=0.893735; bu bar +1.99σ ile bandın dışında kapandı ve kapanış short yönünde döndü; stop 1.5×0.5σ (122.31), hedef VWAP mesafesinin %100'i (119.862); yönetim: breakeven 1R, kısmi %50 @ 1.5R, takip geri verme %50 | arm=vwap_revert_src | combo=band0_tp2 | combo_r=-0.4316 | combo_n=5 | pick=explore",
vwap_clone,XRP-USDT-SWAP,long,2026-09-27T15:30:00+00:00,2026-09-27T18:15:00+00:00,1.51605765,1.52910032,920.5528795,1395.611235,1.506852582,8.473751972,10,139.5611235,1.541775916,1.401617821,-0.09251610568,10.37217501,partial,"VWAP sapma-dönüş (kaynak kuralları): kümülatif VWAP=1.54744 (300 bar), σ=0.00844742; bu bar -3.87σ ile bandın dışında kapandı ve kapanış long yönünde döndü; stop 2×0.5σ (1.50685), hedef VWAP mesafesinin %75'i (1.53941); yönetim: breakeven 1R, kısmi %50 @ 1.5R, takip geri verme %50 | arm=vwap_revert_src | combo=band1_tp1 | combo_r=0.6343 | combo_n=6 | pick=exploit",
vwap_clone,XRP-USDT-SWAP,long,2026-09-27T15:30:00+00:00,2026-09-27T18:45:00+00:00,1.51605765,1.538637939,920.5528795,1395.611235,1.506852582,8.473751972,10,139.5611235,1.546604851,1.406009958,-0.09251610568,19.1472293,tp,"VWAP sapma-dönüş (kaynak kuralları): kümülatif VWAP=1.54744 (300 bar), σ=0.00844742; bu bar -3.87σ ile bandın dışında kapandı ve kapanış long yönünde döndü; stop 2×0.5σ (1.50685), hedef VWAP mesafesinin %75'i (1.53941); yönetim: breakeven 1R, kısmi %50 @ 1.5R, takip geri verme %50 | arm=vwap_revert_src | combo=band1_tp1 | combo_r=0.6343 | combo_n=6 | pick=exploit",
vwap_clone,AVAX-USDT-SWAP,short,2026-09-27T18:45:00+00:00,2026-09-27T18:45:00+00:00,10.9954995,11.05900247,252.5599087,2777.02235,11.04243881,11.85498806,10,277.702235,3.063545652,5.572521785,0,-19.10184972,stop,"VWAP sapma-dönüş (kaynak kuralları): kümülatif VWAP=10.6606 (300 bar), σ=0.033951; bu bar +10.07σ ile bandın dışında kapandı ve kapanış short yönünde döndü; stop 2.5×0.5σ (11.0424), hedef VWAP mesafesinin %50'i (10.8303); yönetim: breakeven 1R, kısmi %50 @ 1.5R, takip geri verme %50 | arm=vwap_revert_src | combo=band2_tp0 | combo_r=-0.463 | combo_n=23 | pick=explore",
vwap_clone,XRP-USDT-SWAP,long,2026-09-27T19:00:00+00:00,2026-09-27T19:00:00+00:00,1.53906915,1.531738322,1796.943775,2765.620728,1.532504574,11.79617378,10,276.5620728,3.034937604,2.759031582,0,-16.20802366,stop,"VWAP sapma-dönüş (kaynak kuralları): kümülatif VWAP=1.55124 (300 bar), σ=0.00772723; bu bar -1.65σ ile bandın dışında kapandı ve kapanış long yönünde döndü; stop 1.5×0.5σ (1.5325), hedef VWAP mesafesinin %100'i (1.55124); yönetim: breakeven 1R, kısmi %50 @ 1.5R, takip geri verme %50 | arm=vwap_revert_src | combo=band0_tp2 | combo_r=-1.266 | combo_n=4 | pick=explore",
vwap_clone,XRP-USDT-SWAP,long,2026-09-27T19:45:00+00:00,2026-09-27T20:15:00+00:00,1.534767,1.524389498,1800.092453,2762.722494,1.525152074,17.30775615,10,276.2722494,3.028720488,2.75337828,0,-21.709184,stop,"VWAP sapma-dönüş (kaynak kuralları): kümülatif VWAP=1.55189 (300 bar), σ=0.00884793; bu bar -2.16σ ile bandın dışında kapandı ve kapanış long yönünde döndü; stop 2×0.5σ (1.52515), hedef VWAP mesafesinin %75'i (1.54742); yönetim: breakeven 1R, kısmi %50 @ 1.5R, takip geri verme %50 | arm=vwap_revert_src | combo=band1_tp1 | combo_r=0.9112 | combo_n=8 | pick=exploit",
vwap_clone,BTC-USDT-SWAP,short,2026-09-27T19:15:00+00:00,2026-09-27T20:45:00+00:00,84715.12125,84556.2298,0.03260084301,2761.784368,84890.95195,5.732228906,10,276.1784368,3.035113808,2.759196355,0,2.144881262,tp,"VWAP sapma-dönüş (kaynak kuralları): kümülatif VWAP=84270.4 (300 bar), σ=133.452; bu bar +3.62σ ile bandın dışında kapandı ve kapanış short yönünde döndü; stop 2×0.5σ (84891), hedef VWAP mesafesinin %50'i (84514); yönetim: breakeven 1R, kısmi %50 @ 1.5R, takip geri verme %50 | arm=vwap_revert_src | combo=band1_tp0 | combo_r=-0.3233 | combo_n=48 | pick=exploit",
vwap_clone,SOL-USDT-SWAP,short,2026-09-27T19:15:00+00:00,2026-09-27T21:00:00+00:00,123.03845,123.2230077,22.4347274,2760.334086,123.579515,12.13864628,10,276.0334086,3.03864477,5.521358601,0,-7.179145899,stop,"VWAP sapma-dönüş (kaynak kuralları): kümülatif VWAP=120.425 (300 bar), σ=0.479515; bu bar +5.48σ ile bandın dışında kapandı ve kapanış short yönünde döndü; stop 2×0.5σ (123.58), hedef VWAP mesafesinin %75'i (121.094); yönetim: breakeven 1R, kısmi %50 @ 1.5R, takip geri verme %50 | arm=vwap_revert_src | combo=band1_tp1 | combo_r=-0.6005 | combo_n=5 | pick=explore",exit_rule=breakeven
vwap_clone,XRP-USDT-SWAP,long,2026-09-27T20:45:00+00:00,2026-09-27T21:00:00+00:00,1.53006465,1.520554802,1801.743666,2756.784291,1.521315459,15.76379875,10,275.6784291,3.02303885,2.74821354,0,-20.15734785,stop,"VWAP sapma-dönüş (kaynak kuralları): kümülatif VWAP=1.55225 (300 bar), σ=0.00788454; bu bar -3.00σ ile bandın dışında kapandı ve kapanış long yönünde döndü; stop 2×0.5σ (1.52132), hedef VWAP mesafesinin %75'i (1.54649); yönetim: breakeven 1R, kısmi %50 @ 1.5R, takip geri verme %50 | arm=vwap_revert_src | combo=band1_tp1 | combo_r=0.6706 | combo_n=9 | pick=exploit",
vwap_clone,BTC-USDT-SWAP,short,2026-09-27T21:00:00+00:00,2026-09-27T21:00:00+00:00,84467.3452,84769.01165,0.03263779367,2756.827784,84642.04858,5.701932741,10,275.6827784,3.037925713,5.522898019,0,-12.88365303,stop,"VWAP sapma-dönüş (kaynak kuralları): kümülatif VWAP=84264.4 (300 bar), σ=132.549; bu bar +2.08σ ile bandın dışında kapandı ve kapanış short yönünde döndü; stop 2×0.5σ (84642), hedef VWAP mesafesinin %50'i (84387); yönetim: breakeven 1R, kısmi %50 @ 1.5R, takip geri verme %50 | arm=vwap_revert_src | combo=band1_tp0 | combo_r=-0.3091 | combo_n=49 | pick=exploit",
vwap_clone,XRP-USDT-SWAP,long,2026-09-27T21:15:00+00:00,2026-09-27T21:30:00+00:00,1.52786355,1.519363121,1789.281412,2733.77785,1.520123182,13.84969628,10,273.377785,2.998790322,2.726169899,0,-18.20845068,stop,"VWAP sapma-dönüş (kaynak kuralları): kümülatif VWAP=1.55233 (300 bar), σ=0.00707682; bu bar -4.04σ ile bandın dışında kapandı ve kapanış long yönünde döndü; stop 2×0.5σ (1.52012), hedef VWAP mesafesinin %75'i (1.54605); yönetim: breakeven 1R, kısmi %50 @ 1.5R, takip geri verme %50 | arm=vwap_revert_src | combo=band1_tp1 | combo_r=0.4757 | combo_n=10 | pick=exploit",
vwap_clone,SOL-USDT-SWAP,short,2026-09-27T21:30:00+00:00,2026-09-27T21:45:00+00:00,122.7386,122.9227079,22.29288557,2736.197565,123.2953159,12.41080417,10,273.6197565,3.012074684,5.473079521,0,-7.116371031,stop,"VWAP sapma-dönüş (kaynak kuralları): kümülatif VWAP=120.626 (300 bar), σ=0.505316; bu bar +4.55σ ile bandın dışında kapandı ve kapanış short yönünde döndü; stop 2×0.5σ (123.295), hedef VWAP mesafesinin %50'i (121.708); yönetim: breakeven 1R, kısmi %50 @ 1.5R, takip geri verme %50 | arm=vwap_revert_src | combo=band1_tp0 | combo_r=-1.522 | combo_n=3 | pick=explore",exit_rule=breakeven
vwap_clone,BTC-USDT-SWAP,short,2026-09-27T21:30:00+00:00,2026-09-27T22:00:00+00:00,84535.41115,84835.98425,0.03238447803,2737.635166,84708.92087,5.619021788,10,273.7635166,3.016752329,5.484383615,0,-12.7506554,stop,"VWAP sapma-dönüş (kaynak kuralları): kümülatif VWAP=84265.7 (300 bar), σ=131.221; bu bar +2.65σ ile bandın dışında kapandı ve kapanış short yönünde döndü; stop 2×0.5σ (84708.9), hedef VWAP mesafesinin %50'i (84421.7); yönetim: breakeven 1R, kısmi %50 @ 1.5R, takip geri verme %50 | arm=vwap_revert_src | combo=band1_tp0 | combo_r=-0.3481 | combo_n=50 | pick=exploit",
vwap_clone,ETH-USDT-SWAP,long,2026-09-27T22:00:00+00:00,2026-09-27T22:00:00+00:00,2684.471565,2676.30684,1.014824214,2724.266745,2677.645663,6.927090414,10,272.4266745,2.992136252,2.720122474,0,-11.27789649,stop,"VWAP sapma-dönüş (kaynak kuralları): kümülatif VWAP=2694.49 (300 bar), σ=4.37947; bu bar -2.73σ ile bandın dışında kapandı ve kapanış long yönünde döndü; stop 2.5×0.5σ (2677.65), hedef VWAP mesafesinin %50'i (2688.81); yönetim: breakeven 1R, kısmi %50 @ 1.5R, takip geri verme %50 | arm=vwap_revert_src | combo=band2_tp0 | combo_r=-0.5108 | combo_n=24 | pick=explore",
vwap_clone,XRP-USDT-SWAP,long,2026-09-27T22:00:00+00:00,2026-09-27T22:00:00+00:00,1.5223608,1.514519425,1788.562111,2722.836846,1.515277063,12.66970337,10,272.2836846,2.987406898,2.715821625,0,-17.01219384,stop,"VWAP sapma-dönüş (kaynak kuralları): kümülatif VWAP=1.55237 (300 bar), σ=0.00622294; bu bar -5.04σ ile bandın dışında kapandı ve kapanış long yönünde döndü; stop 2×0.5σ (1.51528), hedef VWAP mesafesinin %75'i (1.54465); yönetim: breakeven 1R, kısmi %50 @ 1.5R, takip geri verme %50 | arm=vwap_revert_src | combo=band1_tp1 | combo_r=0.3129 | combo_n=11 | pick=exploit",
vwap_clone,SOL-USDT-SWAP,short,2026-09-27T22:15:00+00:00,2026-09-27T22:15:00+00:00,121.409265,122.0853559,22.37697794,2716.772444,121.9025021,11.0371566,10,271.6772444,2.996770568,5.450780156,0,-18.12564156,stop,"VWAP sapma-dönüş (kaynak kuralları): kümülatif VWAP=120.667 (300 bar), σ=0.432502; bu bar +2.92σ ile bandın dışında kapandı ve kapanış short yönünde döndü; stop 2×0.5σ (121.903), hedef VWAP mesafesinin %100'i (120.667); yönetim: breakeven 1R, kısmi %50 @ 1.5R, takip geri verme %50 | arm=vwap_revert_src | combo=band1_tp2 | combo_r=-0.449 | combo_n=13 | pick=explore",
vwap_clone,AVAX-USDT-SWAP,short,2026-09-27T22:15:00+00:00,2026-09-27T22:15:00+00:00,10.764615,10.82520903,252.2473678,2715.345799,10.80899553,11.19487272,10,271.5345799,2.995286955,5.448163083,0,-18.27997068,stop,"VWAP sapma-dönüş (kaynak kuralları): kümülatif VWAP=10.6847 (300 bar), σ=0.051994; bu bar +2.71σ ile bandın dışında kapandı ve kapanış short yönünde döndü; stop 1.5×0.5σ (10.809), hedef VWAP mesafesinin %75'i (10.706); yönetim: breakeven 1R, kısmi %50 @ 1.5R, takip geri verme %50 | arm=vwap_revert_src | combo=band0_tp1 | combo_r=0.01366 | combo_n=16 | pick=exploit",
vwap_clone,ETH-USDT-SWAP,long,2026-09-27T22:30:00+00:00,2026-09-27T22:30:00+00:00,2683.531095,2676.518786,1.002164501,2689.3396,2677.857715,5.685659865,10,268.93396,2.954408443,2.685824772,0,-9.981895278,stop,"VWAP sapma-dönüş (kaynak kuralları): kümülatif VWAP=2694.33 (300 bar), σ=5.77638; bu bar -2.71σ ile bandın dışında kapandı ve kapanış long yönünde döndü; stop 1.5×0.5σ (2677.86), hedef VWAP mesafesinin %75'i (2691.29); yönetim: breakeven 1R, kısmi %50 @ 1.5R, takip geri verme %50 | arm=vwap_revert_src | combo=band0_tp1 | combo_r=0.1254 | combo_n=3 | pick=exploit",
vwap_clone,XRP-USDT-SWAP,long,2026-09-27T22:30:00+00:00,2026-09-27T22:30:00+00:00,1.5171582,1.510183852,1771.68606,2687.928033,1.510939322,11.01790032,10,268.7928033,2.949924841,2.681747437,0,-15.30628023,stop,"VWAP sapma-dönüş (kaynak kuralları): kümülatif VWAP=1.55209 (300 bar), σ=0.00741424; bu bar -5.43σ ile bandın dışında kapandı ve kapanış long yönünde döndü; stop 1.5×0.5σ (1.51094), hedef VWAP mesafesinin %50'i (1.5343); yönetim: breakeven 1R, kısmi %50 @ 1.5R, takip geri verme %50 | arm=vwap_revert_src | combo=band0_tp0 | combo_r=-0.8915 | combo_n=24 | pick=explore",
vwap_clone,DOGE-USDT-SWAP,long,2026-09-27T22:30:00+00:00,2026-09-27T22:30:00+00:00,0.09656826,0.09602657072,27819.87795,2686.517207,0.09607460802,13.73333776,10,268.6517207,2.946880576,2.678979244,0,-18.01661027,stop,"VWAP sapma-dönüş (kaynak kuralları): kümülatif VWAP=0.0971623 (300 bar), σ=0.000356314; bu bar -2.53σ ile bandın dışında kapandı ve kapanış long yönünde döndü; stop 2.5×0.5σ (0.0960746), hedef VWAP mesafesinin %75'i (0.0970018); yönetim: breakeven 1R, kısmi %50 @ 1.5R, takip geri verme %50 | arm=vwap_revert_src | combo=band2_tp1 | combo_r=-0.1156 | combo_n=118 | pick=explore",
vwap_clone,LINK-USDT-SWAP,short,2026-09-27T15:45:00+00:00,2026-09-27T23:45:00+00:00,14.054969,14.07605145,198.4954347,2789.847181,14.18327846,25.46884218,10,278.9847181,3.071133523,5.580392173,0.2800770583,-6.975827237,stop,"VWAP sapma-dönüş (kaynak kuralları): kümülatif VWAP=13.7655 (300 bar), σ=0.121278; bu bar +2.48σ ile bandın dışında kapandı ve kapanış short yönünde döndü; stop 2×0.5σ (14.1833), hedef VWAP mesafesinin %100'i (13.7655); yönetim: breakeven 1R, kısmi %50 @ 1.5R, takip geri verme %50 | arm=vwap_revert_src | combo=band1_tp2 | combo_r=-0.06163 | combo_n=10 | pick=exploit",exit_rule=breakeven
vwap_clone,ETH-USDT-SWAP,long,2026-09-27T23:00:00+00:00,2026-09-27T23:45:00+00:00,2675.337,2687.73797,0.9970548677,2667.457779,2664.620984,10.68445637,10,266.7457779,2.941004003,2.673643762,0,9.4234436,tp,"VWAP sapma-dönüş (kaynak kuralları): kümülatif VWAP=2694.11 (300 bar), σ=7.50321; bu bar -2.91σ ile bandın dışında kapandı ve kapanış long yönünde döndü; stop 2.5×0.5σ (2664.62), hedef VWAP mesafesinin %75'i (2689.08); yönetim: breakeven 1R, kısmi %50 @ 1.5R, takip geri verme %50 | arm=vwap_revert_src | combo=band2_tp1 | combo_r=-0.1531 | combo_n=29 | pick=exploit",
vwap_clone,DOGE-USDT-SWAP,long,2026-09-27T23:00:00+00:00,2026-09-27T23:45:00+00:00,0.095817885,0.09662733082,13904.80676,1332.329175,0.09524602923,7.951543992,10,133.2329175,1.471752445,1.337959917,0,9.783435297,partial,"VWAP sapma-dönüş (kaynak kuralları): kümülatif VWAP=0.0971561 (300 bar), σ=0.000523971; bu bar -2.75σ ile bandın dışında kapandı ve kapanış long yönünde döndü; stop 2×0.5σ (0.095246), hedef VWAP mesafesinin %75'i (0.0968096); yönetim: breakeven 1R, kısmi %50 @ 1.5R, takip geri verme %50 | arm=vwap_revert_src | combo=band1_tp1 | combo_r=-0.133 | combo_n=53 | pick=explore",
vwap_clone,DOGE-USDT-SWAP,long,2026-09-27T23:00:00+00:00,2026-09-27T23:45:00+00:00,0.095817885,0.09676114535,13904.80676,1332.329175,0.09524602923,7.951543992,10,133.2329175,1.472775811,1.338890715,0,11.64307704,tp,"VWAP sapma-dönüş (kaynak kuralları): kümülatif VWAP=0.0971561 (300 bar), σ=0.000523971; bu bar -2.75σ ile bandın dışında kapandı ve kapanış long yönünde döndü; stop 2×0.5σ (0.095246), hedef VWAP mesafesinin %75'i (0.0968096); yönetim: breakeven 1R, kısmi %50 @ 1.5R, takip geri verme %50 | arm=vwap_revert_src | combo=band1_tp1 | combo_r=-0.133 | combo_n=53 | pick=explore",
vwap_clone,XRP-USDT-SWAP,long,2026-09-27T23:00:00+00:00,2026-09-28T00:15:00+00:00,1.50765345,1.522015532,884.1745749,1333.028848,1.497571136,8.914525416,10,133.3028848,1.473315956,1.339381652,-0.08988790181,11.13538395,partial,"VWAP sapma-dönüş (kaynak kuralları): kümülatif VWAP=1.55204 (300 bar), σ=0.00932886; bu bar -4.93σ ile bandın dışında kapandı ve kapanış long yönünde döndü; stop 2×0.5σ (1.49757), hedef VWAP mesafesinin %75'i (1.54075); yönetim: breakeven 1R, kısmi %50 @ 1.5R, takip geri verme %50 | arm=vwap_revert_src | combo=band1_tp1 | combo_r=0.1749 | combo_n=12 | pick=exploit",
vwap_clone,BNB-USDT-SWAP,short,2026-09-28T00:15:00+00:00,2026-09-28T00:15:00+00:00,777.611,780.3017364,3.475229186,2702.376443,779.1330369,5.289426899,10,270.2376443,2.977757096,5.413362957,0,-12.3286828,stop,"VWAP sapma-dönüş (kaynak kuralları): kümülatif VWAP=775.289 (300 bar), σ=1.23304; bu bar +2.44σ ile bandın dışında kapandı ve kapanış short yönünde döndü; stop 2×0.5σ (779.133), hedef VWAP mesafesinin %75'i (775.942); yönetim: breakeven 1R, kısmi %50 @ 1.5R, takip geri verme %50 | arm=vwap_revert_src | combo=band1_tp1 | combo_r=-0.07918 | combo_n=55 | pick=exploit",
vwap_clone,PENGU-USDT-SWAP,short,2026-09-28T00:15:00+00:00,2026-09-28T00:15:00+00:00,0.0102378785,0.01031620145,263820.0245,2700.957357,0.01030075033,16.58684717,10,270.0957357,2.982417833,5.427470562,0,-23.64558131,stop,"VWAP sapma-dönüş (kaynak kuralları): kümülatif VWAP=0.0100465 (300 bar), σ=5.77503e-05; bu bar +3.51σ ile bandın dışında kapandı ve kapanış short yönünde döndü; stop 2×0.5σ (0.0103008), hedef VWAP mesafesinin %75'i (0.0100956); yönetim: breakeven 1R, kısmi %50 @ 1.5R, takip geri verme %50 | arm=vwap_revert_src | combo=band1_tp1 | combo_r=1.073 | combo_n=7 | pick=exploit",
vwap_clone,XRP-USDT-SWAP,long,2026-09-27T23:00:00+00:00,2026-09-28T00:30:00+00:00,1.50765345,1.522015532,884.1745749,1333.028848,1.497571136,8.914525416,10,133.3028848,1.473315956,1.339381652,-0.08988790181,11.13538395,stop,"VWAP sapma-dönüş (kaynak kuralları): kümülatif VWAP=1.55204 (300 bar), σ=0.00932886; bu bar -4.93σ ile bandın dışında kapandı ve kapanış long yönünde döndü; stop 2×0.5σ (1.49757), hedef VWAP mesafesinin %75'i (1.54075); yönetim: breakeven 1R, kısmi %50 @ 1.5R, takip geri verme %50 | arm=vwap_revert_src | combo=band1_tp1 | combo_r=0.1749 | combo_n=12 | pick=exploit",exit_rule=partial
vwap_clone,BNB-USDT-SWAP,short,2026-09-28T00:45:00+00:00,2026-09-28T00:45:00+00:00,778.31065,781.9147513,3.461632498,2694.225439,780.7436359,8.422102893,10,269.4225439,2.970509824,5.401757926,0,-15.44658403,stop,"VWAP sapma-dönüş (kaynak kuralları): kümülatif VWAP=775.412 (300 bar), σ=1.63491; bu bar +2.72σ ile bandın dışında kapandı ve kapanış short yönünde döndü; stop 2.5×0.5σ (780.744), hedef VWAP mesafesinin %50'i (777.056); yönetim: breakeven 1R, kısmi %50 @ 1.5R, takip geri verme %50 | arm=vwap_revert_src | combo=band2_tp0 | combo_r=-0.5555 | combo_n=25 | pick=explore",
vwap_clone,PENGU-USDT-SWAP,short,2026-09-28T00:45:00+00:00,2026-09-28T00:45:00+00:00,0.010248873,0.01035588188,262742.1214,2692.810634,0.01034037132,24.04046292,10,269.2810634,2.977555354,5.422355502,0,-31.09329492,stop,"VWAP sapma-dönüş (kaynak kuralları): kümülatif VWAP=0.0100506 (300 bar), σ=8.83713e-05; bu bar +2.80σ ile bandın dışında kapandı ve kapanış short yönünde döndü; stop 2×0.5σ (0.0103404), hedef VWAP mesafesinin %75'i (0.0101009); yönetim: breakeven 1R, kısmi %50 @ 1.5R, takip geri verme %50 | arm=vwap_revert_src | combo=band1_tp1 | combo_r=0.7608 | combo_n=8 | pick=exploit",
vwap_clone,XRP-USDT-SWAP,long,2026-09-28T01:00:00+00:00,2026-09-28T01:15:00+00:00,1.51445685,1.505769686,1764.29121,2671.942909,1.506522948,13.99771371,10,267.1942909,2.930707522,2.6642764,0,-18.25739383,stop,"VWAP sapma-dönüş (kaynak kuralları): kümülatif VWAP=1.55132 (300 bar), σ=0.00727705; bu bar -4.56σ ile bandın dışında kapandı ve kapanış long yönünde döndü; stop 2×0.5σ (1.50652), hedef VWAP mesafesinin %75'i (1.54194); yönetim: breakeven 1R, kısmi %50 @ 1.5R, takip geri verme %50 | arm=vwap_revert_src | combo=band1_tp1 | combo_r=0.3284 | combo_n=14 | pick=exploit",
vwap_clone,AVAX-USDT-SWAP,short,2026-09-28T01:15:00+00:00,2026-09-28T01:15:00+00:00,10.8415765,10.94282877,246.2131342,2669.33853,10.92643911,20.89428982,10,266.933853,2.949983685,5.370686164,0,-27.87962274,stop,"VWAP sapma-dönüş (kaynak kuralları): kümülatif VWAP=10.6986 (300 bar), σ=0.0794391; bu bar +2.20σ ile bandın dışında kapandı ve kapanış short yönünde döndü; stop 2×0.5σ (10.9264), hedef VWAP mesafesinin %100'i (10.6986); yönetim: breakeven 1R, kısmi %50 @ 1.5R, takip geri verme %50 | arm=vwap_revert_src | combo=band1_tp2 | combo_r=-0.5043 | combo_n=50 | pick=explore",
vwap_clone,BNB-USDT-SWAP,short,2026-09-28T01:00:00+00:00,2026-09-28T01:30:00+00:00,777.71095,776.4830274,3.433847077,2670.540473,779.7817368,7.110765061,10,267.0540473,2.935275446,2.668433945,0,1.281223081,tp,"VWAP sapma-dönüş (kaynak kuralları): kümülatif VWAP=775.427 (300 bar), σ=1.68174; bu bar +2.44σ ile bandın dışında kapandı ve kapanış short yönünde döndü; stop 2×0.5σ (779.782), hedef VWAP mesafesinin %75'i (776.095); yönetim: breakeven 1R, kısmi %50 @ 1.5R, takip geri verme %50 | arm=vwap_revert_src | combo=band1_tp1 | combo_r=-0.1151 | combo_n=60 | pick=exploit",
vwap_clone,ETH-USDT-SWAP,long,2026-09-28T01:30:00+00:00,2026-09-28T01:30:00+00:00,2674.31649,2665.188768,0.9878592259,2641.848218,2666.522029,7.699829914,10,264.1848218,2.901073742,2.637338171,0,-11.91797785,stop,"VWAP sapma-dönüş (kaynak kuralları): kümülatif VWAP=2693.44 (300 bar), σ=6.46797; bu bar -3.44σ ile bandın dışında kapandı ve kapanış long yönünde döndü; stop 2×0.5σ (2666.52), hedef VWAP mesafesinin %75'i (2688.33); yönetim: breakeven 1R, kısmi %50 @ 1.5R, takip geri verme %50 | arm=vwap_revert_src | combo=band1_tp1 | combo_r=-0.4631 | combo_n=7 | pick=explore",
vwap_clone,XRP-USDT-SWAP,long,2026-09-28T01:30:00+00:00,2026-09-28T01:30:00+00:00,1.5171582,1.509715253,1740.399635,2640.461577,1.510470488,11.63929158,10,264.0461577,2.897383199,2.633982146,0,-15.85108592,stop,"VWAP sapma-dönüş (kaynak kuralları): kümülatif VWAP=1.55105 (300 bar), σ=0.00602951; bu bar -6.15σ ile bandın dışında kapandı ve kapanış long yönünde döndü; stop 2×0.5σ (1.51047), hedef VWAP mesafesinin %75'i (1.54242); yönetim: breakeven 1R, kısmi %50 @ 1.5R, takip geri verme %50 | arm=vwap_revert_src | combo=band1_tp1 | combo_r=0.2195 | combo_n=15 | pick=exploit",
vwap_clone,LINK-USDT-SWAP,short,2026-09-28T01:45:00+00:00,2026-09-28T01:45:00+00:00,14.0399765,14.11725461,186.781207,2622.403757,14.09611044,10.48476498,10,262.2403757,2.892582886,5.26119059,0,-17.32668065,stop,"VWAP sapma-dönüş (kaynak kuralları): kümülatif VWAP=13.9668 (300 bar), σ=0.0491104; bu bar +2.35σ ile bandın dışında kapandı ve kapanış short yönünde döndü; stop 2×0.5σ (14.0961), hedef VWAP mesafesinin %100'i (13.9668); yönetim: breakeven 1R, kısmi %50 @ 1.5R, takip geri verme %50 | arm=vwap_revert_src | combo=band1_tp2 | combo_r=-0.08093 | combo_n=11 | pick=exploit",
vwap_clone,NEAR-USDT-SWAP,short,2026-09-27T22:45:00+00:00,2026-09-28T02:00:00+00:00,5.419289,5.282717421,246.8522879,1337.763889,5.512096745,22.90980424,10,133.7763889,1.452998124,1.320916144,0.1330040127,32.39301265,partial,"VWAP sapma-dönüş (kaynak kuralları): kümülatif VWAP=5.04207 (300 bar), σ=0.0720774; bu bar +5.45σ ile bandın dışında kapandı ve kapanış short yönünde döndü; stop 2.5×0.5σ (5.5121), hedef VWAP mesafesinin %75'i (5.13706); yönetim: breakeven 1R, kısmi %50 @ 1.5R, takip geri verme %50 | arm=vwap_revert_src | combo=band2_tp1 | combo_r=0.3236 | combo_n=16 | pick=exploit",
vwap_clone,AVAX-USDT-SWAP,short,2026-09-28T01:45:00+00:00,2026-09-28T02:00:00+00:00,10.8155895,10.83181288,242.5925624,2623.78157,10.88967278,17.97205267,10,262.378157,2.888324347,5.248219414,0,-6.823996703,stop,"VWAP sapma-dönüş (kaynak kuralları): kümülatif VWAP=10.7085 (300 bar), σ=0.0676728; bu bar +2.21σ ile bandın dışında kapandı ve kapanış short yönünde döndü; stop 2×0.5σ (10.8897), hedef VWAP mesafesinin %100'i (10.7085); yönetim: breakeven 1R, kısmi %50 @ 1.5R, takip geri verme %50 | arm=vwap_revert_src | combo=band1_tp2 | combo_r=0.4326 | combo_n=3 | pick=exploit",exit_rule=breakeven
vwap_clone,NEAR-USDT-SWAP,short,2026-09-27T22:45:00+00:00,2026-09-28T02:15:00+00:00,5.419289,5.335992,246.8522879,1337.763889,5.512096745,22.90980424,10,133.7763889,1.460231147,2.642060038,0.1330040127,19.23482789,stop,"VWAP sapma-dönüş (kaynak kuralları): kümülatif VWAP=5.04207 (300 bar), σ=0.0720774; bu bar +5.45σ ile bandın dışında kapandı ve kapanış short yönünde döndü; stop 2.5×0.5σ (5.5121), hedef VWAP mesafesinin %75'i (5.13706); yönetim: breakeven 1R, kısmi %50 @ 1.5R, takip geri verme %50 | arm=vwap_revert_src | combo=band2_tp1 | combo_r=0.3236 | combo_n=16 | pick=exploit",exit_rule=partial
vwap_clone,XRP-USDT-SWAP,long,2026-09-28T02:15:00+00:00,2026-09-28T02:15:00+00:00,1.51325625,1.505015478,1732.415154,2621.58806,1.505768362,12.9721306,10,262.158806,2.875894825,2.614446925,0,-17.15233339,stop,"VWAP sapma-dönüş (kaynak kuralları): kümülatif VWAP=1.55035 (300 bar), σ=0.00538531; bu bar -7.71σ ile bandın dışında kapandı ve kapanış long yönünde döndü; stop 2.5×0.5σ (1.50577), hedef VWAP mesafesinin %100'i (1.55035); yönetim: breakeven 1R, kısmi %50 @ 1.5R, takip geri verme %50 | arm=vwap_revert_src | combo=band2_tp2 | combo_r=-0.1016 | combo_n=93 | pick=explore",
vwap_clone,BTC-USDT-SWAP,long,2026-09-28T02:15:00+00:00,2026-09-28T02:30:00+00:00,83751.95505,83376.18327,0.03133469826,2624.342241,83417.89221,10.46775814,10,262.4342241,2.880300382,2.618452604,0,-14.65499576,stop,"VWAP sapma-dönüş (kaynak kuralları): kümülatif VWAP=84253.2 (300 bar), σ=292.208; bu bar -2.13σ ile bandın dışında kapandı ve kapanış long yönünde döndü; stop 2×0.5σ (83417.9), hedef VWAP mesafesinin %50'i (83981.7); yönetim: breakeven 1R, kısmi %50 @ 1.5R, takip geri verme %50 | arm=vwap_revert_src | combo=band1_tp0 | combo_r=-0.3858 | combo_n=51 | pick=exploit",
vwap_clone,ETH-USDT-SWAP,long,2026-09-28T02:15:00+00:00,2026-09-28T02:30:00+00:00,2661.420045,2647.494226,0.9855508505,2622.964789,2648.818635,12.41933037,10,262.2964789,2.877712736,2.61609971,0,-16.60231583,stop,"VWAP sapma-dönüş (kaynak kuralları): kümülatif VWAP=2692.43 (300 bar), σ=9.02509; bu bar -3.94σ ile bandın dışında kapandı ve kapanış long yönünde döndü; stop 2.5×0.5σ (2648.82), hedef VWAP mesafesinin %75'i (2684.35); yönetim: breakeven 1R, kısmi %50 @ 1.5R, takip geri verme %50 | arm=vwap_revert_src | combo=band2_tp1 | combo_r=-0.1186 | combo_n=30 | pick=exploit",
vwap_clone,AVAX-USDT-SWAP,short,2026-09-28T02:30:00+00:00,2026-09-28T02:45:00+00:00,10.8715615,10.79106752,119.9113721,1303.623856,10.92881938,6.865870641,10,130.3623856,1.428677563,1.298800522,0,8.223465874,partial,"VWAP sapma-dönüş (kaynak kuralları): kümülatif VWAP=10.718 (300 bar), σ=0.0518194; bu bar +3.32σ ile bandın dışında kapandı ve kapanış short yönünde döndü; stop 2×0.5σ (10.9288), hedef VWAP mesafesinin %100'i (10.718); yönetim: breakeven 1R, kısmi %50 @ 1.5R, takip geri verme %50 | arm=vwap_revert_src | combo=band1_tp2 | combo_r=0.2295 | combo_n=4 | pick=exploit",
vwap_clone,AVAX-USDT-SWAP,short,2026-09-28T02:30:00+00:00,2026-09-28T02:45:00+00:00,10.8715615,10.72338,119.9113721,1303.623856,10.92881938,6.865870641,10,130.3623856,1.424213486,1.294744299,0,16.34443321,tp,"VWAP sapma-dönüş (kaynak kuralları): kümülatif VWAP=10.718 (300 bar), σ=0.0518194; bu bar +3.32σ ile bandın dışında kapandı ve kapanış short yönünde döndü; stop 2×0.5σ (10.9288), hedef VWAP mesafesinin %100'i (10.718); yönetim: breakeven 1R, kısmi %50 @ 1.5R, takip geri verme %50 | arm=vwap_revert_src | combo=band1_tp2 | combo_r=0.2295 | combo_n=4 | pick=exploit",
vwap_clone,XRP-USDT-SWAP,long,2026-09-28T03:15:00+00:00,2026-09-28T03:15:00+00:00,1.49844885,1.492238506,1751.432655,2624.432248,1.492984998,9.569568364,10,262.4432248,2.880893123,2.618991684,0,-13.75789283,stop,"VWAP sapma-dönüş (kaynak kuralları): kümülatif VWAP=1.54964 (300 bar), σ=0.00642; bu bar -7.93σ ile bandın dışında kapandı ve kapanış long yönünde döndü; stop 1.5×0.5σ (1.49298), hedef VWAP mesafesinin %50'i (1.52372); yönetim: breakeven 1R, kısmi %50 @ 1.5R, takip geri verme %50 | arm=vwap_revert_src | combo=band0_tp0 | combo_r=-0.7543 | combo_n=3 | pick=explore",
vwap_clone,DOGE-USDT-SWAP,long,2026-09-28T03:15:00+00:00,2026-09-28T03:15:00+00:00,0.094837395,0.09405335468,27658.44369,2623.054749,0.09410040488,20.38399972,10,262.3054749,2.87343329,2.612207313,0,-24.55876838,stop,"VWAP sapma-dönüş (kaynak kuralları): kümülatif VWAP=0.097098 (300 bar), σ=0.000689595; bu bar -3.34σ ile bandın dışında kapandı ve kapanış long yönünde döndü; stop 2×0.5σ (0.0941004), hedef VWAP mesafesinin %50'i (0.095944); yönetim: breakeven 1R, kısmi %50 @ 1.5R, takip geri verme %50 | arm=vwap_revert_src | combo=band1_tp0 | combo_r=0.8713 | combo_n=5 | pick=exploit",
vwap_clone,XRP-USDT-SWAP,long,2026-09-28T03:45:00+00:00,2026-09-28T04:00:00+00:00,1.49644785,1.487086663,1734.585621,2595.716923,1.487830578,14.94739577,10,259.5716923,2.846357836,2.58759462,0,-19.08413837,stop,"VWAP sapma-dönüş (kaynak kuralları): kümülatif VWAP=1.54896 (300 bar), σ=0.00796942; bu bar -7.13σ ile bandın dışında kapandı ve kapanış long yönünde döndü; stop 2×0.5σ (1.48783), hedef VWAP mesafesinin %75'i (1.53567); yönetim: breakeven 1R, kısmi %50 @ 1.5R, takip geri verme %50 | arm=vwap_revert_src | combo=band1_tp1 | combo_r=0.1207 | combo_n=16 | pick=exploit",
vwap_clone,DOGE-USDT-SWAP,long,2026-09-28T03:45:00+00:00,2026-09-28T04:00:00+00:00,0.09442719,0.09367980648,27474.6553,2594.354496,0.09372666981,19.24655067,10,259.4354496,2.842496188,2.584082956,0,-23.37660083,stop,"VWAP sapma-dönüş (kaynak kuralları): kümülatif VWAP=0.0970203 (300 bar), σ=0.000871107; bu bar -3.28σ ile bandın dışında kapandı ve kapanış long yönünde döndü; stop 1.5×0.5σ (0.0937267), hedef VWAP mesafesinin %100'i (0.0970203); yönetim: breakeven 1R, kısmi %50 @ 1.5R, takip geri verme %50 | arm=vwap_revert_src | combo=band0_tp2 | combo_r=0.4879 | combo_n=3 | pick=explore",
vwap_clone,XRP-USDT-SWAP,long,2026-09-28T04:15:00+00:00,2026-09-28T05:00:00+00:00,1.4935464,1.482910288,1734.857812,2591.090639,1.483652114,17.16517888,10,259.1090639,2.840051025,2.581860601,0,-21.29219264,stop,"VWAP sapma-dönüş (kaynak kuralları): kümülatif VWAP=1.54851 (300 bar), σ=0.00904789; bu bar -6.47σ ile bandın dışında kapandı ve kapanış long yönünde döndü; stop 2×0.5σ (1.48365), hedef VWAP mesafesinin %75'i (1.53456); yönetim: breakeven 1R, kısmi %50 @ 1.5R, takip geri verme %50 | arm=vwap_revert_src | combo=band1_tp1 | combo_r=0.03849 | combo_n=17 | pick=exploit",
vwap_clone,NEAR-USDT-SWAP,short,2026-09-28T02:30:00+00:00,2026-09-28T05:30:00+00:00,5.2943515,5.152303662,246.0998841,1302.93929,5.390766635,23.72775349,10,130.293929,1.414006343,1.285469373,0,33.54395006,partial,"VWAP sapma-dönüş (kaynak kuralları): kümülatif VWAP=5.0712 (300 bar), σ=0.0758133; bu bar +3.15σ ile bandın dışında kapandı ve kapanış short yönünde döndü; stop 2.5×0.5σ (5.39077), hedef VWAP mesafesinin %75'i (5.1274); yönetim: breakeven 1R, kısmi %50 @ 1.5R, takip geri verme %50 | arm=vwap_revert_src | combo=band2_tp1 | combo_r=0.4129 | combo_n=18 | pick=exploit",
vwap_clone,NEAR-USDT-SWAP,short,2026-09-28T02:30:00+00:00,2026-09-28T05:30:00+00:00,5.2943515,5.129960539,246.0998841,1302.93929,5.390766635,23.72775349,10,130.293929,1.410982091,1.282721427,0,39.04561432,tp,"VWAP sapma-dönüş (kaynak kuralları): kümülatif VWAP=5.0712 (300 bar), σ=0.0758133; bu bar +3.15σ ile bandın dışında kapandı ve kapanış short yönünde döndü; stop 2.5×0.5σ (5.39077), hedef VWAP mesafesinin %75'i (5.1274); yönetim: breakeven 1R, kısmi %50 @ 1.5R, takip geri verme %50 | arm=vwap_revert_src | combo=band2_tp1 | combo_r=0.4129 | combo_n=18 | pick=exploit",
vwap_clone,ETH-USDT-SWAP,long,2026-09-28T03:00:00+00:00,2026-09-28T05:30:00+00:00,2653.22595,2636.031861,0.9879561889,2621.270998,2637.350536,15.68421306,10,262.1270998,2.874055244,2.612773901,0,-19.86106169,stop,"VWAP sapma-dönüş (kaynak kuralları): kümülatif VWAP=2691.97 (300 bar), σ=11.6396; bu bar -3.56σ ile bandın dışında kapandı ve kapanış long yönünde döndü; stop 2.5×0.5σ (2637.35), hedef VWAP mesafesinin %75'i (2681.96); yönetim: breakeven 1R, kısmi %50 @ 1.5R, takip geri verme %50 | arm=vwap_revert_src | combo=band2_tp1 | combo_r=-0.1579 | combo_n=31 | pick=exploit",
vwap_clone,ETHFI-USDT-SWAP,long,2026-09-28T04:15:00+00:00,2026-09-28T06:15:00+00:00,0.68884425,0.6742272788,3759.530025,2589.73064,0.6745645611,53.68491921,10,258.973064,2.818479586,2.562241072,0,-57.77142165,stop,"VWAP sapma-dönüş (kaynak kuralları): kümülatif VWAP=0.719344 (300 bar), σ=0.0113884; bu bar -2.78σ ile bandın dışında kapandı ve kapanış long yönünde döndü; stop 2.5×0.5σ (0.674565), hedef VWAP mesafesinin %75'i (0.711708); yönetim: breakeven 1R, kısmi %50 @ 1.5R, takip geri verme %50 | arm=vwap_revert_src | combo=band2_tp1 | combo_r=0.3359 | combo_n=20 | pick=exploit",
vwap_clone,SOL-USDT-SWAP,long,2026-09-28T06:45:00+00:00,2026-09-28T07:15:00+00:00,118.75935,118.1580931,21.515166,2555.127129,118.2172017,11.66441044,10,255.5127129,2.803524964,2.548656461,0,-15.73966677,stop,"VWAP sapma-dönüş (kaynak kuralları): kümülatif VWAP=120.856 (300 bar), σ=0.657064; bu bar -3.48σ ile bandın dışında kapandı ve kapanış long yönünde döndü; stop 1.5×0.5σ (118.217), hedef VWAP mesafesinin %50'i (119.783); yönetim: breakeven 1R, kısmi %50 @ 1.5R, takip geri verme %50 | arm=vwap_revert_src | combo=band0_tp0 | combo_r=-0.9317 | combo_n=26 | pick=explore",
vwap_clone,ETH-USDT-SWAP,long,2026-09-28T05:45:00+00:00,2026-09-28T08:30:00+00:00,2651.214945,2638.728056,0.9704189209,2572.789146,2640.04808,10.83653738,10,257.2789146,2.823403428,2.566728002,0.01587660543,-14.92504051,stop,"VWAP sapma-dönüş (kaynak kuralları): kümülatif VWAP=2689.95 (300 bar), σ=7.88154; bu bar -5.76σ ile bandın dışında kapandı ve kapanış long yönünde döndü; stop 2.5×0.5σ (2640.05), hedef VWAP mesafesinin %75'i (2679.93); yönetim: breakeven 1R, kısmi %50 @ 1.5R, takip geri verme %50 | arm=vwap_revert_src | combo=band2_tp1 | combo_r=-0.1925 | combo_n=32 | pick=exploit",
vwap_clone,XRP-USDT-SWAP,long,2026-09-28T07:45:00+00:00,2026-09-28T08:30:00+00:00,1.47323625,1.472499632,1724.266855,2540.252435,1.465800084,12.82193466,10,254.0252435,2.793579109,2.539617689,-0.1583369667,-4.222042293,stop,"VWAP sapma-dönüş (kaynak kuralları): kümülatif VWAP=1.54588 (300 bar), σ=0.00669992; bu bar -10.82σ ile bandın dışında kapandı ve kapanış long yönünde döndü; stop 2×0.5σ (1.4658), hedef VWAP mesafesinin %75'i (1.52753); yönetim: breakeven 1R, kısmi %50 @ 1.5R, takip geri verme %50 | arm=vwap_revert_src | combo=band1_tp1 | combo_r=-0.03256 | combo_n=18 | pick=exploit",exit_rule=breakeven
vwap_clone,BTC-USDT-SWAP,long,2026-09-28T05:45:00+00:00,2026-09-28T09:00:00+00:00,83150.05425,82700.70383,0.03095776992,2574.140248,82742.07487,12.63013192,10,257.4140248,2.823903285,2.567181969,0.01952734706,-16.71526291,stop,"VWAP sapma-dönüş (kaynak kuralları): kümülatif VWAP=84155.9 (300 bar), σ=293.14; bu bar -4.10σ ile bandın dışında kapandı ve kapanış long yönünde döndü; stop 2.5×0.5σ (82742.1), hedef VWAP mesafesinin %100'i (84155.9); yönetim: breakeven 1R, kısmi %50 @ 1.5R, takip geri verme %50 | arm=vwap_revert_src | combo=band2_tp2 | combo_r=-0.3946 | combo_n=16 | pick=exploit",
vwap_clone,ETH-USDT-SWAP,long,2026-09-28T09:00:00+00:00,2026-09-28T09:00:00+00:00,2650.82475,2644.654315,0.9566984646,2536.039968,2645.977304,4.637544201,10,253.6039968,2.78639718,2.533087503,0,-8.689642593,stop,"VWAP sapma-dönüş (kaynak kuralları): kümülatif VWAP=2688.6 (300 bar), σ=3.5227; bu bar -11.64σ ile bandın dışında kapandı ve kapanış long yönünde döndü; stop 2×0.5σ (2645.98), hedef VWAP mesafesinin %50'i (2669.05); yönetim: breakeven 1R, kısmi %50 @ 1.5R, takip geri verme %50 | arm=vwap_revert_src | combo=band1_tp0 | combo_r=-0.2267 | combo_n=4 | pick=exploit",
vwap_clone,SOL-USDT-SWAP,long,2026-09-28T09:00:00+00:00,2026-09-28T09:00:00+00:00,118.33914,117.6473039,21.41902387,2534.708864,117.7061569,13.55787927,10,253.4708864,2.7800296,2.527296564,0,-17.59848437,stop,"VWAP sapma-dönüş (kaynak kuralları): kümülatif VWAP=120.891 (300 bar), σ=0.583843; bu bar -4.50σ ile bandın dışında kapandı ve kapanış long yönünde döndü; stop 2×0.5σ (117.706), hedef VWAP mesafesinin %50'i (119.591); yönetim: breakeven 1R, kısmi %50 @ 1.5R, takip geri verme %50 | arm=vwap_revert_src | combo=band1_tp0 | combo_r=-1.285 | combo_n=4 | pick=explore",
vwap_clone,AVAX-USDT-SWAP,long,2026-09-28T09:15:00+00:00,2026-09-28T09:30:00+00:00,10.4622285,10.35627594,240.4772762,2515.928213,10.36145667,24.23333539,10,251.5928213,2.753507484,2.503182877,0,-28.23269031,stop,"VWAP sapma-dönüş (kaynak kuralları): kümülatif VWAP=10.7325 (300 bar), σ=0.0955433; bu bar -3.28σ ile bandın dışında kapandı ve kapanış long yönünde döndü; stop 2×0.5σ (10.3615), hedef VWAP mesafesinin %100'i (10.7325); yönetim: breakeven 1R, kısmi %50 @ 1.5R, takip geri verme %50 | arm=vwap_revert_src | combo=band1_tp2 | combo_r=0.7494 | combo_n=6 | pick=exploit",
vwap_clone,SOL-USDT-SWAP,long,2026-09-28T09:15:00+00:00,2026-09-28T09:45:00+00:00,118.409175,117.5767659,21.27006957,2518.57139,117.6355837,16.45434157,10,251.857139,2.760690559,2.509714891,0,-20.46609065,stop,"VWAP sapma-dönüş (kaynak kuralları): kümülatif VWAP=120.885 (300 bar), σ=0.579533; bu bar -4.75σ ile bandın dışında kapandı ve kapanış long yönünde döndü; stop 2.5×0.5σ (117.636), hedef VWAP mesafesinin %75'i (120.254); yönetim: breakeven 1R, kısmi %50 @ 1.5R, takip geri verme %50 | arm=vwap_revert_src | combo=band2_tp1 | combo_r=-0.2445 | combo_n=21 | pick=exploit",
vwap_clone,ETH-USDT-SWAP,long,2026-09-28T10:00:00+00:00,2026-09-28T10:00:00+00:00,2641.32,2647.012236,0.4712549021,1244.734998,2636.642397,2.204343314,10,124.4734998,1.37068387,1.246077227,0,1.311810345,partial,"VWAP sapma-dönüş (kaynak kuralları): kümülatif VWAP=2687.87 (300 bar), σ=2.67808; bu bar -17.77σ ile bandın dışında kapandı ve kapanış long yönünde döndü; stop 2.5×0.5σ (2636.64), hedef VWAP mesafesinin %50'i (2663.93); yönetim: breakeven 1R, kısmi %50 @ 1.5R, takip geri verme %50 | arm=vwap_revert_src | combo=band2_tp0 | combo_r=-0.6047 | combo_n=26 | pick=explore",
vwap_clone,ETH-USDT-SWAP,long,2026-09-28T10:00:00+00:00,2026-09-28T10:15:00+00:00,2641.32,2645.43662,0.4712549021,1244.734998,2636.642397,2.204343314,10,124.4734998,1.370275485,1.245705783,0,0.5697018698,stop,"VWAP sapma-dönüş (kaynak kuralları): kümülatif VWAP=2687.87 (300 bar), σ=2.67808; bu bar -17.77σ ile bandın dışında kapandı ve kapanış long yönünde döndü; stop 2.5×0.5σ (2636.64), hedef VWAP mesafesinin %50'i (2663.93); yönetim: breakeven 1R, kısmi %50 @ 1.5R, takip geri verme %50 | arm=vwap_revert_src | combo=band2_tp0 | combo_r=-0.6047 | combo_n=26 | pick=explore",exit_rule=partial
vwap_clone,BTC-USDT-SWAP,long,2026-09-28T10:00:00+00:00,2026-09-28T10:30:00+00:00,82689.7242,82867.7927,0.01506098471,1245.388672,82543.37545,2.204156256,10,124.5388672,1.371402577,1.246730597,0,1.310484355,partial,"VWAP sapma-dönüş (kaynak kuralları): kümülatif VWAP=84067.2 (300 bar), σ=140.033; bu bar -10.03σ ile bandın dışında kapandı ve kapanış long yönünde döndü; stop 1.5×0.5σ (82543.4), hedef VWAP mesafesinin %100'i (84067.2); yönetim: breakeven 1R, kısmi %50 @ 1.5R, takip geri verme %50 | arm=vwap_revert_src | combo=band0_tp2 | combo_r=-2.582 | combo_n=3 | pick=explore",
vwap_clone,BTC-USDT-SWAP,long,2026-09-28T10:00:00+00:00,2026-09-28T10:45:00+00:00,82689.7242,82867.7927,0.01506098471,1245.388672,82543.37545,2.204156256,10,124.5388672,1.371402577,1.246730597,0,1.310484355,stop,"VWAP sapma-dönüş (kaynak kuralları): kümülatif VWAP=84067.2 (300 bar), σ=140.033; bu bar -10.03σ ile bandın dışında kapandı ve kapanış long yönünde döndü; stop 1.5×0.5σ (82543.4), hedef VWAP mesafesinin %100'i (84067.2); yönetim: breakeven 1R, kısmi %50 @ 1.5R, takip geri verme %50 | arm=vwap_revert_src | combo=band0_tp2 | combo_r=-2.582 | combo_n=3 | pick=explore",exit_rule=partial
vwap_clone,ETH-USDT-SWAP,long,2026-09-28T10:30:00+00:00,2026-09-28T10:45:00+00:00,2649.654165,2655.302901,0.4712824882,1248.735608,2645.002797,2.192108285,10,124.8735608,1.375073351,1.250067661,0,1.287077191,partial,"VWAP sapma-dönüş (kaynak kuralları): kümülatif VWAP=2687.73 (300 bar), σ=2.65376; bu bar -15.02σ ile bandın dışında kapandı ve kapanış long yönünde döndü; stop 2.5×0.5σ (2645), hedef VWAP mesafesinin %75'i (2677.87); yönetim: breakeven 1R, kısmi %50 @ 1.5R, takip geri verme %50 | arm=vwap_revert_src | combo=band2_tp1 | combo_r=-0.2284 | combo_n=33 | pick=exploit",
vwap_clone,ETH-USDT-SWAP,long,2026-09-28T10:30:00+00:00,2026-09-28T11:00:00+00:00,2649.654165,2653.702485,0.4712824882,1248.735608,2645.002797,2.192108285,10,124.8735608,1.374658515,1.249690348,0,0.5332438079,stop,"VWAP sapma-dönüş (kaynak kuralları): kümülatif VWAP=2687.73 (300 bar), σ=2.65376; bu bar -15.02σ ile bandın dışında kapandı ve kapanış long yönünde döndü; stop 2.5×0.5σ (2645), hedef VWAP mesafesinin %75'i (2677.87); yönetim: breakeven 1R, kısmi %50 @ 1.5R, takip geri verme %50 | arm=vwap_revert_src | combo=band2_tp1 | combo_r=-0.2284 | combo_n=33 | pick=exploit",exit_rule=partial
vwap_clone,XRP-USDT-SWAP,long,2026-09-28T09:15:00+00:00,2026-09-28T11:30:00+00:00,1.48184055,1.493680748,849.365829,1258.624727,1.473448942,7.127545045,10,125.8624727,1.390018363,1.263655887,0,8.666641182,partial,"VWAP sapma-dönüş (kaynak kuralları): kümülatif VWAP=1.54461 (300 bar), σ=0.00612085; bu bar -10.96σ ile bandın dışında kapandı ve kapanış long yönünde döndü; stop 2.5×0.5σ (1.47345), hedef VWAP mesafesinin %75'i (1.52873); yönetim: breakeven 1R, kısmi %50 @ 1.5R, takip geri verme %50 | arm=vwap_revert_src | combo=band2_tp1 | combo_r=-0.04521 | combo_n=4 | pick=exploit",
vwap_clone,XRP-USDT-SWAP,long,2026-09-28T09:15:00+00:00,2026-09-28T11:45:00+00:00,1.48184055,1.49155385,849.365829,1258.624727,1.473448942,7.127545045,10,125.8624727,1.38902478,1.262752178,0,6.861120327,stop,"VWAP sapma-dönüş (kaynak kuralları): kümülatif VWAP=1.54461 (300 bar), σ=0.00612085; bu bar -10.96σ ile bandın dışında kapandı ve kapanış long yönünde döndü; stop 2.5×0.5σ (1.47345), hedef VWAP mesafesinin %75'i (1.52873); yönetim: breakeven 1R, kısmi %50 @ 1.5R, takip geri verme %50 | arm=vwap_revert_src | combo=band2_tp1 | combo_r=-0.04521 | combo_n=4 | pick=exploit",exit_rule=partial
vwap_clone,BTC-USDT-SWAP,long,2026-09-28T11:00:00+00:00,2026-09-28T12:00:00+00:00,82965.462,83174.41192,0.01508307999,1251.3747,82798.42338,2.519456829,10,125.13747,1.378245555,1.252951605,0,1.773362746,partial,"VWAP sapma-dönüş (kaynak kuralları): kümülatif VWAP=84058.6 (300 bar), σ=125.577; bu bar -9.01σ ile bandın dışında kapandı ve kapanış long yönünde döndü; stop 2×0.5σ (82798.4), hedef VWAP mesafesinin %50'i (83491.3); yönetim: breakeven 1R, kısmi %50 @ 1.5R, takip geri verme %50 | arm=vwap_revert_src | combo=band1_tp0 | combo_r=-0.4053 | combo_n=52 | pick=exploit",
vwap_clone,ETH-USDT-SWAP,long,2026-09-28T11:15:00+00:00,2026-09-28T12:00:00+00:00,2661.97032,2671.878047,0.4693540563,1249.406567,2654.474097,3.518382761,10,124.9406567,1.376904852,1.251733159,0,3.273327219,partial,"VWAP sapma-dönüş (kaynak kuralları): kümülatif VWAP=2687.43 (300 bar), σ=4.93272; bu bar -5.74σ ile bandın dışında kapandı ve kapanış long yönünde döndü; stop 2.5×0.5σ (2654.47), hedef VWAP mesafesinin %75'i (2680.73); yönetim: breakeven 1R, kısmi %50 @ 1.5R, takip geri verme %50 | arm=vwap_revert_src | combo=band2_tp1 | combo_r=-0.1917 | combo_n=35 | pick=exploit",
vwap_clone,ETH-USDT-SWAP,long,2026-09-28T11:15:00+00:00,2026-09-28T12:00:00+00:00,2661.97032,2679.392907,0.4693540563,1249.406567,2654.474097,3.518382761,10,124.9406567,1.378844773,1.253497606,0,6.798517124,tp,"VWAP sapma-dönüş (kaynak kuralları): kümülatif VWAP=2687.43 (300 bar), σ=4.93272; bu bar -5.74σ ile bandın dışında kapandı ve kapanış long yönünde döndü; stop 2.5×0.5σ (2654.47), hedef VWAP mesafesinin %75'i (2680.73); yönetim: breakeven 1R, kısmi %50 @ 1.5R, takip geri verme %50 | arm=vwap_revert_src | combo=band2_tp1 | combo_r=-0.1917 | combo_n=35 | pick=exploit",
vwap_clone,SOL-USDT-SWAP,long,2026-09-28T12:00:00+00:00,2026-09-28T12:00:00+00:00,118.71933,119.2669202,10.56237864,1253.958515,118.3144943,4.276027704,10,125.3958515,1.382535487,1.256852203,0,4.40131979,partial,"VWAP sapma-dönüş (kaynak kuralları): kümülatif VWAP=120.92 (300 bar), σ=0.276405; bu bar -8.57σ ile bandın dışında kapandı ve kapanış long yönünde döndü; stop 2.5×0.5σ (118.314), hedef VWAP mesafesinin %75'i (120.355); yönetim: breakeven 1R, kısmi %50 @ 1.5R, takip geri verme %50 | arm=vwap_revert_src | combo=band2_tp1 | combo_r=-0.2899 | combo_n=22 | pick=exploit",
vwap_clone,SOL-USDT-SWAP,long,2026-09-28T12:00:00+00:00,2026-09-28T12:15:00+00:00,118.71933,119.2669202,10.56237864,1253.958515,118.3144943,4.276027704,10,125.3958515,1.382535487,1.256852203,0,4.40131979,stop,"VWAP sapma-dönüş (kaynak kuralları): kümülatif VWAP=120.92 (300 bar), σ=0.276405; bu bar -8.57σ ile bandın dışında kapandı ve kapanış long yönünde döndü; stop 2.5×0.5σ (118.314), hedef VWAP mesafesinin %75'i (120.355); yönetim: breakeven 1R, kısmi %50 @ 1.5R, takip geri verme %50 | arm=vwap_revert_src | combo=band2_tp1 | combo_r=-0.2899 | combo_n=22 | pick=exploit",exit_rule=partial
vwap_clone,BTC-USDT-SWAP,long,2026-09-28T11:00:00+00:00,2026-09-28T12:45:00+00:00,82965.462,83449.5333,0.01508307999,1251.3747,82798.42338,2.519456829,10,125.13747,1.380527878,1.255027482,0,5.920758311,tp,"VWAP sapma-dönüş (kaynak kuralları): kümülatif VWAP=84058.6 (300 bar), σ=125.577; bu bar -9.01σ ile bandın dışında kapandı ve kapanış long yönünde döndü; stop 2×0.5σ (82798.4), hedef VWAP mesafesinin %50'i (83491.3); yönetim: breakeven 1R, kısmi %50 @ 1.5R, takip geri verme %50 | arm=vwap_revert_src | combo=band1_tp0 | combo_r=-0.4053 | combo_n=52 | pick=exploit",
vwap_clone,BNB-USDT-SWAP,long,2026-09-28T12:30:00+00:00,2026-09-28T13:00:00+00:00,768.1839,764.9403285,3.284131782,2522.81716,765.32299,9.395605608,10,252.281716,2.769240102,2.517488968,0,-13.42155649,stop,"VWAP sapma-dönüş (kaynak kuralları): kümülatif VWAP=772.961 (300 bar), σ=2.47701; bu bar -2.00σ ile bandın dışında kapandı ve kapanış long yönünde döndü; stop 2×0.5σ (765.323), hedef VWAP mesafesinin %75'i (771.671); yönetim: breakeven 1R, kısmi %50 @ 1.5R, takip geri verme %50 | arm=vwap_revert_src | combo=band1_tp1 | combo_r=-1.261 | combo_n=3 | pick=explore",
vwap_clone,XRP-USDT-SWAP,long,2026-09-28T12:15:00+00:00,2026-09-28T13:30:00+00:00,1.50845385,1.525368027,835.0717391,1259.66718,1.496669022,9.84117712,10,125.966718,1.393402401,1.266733303,0,12.73114881,partial,"VWAP sapma-dönüş (kaynak kuralları): kümülatif VWAP=1.5429 (300 bar), σ=0.00890478; bu bar -4.50σ ile bandın dışında kapandı ve kapanış long yönünde döndü; stop 2.5×0.5σ (1.49667), hedef VWAP mesafesinin %75'i (1.53413); yönetim: breakeven 1R, kısmi %50 @ 1.5R, takip geri verme %50 | arm=vwap_revert_src | combo=band2_tp1 | combo_r=0.333 | combo_n=6 | pick=exploit",
vwap_clone,DOGE-USDT-SWAP,long,2026-09-28T13:00:00+00:00,2026-09-28T13:30:00+00:00,0.094537245,0.09363464499,26768.4219,2530.61286,0.09368148573,22.90732519,10,253.061286,2.770385498,2.51852686,0,-26.93156345,stop,"VWAP sapma-dönüş (kaynak kuralları): kümülatif VWAP=0.0965539 (300 bar), σ=0.000638811; bu bar -3.31σ ile bandın dışında kapandı ve kapanış long yönünde döndü; stop 2.5×0.5σ (0.0936815), hedef VWAP mesafesinin %100'i (0.0965539); yönetim: breakeven 1R, kısmi %50 @ 1.5R, takip geri verme %50 | arm=vwap_revert_src | combo=band2_tp2 | combo_r=0.6807 | combo_n=20 | pick=exploit",
vwap_clone,XRP-USDT-SWAP,long,2026-09-28T12:15:00+00:00,2026-09-28T13:45:00+00:00,1.50845385,1.5242375,835.0717391,1259.66718,1.496669022,9.84117712,10,125.966718,1.392883162,1.266261032,0,11.78759689,stop,"VWAP sapma-dönüş (kaynak kuralları): kümülatif VWAP=1.5429 (300 bar), σ=0.00890478; bu bar -4.50σ ile bandın dışında kapandı ve kapanış long yönünde döndü; stop 2.5×0.5σ (1.49667), hedef VWAP mesafesinin %75'i (1.53413); yönetim: breakeven 1R, kısmi %50 @ 1.5R, takip geri verme %50 | arm=vwap_revert_src | combo=band2_tp1 | combo_r=0.333 | combo_n=6 | pick=exploit",exit_rule=partial
vwap_clone,BTC-USDT-SWAP,long,2026-09-28T13:30:00+00:00,2026-09-28T14:00:00+00:00,83571.765,83270.62986,0.03010016856,2515.524213,83312.286,7.810361565,10,251.5524213,2.762091314,2.510990466,0,-11.8263098,stop,"VWAP sapma-dönüş (kaynak kuralları): kümülatif VWAP=83993.8 (300 bar), σ=290.152; bu bar -1.84σ ile bandın dışında kapandı ve kapanış long yönünde döndü; stop 1.5×0.5σ (83312.3), hedef VWAP mesafesinin %75'i (83877.9); yönetim: breakeven 1R, kısmi %50 @ 1.5R, takip geri verme %50 | arm=vwap_revert_src | combo=band0_tp1 | combo_r=-1.978 | combo_n=3 | pick=explore",
vwap_clone,DOGE-USDT-SWAP,long,2026-09-28T13:45:00+00:00,2026-09-28T14:00:00+00:00,0.09442719,0.09343361013,26608.00141,2512.518804,0.0934803503,25.19351205,10,251.2518804,2.749230239,2.499294233,0,-29.18640494,stop,"VWAP sapma-dönüş (kaynak kuralları): kümülatif VWAP=0.0965227 (300 bar), σ=0.00072772; bu bar -3.18σ ile bandın dışında kapandı ve kapanış long yönünde döndü; stop 2.5×0.5σ (0.0934804), hedef VWAP mesafesinin %75'i (0.0959895); yönetim: breakeven 1R, kısmi %50 @ 1.5R, takip geri verme %50 | arm=vwap_revert_src | combo=band2_tp1 | combo_r=-0.04231 | combo_n=138 | pick=explore",
vwap_clone,DOGE-USDT-SWAP,long,2026-09-28T15:00:00+00:00,2026-09-28T15:15:00+00:00,0.09230613,0.092223865,26961.38486,2488.701096,0.09173271922,15.45994882,10,248.8701096,2.736351317,2.487592174,0,-4.954329643,stop,"VWAP sapma-dönüş (kaynak kuralları): kümülatif VWAP=0.0963057 (300 bar), σ=0.000703041; bu bar -6.11σ ile bandın dışında kapandı ve kapanış long yönünde döndü; stop 1.5×0.5σ (0.0917327), hedef VWAP mesafesinin %75'i (0.0952942); yönetim: breakeven 1R, kısmi %50 @ 1.5R, takip geri verme %50 | arm=vwap_revert_src | combo=band0_tp1 | combo_r=-0.3583 | combo_n=68 | pick=explore",exit_rule=breakeven
vwap_clone,BTC-USDT-SWAP,long,2026-09-28T15:00:00+00:00,2026-09-28T16:00:00+00:00,83029.494,83400.40537,0.02998944012,2490.008039,82621.56768,12.23348201,10,249.0008039,2.745126726,2.495573156,-0.1773061634,8.200991346,tp,"VWAP sapma-dönüş (kaynak kuralları): kümülatif VWAP=83896.4 (300 bar), σ=293.066; bu bar -3.60σ ile bandın dışında kapandı ve kapanış long yönünde döndü; stop 2.5×0.5σ (82621.6), hedef VWAP mesafesinin %50'i (83442.1); yönetim: breakeven 1R, kısmi %50 @ 1.5R, takip geri verme %50 | arm=vwap_revert_src | combo=band2_tp0 | combo_r=-0.4974 | combo_n=5 | pick=explore",
vwap_clone,ETHFI-USDT-SWAP,long,2026-09-28T15:00:00+00:00,2026-09-28T16:15:00+00:00,0.68124045,0.7011799017,1825.636483,1243.697419,0.6677136387,24.69504026,10,124.3697419,1.388088366,1.261907931,-0.06328568869,34.95081635,partial,"VWAP sapma-dönüş (kaynak kuralları): kümülatif VWAP=0.716412 (300 bar), σ=0.0104691; bu bar -3.65σ ile bandın dışında kapandı ve kapanış long yönünde döndü; stop 2.5×0.5σ (0.667714), hedef VWAP mesafesinin %75'i (0.707509); yönetim: breakeven 1R, kısmi %50 @ 1.5R, takip geri verme %50 | arm=vwap_revert_src | combo=band2_tp1 | combo_r=0.2687 | combo_n=21 | pick=exploit",
vwap_clone,ETHFI-USDT-SWAP,long,2026-09-28T15:00:00+00:00,2026-09-28T16:15:00+00:00,0.68124045,0.7071555226,1825.636483,1243.697419,0.6677136387,24.69504026,10,124.3697419,1.394088487,1.267365315,-0.06328568869,45.85412781,tp,"VWAP sapma-dönüş (kaynak kuralları): kümülatif VWAP=0.716412 (300 bar), σ=0.0104691; bu bar -3.65σ ile bandın dışında kapandı ve kapanış long yönünde döndü; stop 2.5×0.5σ (0.667714), hedef VWAP mesafesinin %75'i (0.707509); yönetim: breakeven 1R, kısmi %50 @ 1.5R, takip geri verme %50 | arm=vwap_revert_src | combo=band2_tp1 | combo_r=0.2687 | combo_n=21 | pick=exploit",
vwap_clone,SOL-USDT-SWAP,long,2026-09-28T15:30:00+00:00,2026-09-28T16:15:00+00:00,118.27911,119.5407982,10.52876662,1245.333145,117.3981177,9.275762474,10,124.5333145,1.37717267,1.251978789,0.01096782872,11.91781548,partial,"VWAP sapma-dönüş (kaynak kuralları): kümülatif VWAP=120.88 (300 bar), σ=0.665506; bu bar -4.32σ ile bandın dışında kapandı ve kapanış long yönünde döndü; stop 2.5×0.5σ (117.398), hedef VWAP mesafesinin %50'i (119.555); yönetim: breakeven 1R, kısmi %50 @ 1.5R, takip geri verme %50 | arm=vwap_revert_src | combo=band2_tp0 | combo_r=-0.531 | combo_n=28 | pick=explore",
vwap_clone,SOL-USDT-SWAP,long,2026-09-28T15:30:00+00:00,2026-09-28T16:15:00+00:00,118.27911,119.4953119,10.52876662,1245.333145,117.3981177,9.275762474,10,124.5333145,1.376909267,1.251739212,0.01096782872,11.4391641,tp,"VWAP sapma-dönüş (kaynak kuralları): kümülatif VWAP=120.88 (300 bar), σ=0.665506; bu bar -4.32σ ile bandın dışında kapandı ve kapanış long yönünde döndü; stop 2.5×0.5σ (117.398), hedef VWAP mesafesinin %50'i (119.555); yönetim: breakeven 1R, kısmi %50 @ 1.5R, takip geri verme %50 | arm=vwap_revert_src | combo=band2_tp0 | combo_r=-0.531 | combo_n=28 | pick=explore",
vwap_clone,DOGE-USDT-SWAP,long,2026-09-28T16:30:00+00:00,2026-09-28T16:30:00+00:00,0.09486741,0.09422095127,26973.15352,2558.873214,0.09426808531,16.16567692,10,255.8873214,2.805170168,2.550150976,0,-20.24220086,stop,"VWAP sapma-dönüş (kaynak kuralları): kümülatif VWAP=0.0961052 (300 bar), σ=0.000735886; bu bar -2.24σ ile bandın dışında kapandı ve kapanış long yönünde döndü; stop 1.5×0.5σ (0.0942681), hedef VWAP mesafesinin %50'i (0.0954626); yönetim: breakeven 1R, kısmi %50 @ 1.5R, takip geri verme %50 | arm=vwap_revert_src | combo=band0_tp0 | combo_r=-0.9472 | combo_n=27 | pick=explore",
vwap_clone,AVAX-USDT-SWAP,long,2026-09-28T16:30:00+00:00,2026-09-28T16:45:00+00:00,10.5202575,10.39299695,243.1052781,2557.530125,10.39819605,29.67378236,10,255.7530125,2.796267397,2.542054171,0,-33.73397793,stop,"VWAP sapma-dönüş (kaynak kuralları): kümülatif VWAP=10.736 (300 bar), σ=0.117804; bu bar -2.41σ ile bandın dışında kapandı ve kapanış long yönünde döndü; stop 2×0.5σ (10.3982), hedef VWAP mesafesinin %100'i (10.736); yönetim: breakeven 1R, kısmi %50 @ 1.5R, takip geri verme %50 | arm=vwap_revert_src | combo=band1_tp2 | combo_r=0.4759 | combo_n=7 | pick=exploit",
vwap_clone,XRP-USDT-SWAP,long,2026-09-28T16:15:00+00:00,2026-09-28T17:00:00+00:00,1.49524725,1.494499626,1681.705589,2514.565657,1.477374677,30.05640611,10,251.4565657,2.765330717,2.51393733,0,-4.022613546,stop,"VWAP sapma-dönüş (kaynak kuralları): kümülatif VWAP=1.53139 (300 bar), σ=0.0137803; bu bar -2.69σ ile bandın dışında kapandı ve kapanış long yönünde döndü; stop 2.5×0.5σ (1.47737), hedef VWAP mesafesinin %75'i (1.52219); yönetim: breakeven 1R, kısmi %50 @ 1.5R, takip geri verme %50 | arm=vwap_revert_src | combo=band2_tp1 | combo_r=0.5611 | combo_n=8 | pick=exploit",exit_rule=breakeven
vwap_clone,SOL-USDT-SWAP,long,2026-09-28T17:00:00+00:00,2026-09-28T17:00:00+00:00,119.27961,119.9845216,21.12072912,2519.272332,118.420263,18.15003624,10,251.9272332,2.779388102,2.52672081,0,12.10885922,tp,"VWAP sapma-dönüş (kaynak kuralları): kümülatif VWAP=120.869 (300 bar), σ=0.63979; bu bar -2.70σ ile bandın dışında kapandı ve kapanış long yönünde döndü; stop 2.5×0.5σ (118.42), hedef VWAP mesafesinin %50'i (120.045); yönetim: breakeven 1R, kısmi %50 @ 1.5R, takip geri verme %50 | arm=vwap_revert_src | combo=band2_tp0 | combo_r=0.3124 | combo_n=3 | pick=exploit",
vwap_clone,AVAX-USDT-SWAP,long,2026-09-28T17:00:00+00:00,2026-09-28T18:45:00+00:00,10.4462205,10.44099739,241.0393337,2517.950029,10.32579437,29.02743524,10,251.7950029,2.769052596,2.517320856,0,-4.02802761,stop,"VWAP sapma-dönüş (kaynak kuralları): kümülatif VWAP=10.7389 (300 bar), σ=0.115206; bu bar -2.73σ ile bandın dışında kapandı ve kapanış long yönünde döndü; stop 2×0.5σ (10.3258), hedef VWAP mesafesinin %100'i (10.7389); yönetim: breakeven 1R, kısmi %50 @ 1.5R, takip geri verme %50 | arm=vwap_revert_src | combo=band1_tp2 | combo_r=0.2743 | combo_n=8 | pick=exploit",exit_rule=breakeven
vwap_clone,AVAX-USDT-SWAP,long,2026-09-28T19:00:00+00:00,2026-09-28T19:00:00+00:00,10.521258,10.39943007,238.7486497,2511.93614,10.40463239,27.84420737,10,251.193614,2.747132315,2.497386366,0,-31.83338565,stop,"VWAP sapma-dönüş (kaynak kuralları): kümülatif VWAP=10.7531 (300 bar), σ=0.111368; bu bar -2.31σ ile bandın dışında kapandı ve kapanış long yönünde döndü; stop 2×0.5σ (10.4046), hedef VWAP mesafesinin %100'i (10.7531); yönetim: breakeven 1R, kısmi %50 @ 1.5R, takip geri verme %50 | arm=vwap_revert_src | combo=band1_tp2 | combo_r=0.2284 | combo_n=9 | pick=exploit",
vwap_clone,PENGU-USDT-SWAP,long,2026-09-28T19:00:00+00:00,2026-09-28T19:00:00+00:00,0.009660828,0.009531794055,259876.0362,2510.617688,0.009536562336,32.29366826,10,251.0617688,2.7432364,2.493843513,0,-36.27606667,stop,"VWAP sapma-dönüş (kaynak kuralları): kümülatif VWAP=0.0100319 (300 bar), σ=0.000119438; bu bar -3.21σ ile bandın dışında kapandı ve kapanış long yönünde döndü; stop 2×0.5σ (0.00953656), hedef VWAP mesafesinin %75'i (0.00993793); yönetim: breakeven 1R, kısmi %50 @ 1.5R, takip geri verme %50 | arm=vwap_revert_src | combo=band1_tp1 | combo_r=0.5326 | combo_n=9 | pick=exploit",
vwap_clone,NEAR-USDT-SWAP,long,2026-09-28T19:00:00+00:00,2026-09-28T19:00:00+00:00,4.9214595,4.831367257,509.8690596,2509.299927,4.833784149,44.70294874,10,250.9299927,2.734965534,2.486321441,0,-48.67021277,stop,"VWAP sapma-dönüş (kaynak kuralları): kümülatif VWAP=5.12375 (300 bar), σ=0.0681727; bu bar -3.01σ ile bandın dışında kapandı ve kapanış long yönünde döndü; stop 2.5×0.5σ (4.83378), hedef VWAP mesafesinin %75'i (5.07256); yönetim: breakeven 1R, kısmi %50 @ 1.5R, takip geri verme %50 | arm=vwap_revert_src | combo=band2_tp1 | combo_r=0.5245 | combo_n=20 | pick=exploit",
vwap_clone,NEAR-USDT-SWAP,long,2026-09-28T19:30:00+00:00,2026-09-28T19:30:00+00:00,4.832415,4.760267718,510.3783253,2466.359875,4.762649042,35.60703266,10,246.6359875,2.692743538,2.447940077,0,-39.51515262,stop,"VWAP sapma-dönüş (kaynak kuralları): kümülatif VWAP=5.1205 (300 bar), σ=0.0538808; bu bar -5.56σ ile bandın dışında kapandı ve kapanış long yönünde döndü; stop 2.5×0.5σ (4.76265), hedef VWAP mesafesinin %75'i (5.04788); yönetim: breakeven 1R, kısmi %50 @ 1.5R, takip geri verme %50 | arm=vwap_revert_src | combo=band2_tp1 | combo_r=0.4477 | combo_n=21 | pick=exploit",
vwap_clone,AVAX-USDT-SWAP,long,2026-09-28T20:00:00+00:00,2026-09-28T20:30:00+00:00,10.329162,10.481187,118.3598041,1222.557591,10.22431652,12.40949011,10,122.2557591,1.354709857,1.231559222,0,16.63893939,partial,"VWAP sapma-dönüş (kaynak kuralları): kümülatif VWAP=10.7547 (300 bar), σ=0.0996835; bu bar -4.45σ ile bandın dışında kapandı ve kapanış long yönünde döndü; stop 2×0.5σ (10.2243), hedef VWAP mesafesinin %100'i (10.7547); yönetim: breakeven 1R, kısmi %50 @ 1.5R, takip geri verme %50 | arm=vwap_revert_src | combo=band1_tp2 | combo_r=0.09125 | combo_n=10 | pick=exploit",
vwap_clone,AVAX-USDT-SWAP,long,2026-09-28T20:00:00+00:00,2026-09-28T20:45:00+00:00,10.329162,10.444775,118.3598041,1222.557591,10.22431652,12.40949011,10,122.2557591,1.352339512,1.229403285,0,12.33159252,stop,"VWAP sapma-dönüş (kaynak kuralları): kümülatif VWAP=10.7547 (300 bar), σ=0.0996835; bu bar -4.45σ ile bandın dışında kapandı ve kapanış long yönünde döndü; stop 2×0.5σ (10.2243), hedef VWAP mesafesinin %100'i (10.7547); yönetim: breakeven 1R, kısmi %50 @ 1.5R, takip geri verme %50 | arm=vwap_revert_src | combo=band1_tp2 | combo_r=0.09125 | combo_n=10 | pick=exploit",exit_rule=partial
vwap_clone,SOL-USDT-SWAP,long,2026-09-28T20:00:00+00:00,2026-09-28T22:00:00+00:00,118.369155,117.3807593,20.67839348,2447.683963,117.4394791,19.22420495,10,244.7683963,2.681211221,2.437460246,0,-23.11964604,stop,"VWAP sapma-dönüş (kaynak kuralları): kümülatif VWAP=120.902 (300 bar), σ=0.696417; bu bar -3.70σ ile bandın dışında kapandı ve kapanış long yönünde döndü; stop 2.5×0.5σ (117.439), hedef VWAP mesafesinin %50'i (119.606); yönetim: breakeven 1R, kısmi %50 @ 1.5R, takip geri verme %50 | arm=vwap_revert_src | combo=band2_tp0 | combo_r=0.4011 | combo_n=4 | pick=explore",
vwap_clone,XRP-USDT-SWAP,long,2026-09-28T21:00:00+00:00,2026-09-28T22:00:00+00:00,1.49504715,1.482355829,1639.830632,2451.624114,1.483097377,19.59560334,10,245.1624114,2.685340135,2.441213712,0,-23.49695773,stop,"VWAP sapma-dönüş (kaynak kuralları): kümülatif VWAP=1.52022 (300 bar), σ=0.0089621; bu bar -3.03σ ile bandın dışında kapandı ve kapanış long yönünde döndü; stop 2.5×0.5σ (1.4831), hedef VWAP mesafesinin %75'i (1.51374); yönetim: breakeven 1R, kısmi %50 @ 1.5R, takip geri verme %50 | arm=vwap_revert_src | combo=band2_tp1 | combo_r=0.4839 | combo_n=9 | pick=exploit",
vwap_clone,LINK-USDT-SWAP,short,2026-09-28T17:30:00+00:00,2026-09-29T00:00:00+00:00,15.170411,15.60700755,166.4099662,2524.507582,15.5836321,68.76411008,10,252.4507582,2.81691805,5.152792771,0.2569536288,-75.21398204,stop,"VWAP sapma-dönüş (kaynak kuralları): kümülatif VWAP=14.2761 (300 bar), σ=0.323706; bu bar +3.10σ ile bandın dışında kapandı ve kapanış short yönünde döndü; stop 2.5×0.5σ (15.5836), hedef VWAP mesafesinin %100'i (14.2761); yönetim: breakeven 1R, kısmi %50 @ 1.5R, takip geri verme %50 | arm=vwap_revert_src | combo=band2_tp2 | combo_r=-0.1382 | combo_n=96 | pick=explore",
vwap_clone,DOGE-USDT-SWAP,long,2026-09-28T20:00:00+00:00,2026-09-29T01:00:00+00:00,0.093316635,0.09326997668,26216.11072,2446.399235,0.09220466853,29.15143606,10,244.6399235,2.690366399,2.445787941,-0.1906926216,-4.104258638,stop,"VWAP sapma-dönüş (kaynak kuralları): kümülatif VWAP=0.0959073 (300 bar), σ=0.000852265; bu bar -3.07σ ile bandın dışında kapandı ve kapanış long yönünde döndü; stop 2.5×0.5σ (0.0922047), hedef VWAP mesafesinin %100'i (0.0959073); yönetim: breakeven 1R, kısmi %50 @ 1.5R, takip geri verme %50 | arm=vwap_revert_src | combo=band2_tp2 | combo_r=0.5923 | combo_n=21 | pick=exploit",exit_rule=breakeven
vwap_clone,LINK-USDT-SWAP,short,2026-09-29T00:30:00+00:00,2026-09-29T01:00:00+00:00,15.596198,15.31221212,77.86071845,1214.331181,15.79062344,15.13810438,10,121.4331181,1.32360306,1.203281338,0,20.7877415,partial,"VWAP sapma-dönüş (kaynak kuralları): kümülatif VWAP=14.4577 (300 bar), σ=0.148499; bu bar +7.41σ ile bandın dışında kapandı ve kapanış short yönünde döndü; stop 2.5×0.5σ (15.7906), hedef VWAP mesafesinin %100'i (14.4577); yönetim: breakeven 1R, kısmi %50 @ 1.5R, takip geri verme %50 | arm=vwap_revert_src | combo=band2_tp2 | combo_r=-0.1481 | combo_n=97 | pick=exploit",
vwap_clone,BTC-USDT-SWAP,long,2026-09-28T22:30:00+00:00,2026-09-29T01:15:00+00:00,83249.10375,82845.25213,0.02925653594,2435.580396,82886.69548,10.60281069,10,243.5580396,2.672640021,2.4296704,-0.1327728312,-14.62071233,stop,"VWAP sapma-dönüş (kaynak kuralları): kümülatif VWAP=83841.8 (300 bar), σ=256.644; bu bar -2.58σ ile bandın dışında kapandı ve kapanış long yönünde döndü; stop 2.5×0.5σ (82886.7), hedef VWAP mesafesinin %75'i (83683.2); yönetim: breakeven 1R, kısmi %50 @ 1.5R, takip geri verme %50 | arm=vwap_revert_src | combo=band2_tp1 | combo_r=-2.012 | combo_n=3 | pick=explore",
vwap_clone,LINK-USDT-SWAP,short,2026-09-29T00:30:00+00:00,2026-09-29T01:15:00+00:00,15.596198,15.354998,77.86071845,1214.331181,15.79062344,15.13810438,10,121.4331181,1.325435297,2.398110128,0,17.45456999,stop,"VWAP sapma-dönüş (kaynak kuralları): kümülatif VWAP=14.4577 (300 bar), σ=0.148499; bu bar +7.41σ ile bandın dışında kapandı ve kapanış short yönünde döndü; stop 2.5×0.5σ (15.7906), hedef VWAP mesafesinin %100'i (14.4577); yönetim: breakeven 1R, kısmi %50 @ 1.5R, takip geri verme %50 | arm=vwap_revert_src | combo=band2_tp2 | combo_r=-0.1481 | combo_n=97 | pick=exploit",exit_rule=partial
vwap_clone,NEAR-USDT-SWAP,long,2026-09-28T22:15:00+00:00,2026-09-29T02:15:00+00:00,4.7293635,4.607600004,514.5015312,2433.264762,4.609904956,61.46160374,10,243.3264762,2.642135111,2.401925948,-0.0834735853,-65.37311401,stop,"VWAP sapma-dönüş (kaynak kuralları): kümülatif VWAP=5.11146 (300 bar), σ=0.094476; bu bar -4.16σ ile bandın dışında kapandı ve kapanış long yönünde döndü; stop 2.5×0.5σ (4.6099), hedef VWAP mesafesinin %75'i (5.0156); yönetim: breakeven 1R, kısmi %50 @ 1.5R, takip geri verme %50 | arm=vwap_revert_src | combo=band2_tp1 | combo_r=0.3769 | combo_n=22 | pick=exploit",
vwap_clone,LINK-USDT-SWAP,short,2026-09-29T01:30:00+00:00,2026-09-29T03:00:00+00:00,15.2273825,14.92830246,78.21553138,1191.017814,15.43174281,15.98415,10,119.1017814,1.297253608,1.179327605,0,22.09545059,partial,"VWAP sapma-dönüş (kaynak kuralları): kümülatif VWAP=14.4891 (300 bar), σ=0.158194; bu bar +5.00σ ile bandın dışında kapandı ve kapanış short yönünde döndü; stop 2.5×0.5σ (15.4317), hedef VWAP mesafesinin %100'i (14.4891); yönetim: breakeven 1R, kısmi %50 @ 1.5R, takip geri verme %50 | arm=vwap_revert_src | combo=band2_tp2 | combo_r=0.05754 | combo_n=4 | pick=exploit",
vwap_clone,LINK-USDT-SWAP,short,2026-09-29T01:30:00+00:00,2026-09-29T03:15:00+00:00,15.2273825,14.9432233,78.21553138,1191.017814,15.43174281,15.98415,10,119.1017814,1.297895481,2.346369194,0,20.92776713,stop,"VWAP sapma-dönüş (kaynak kuralları): kümülatif VWAP=14.4891 (300 bar), σ=0.158194; bu bar +5.00σ ile bandın dışında kapandı ve kapanış short yönünde döndü; stop 2.5×0.5σ (15.4317), hedef VWAP mesafesinin %100'i (14.4891); yönetim: breakeven 1R, kısmi %50 @ 1.5R, takip geri verme %50 | arm=vwap_revert_src | combo=band2_tp2 | combo_r=0.05754 | combo_n=4 | pick=exploit",exit_rule=partial
vwap_clone,BTC-USDT-SWAP,long,2026-09-29T01:45:00+00:00,2026-09-29T05:30:00+00:00,82962.36045,82920.87927,0.02868644246,2379.894979,82654.17853,8.840642791,10,237.9894979,2.617230006,2.379300303,0,-3.807177496,stop,"VWAP sapma-dönüş (kaynak kuralları): kümülatif VWAP=83817.7 (300 bar), σ=213.377; bu bar -4.44σ ile bandın dışında kapandı ve kapanış long yönünde döndü; stop 2.5×0.5σ (82654.2), hedef VWAP mesafesinin %50'i (83369.3); yönetim: breakeven 1R, kısmi %50 @ 1.5R, takip geri verme %50 | arm=vwap_revert_src | combo=band2_tp0 | combo_r=-0.3028 | combo_n=6 | pick=exploit",exit_rule=breakeven
vwap_clone,XRP-USDT-SWAP,long,2026-09-29T02:45:00+00:00,2026-09-29T05:30:00+00:00,1.4769381,1.476199631,1613.666376,2383.285352,1.464384119,20.25793671,10,238.3285352,2.620958483,2.382689828,0,-3.812601159,stop,"VWAP sapma-dönüş (kaynak kuralları): kümülatif VWAP=1.51483 (300 bar), σ=0.0094527; bu bar -4.42σ ile bandın dışında kapandı ve kapanış long yönünde döndü; stop 2.5×0.5σ (1.46438), hedef VWAP mesafesinin %75'i (1.50517); yönetim: breakeven 1R, kısmi %50 @ 1.5R, takip geri verme %50 | arm=vwap_revert_src | combo=band2_tp1 | combo_r=0.3156 | combo_n=10 | pick=exploit",exit_rule=breakeven
vwap_clone,SOL-USDT-SWAP,long,2026-09-29T01:45:00+00:00,2026-09-29T05:45:00+00:00,116.91843,118.123219,10.17224501,1189.322916,116.0758432,8.570998949,10,118.9322916,1.314995682,1.195453983,0,10.94041303,partial,"VWAP sapma-dönüş (kaynak kuralları): kümülatif VWAP=120.646 (300 bar), σ=0.627325; bu bar -6.28σ ile bandın dışında kapandı ve kapanış long yönünde döndü; stop 2.5×0.5σ (116.076), hedef VWAP mesafesinin %50'i (118.753); yönetim: breakeven 1R, kısmi %50 @ 1.5R, takip geri verme %50 | arm=vwap_revert_src | combo=band2_tp0 | combo_r=0.08035 | combo_n=5 | pick=exploit",
vwap_clone,SOL-USDT-SWAP,long,2026-09-29T01:45:00+00:00,2026-09-29T06:00:00+00:00,116.91843,118.123219,10.17224501,1189.322916,116.0758432,8.570998949,10,118.9322916,1.314995682,1.195453983,0,10.94041303,stop,"VWAP sapma-dönüş (kaynak kuralları): kümülatif VWAP=120.646 (300 bar), σ=0.627325; bu bar -6.28σ ile bandın dışında kapandı ve kapanış long yönünde döndü; stop 2.5×0.5σ (116.076), hedef VWAP mesafesinin %50'i (118.753); yönetim: breakeven 1R, kısmi %50 @ 1.5R, takip geri verme %50 | arm=vwap_revert_src | combo=band2_tp0 | combo_r=0.08035 | combo_n=5 | pick=exploit",exit_rule=partial
vwap_clone,AVAX-USDT-SWAP,long,2026-09-29T05:45:00+00:00,2026-09-29T06:00:00+00:00,10.629312,10.7672119,112.8001146,1198.987612,10.53378787,10.77513334,10,119.8987612,1.327441692,1.206769365,0,14.22768317,partial,"VWAP sapma-dönüş (kaynak kuralları): kümülatif VWAP=10.7387 (300 bar), σ=0.0892121; bu bar -2.05σ ile bandın dışında kapandı ve kapanış long yönünde döndü; stop 2×0.5σ (10.5338), hedef VWAP mesafesinin %100'i (10.7387); yönetim: breakeven 1R, kısmi %50 @ 1.5R, takip geri verme %50 | arm=vwap_revert_src | combo=band1_tp2 | combo_r=0.2706 | combo_n=12 | pick=exploit",
vwap_clone,AVAX-USDT-SWAP,long,2026-09-29T05:45:00+00:00,2026-09-29T06:00:00+00:00,10.629312,10.73333548,112.8001146,1198.987612,10.53378787,10.77513334,10,119.8987612,1.325339996,1.204857777,0,10.40852036,tp,"VWAP sapma-dönüş (kaynak kuralları): kümülatif VWAP=10.7387 (300 bar), σ=0.0892121; bu bar -2.05σ ile bandın dışında kapandı ve kapanış long yönünde döndü; stop 2×0.5σ (10.5338), hedef VWAP mesafesinin %100'i (10.7387); yönetim: breakeven 1R, kısmi %50 @ 1.5R, takip geri verme %50 | arm=vwap_revert_src | combo=band1_tp2 | combo_r=0.2706 | combo_n=12 | pick=exploit",
vwap_clone,BTC-USDT-SWAP,long,2026-09-29T06:00:00+00:00,2026-09-29T06:00:00+00:00,83441.59995,83721.97121,0.0143757127,1199.532468,83226.76449,3.0884128,10,119.9532468,1.32170251,1.201549045,0,2.708834146,partial,"VWAP sapma-dönüş (kaynak kuralları): kümülatif VWAP=83776.5 (300 bar), σ=138.508; bu bar -3.25σ ile bandın dışında kapandı ve kapanış long yönünde döndü; stop 2.5×0.5σ (83226.8), hedef VWAP mesafesinin %50'i (83588.2); yönetim: breakeven 1R, kısmi %50 @ 1.5R, takip geri verme %50 | arm=vwap_revert_src | combo=band2_tp0 | combo_r=-0.321 | combo_n=7 | pick=exploit",
vwap_clone,BTC-USDT-SWAP,long,2026-09-29T06:00:00+00:00,2026-09-29T06:00:00+00:00,83441.59995,83546.41359,0.0143757127,1199.532468,83226.76449,3.0884128,10,119.9532468,1.320314439,1.20028653,0,0.1864563796,tp,"VWAP sapma-dönüş (kaynak kuralları): kümülatif VWAP=83776.5 (300 bar), σ=138.508; bu bar -3.25σ ile bandın dışında kapandı ve kapanış long yönünde döndü; stop 2.5×0.5σ (83226.8), hedef VWAP mesafesinin %50'i (83588.2); yönetim: breakeven 1R, kısmi %50 @ 1.5R, takip geri verme %50 | arm=vwap_revert_src | combo=band2_tp0 | combo_r=-0.321 | combo_n=7 | pick=exploit",
vwap_clone,ADA-USDT-SWAP,long,2026-09-29T06:15:00+00:00,2026-09-29T06:15:00+00:00,0.24782385,0.2463628855,9729.179971,2411.122838,0.2464861285,13.01493295,10,241.1122838,2.644417429,2.404012892,0,-16.85840433,stop,"VWAP sapma-dönüş (kaynak kuralları): kümülatif VWAP=0.250605 (300 bar), σ=0.0016185; bu bar -2.39σ ile bandın dışında kapandı ve kapanış long yönünde döndü; stop 1.5×0.5σ (0.246486), hedef VWAP mesafesinin %75'i (0.249879); yönetim: breakeven 1R, kısmi %50 @ 1.5R, takip geri verme %50 | arm=vwap_revert_src | combo=band0_tp1 | combo_r=-0.4239 | combo_n=5 | pick=explore",
vwap_clone,BNB-USDT-SWAP,long,2026-09-29T06:15:00+00:00,2026-09-29T06:45:00+00:00,762.5811,765.2839534,1.581726219,1206.19452,760.5239755,3.253807815,10,120.619452,1.329165318,1.208333478,0,2.946008789,partial,"VWAP sapma-dönüş (kaynak kuralları): kümülatif VWAP=768.703 (300 bar), σ=1.67602; bu bar -4.54σ ile bandın dışında kapandı ve kapanış long yönünde döndü; stop 2×0.5σ (760.524), hedef VWAP mesafesinin %50'i (765.451); yönetim: breakeven 1R, kısmi %50 @ 1.5R, takip geri verme %50 | arm=vwap_revert_src | combo=band1_tp0 | combo_r=-0.1983 | combo_n=3 | pick=exploit",
vwap_clone,BNB-USDT-SWAP,long,2026-09-29T06:15:00+00:00,2026-09-29T06:45:00+00:00,762.5811,765.0685656,1.581726219,1206.19452,760.5239755,3.253807815,10,120.619452,1.328977941,1.208163051,0,2.605511543,tp,"VWAP sapma-dönüş (kaynak kuralları): kümülatif VWAP=768.703 (300 bar), σ=1.67602; bu bar -4.54σ ile bandın dışında kapandı ve kapanış long yönünde döndü; stop 2×0.5σ (760.524), hedef VWAP mesafesinin %50'i (765.451); yönetim: breakeven 1R, kısmi %50 @ 1.5R, takip geri verme %50 | arm=vwap_revert_src | combo=band1_tp0 | combo_r=-0.1983 | combo_n=3 | pick=exploit",
vwap_clone,LINK-USDT-SWAP,short,2026-09-29T07:00:00+00:00,2026-09-29T07:00:00+00:00,14.97251,15.17703027,161.2193622,2413.858513,15.15429882,29.30787812,10,241.3858513,2.67337931,4.87228261,0,-35.64600701,stop,"VWAP sapma-dönüş (kaynak kuralları): kümülatif VWAP=14.5541 (300 bar), σ=0.139439; bu bar +3.16σ ile bandın dışında kapandı ve kapanış short yönünde döndü; stop 2.5×0.5σ (15.1543), hedef VWAP mesafesinin %100'i (14.5541); yönetim: breakeven 1R, kısmi %50 @ 1.5R, takip geri verme %50 | arm=vwap_revert_src | combo=band2_tp2 | combo_r=0.487 | combo_n=6 | pick=exploit",
vwap_clone,SOL-USDT-SWAP,long,2026-09-29T06:15:00+00:00,2026-09-29T07:30:00+00:00,119.129535,119.6860497,20.26076832,2413.655908,118.3315201,16.16839424,10,241.3655908,2.661222978,2.41929704,0,8.614192297,tp,"VWAP sapma-dönüş (kaynak kuralları): kümülatif VWAP=120.422 (300 bar), σ=0.590784; bu bar -2.80σ ile bandın dışında kapandı ve kapanış long yönünde döndü; stop 2.5×0.5σ (118.332), hedef VWAP mesafesinin %50'i (119.746); yönetim: breakeven 1R, kısmi %50 @ 1.5R, takip geri verme %50 | arm=vwap_revert_src | combo=band2_tp0 | combo_r=0.4221 | combo_n=7 | pick=exploit",
vwap_clone,PENGU-USDT-SWAP,long,2026-09-29T06:45:00+00:00,2026-09-29T08:00:00+00:00,0.0093856905,0.009604846444,128008.778,1201.450771,0.00923638332,19.11262965,10,120.1450771,1.337025485,1.215485031,-0.0613226051,26.65553653,partial,"VWAP sapma-dönüş (kaynak kuralları): kümülatif VWAP=0.00992749 (300 bar), σ=0.000116493; bu bar -4.71σ ile bandın dışında kapandı ve kapanış long yönünde döndü; stop 2.5×0.5σ (0.00923638), hedef VWAP mesafesinin %75'i (0.00979112); yönetim: breakeven 1R, kısmi %50 @ 1.5R, takip geri verme %50 | arm=vwap_revert_src | combo=band2_tp1 | combo_r=0.441 | combo_n=12 | pick=exploit",
vwap_clone,PENGU-USDT-SWAP,long,2026-09-29T06:45:00+00:00,2026-09-29T08:15:00+00:00,0.0093856905,0.009581207,128008.778,1201.450771,0.00923638332,19.11262965,10,120.1450771,1.335361154,1.213971246,-0.0613226051,23.63114448,stop,"VWAP sapma-dönüş (kaynak kuralları): kümülatif VWAP=0.00992749 (300 bar), σ=0.000116493; bu bar -4.71σ ile bandın dışında kapandı ve kapanış long yönünde döndü; stop 2.5×0.5σ (0.00923638), hedef VWAP mesafesinin %75'i (0.00979112); yönetim: breakeven 1R, kısmi %50 @ 1.5R, takip geri verme %50 | arm=vwap_revert_src | combo=band2_tp1 | combo_r=0.441 | combo_n=12 | pick=exploit",exit_rule=partial
vwap_clone,NEAR-USDT-SWAP,long,2026-09-29T07:00:00+00:00,2026-09-29T08:15:00+00:00,4.738368,4.832322192,254.5803677,1206.295468,4.674120292,16.35620501,10,120.6295468,1.340080405,1.218261198,0.1131740019,22.69198622,partial,"VWAP sapma-dönüş (kaynak kuralları): kümülatif VWAP=5.07771 (300 bar), σ=0.0495038; bu bar -7.17σ ile bandın dışında kapandı ve kapanış long yönünde döndü; stop 2.5×0.5σ (4.67412), hedef VWAP mesafesinin %75'i (4.99228); yönetim: breakeven 1R, kısmi %50 @ 1.5R, takip geri verme %50 | arm=vwap_revert_src | combo=band2_tp1 | combo_r=0.3143 | combo_n=23 | pick=exploit",
vwap_clone,NEAR-USDT-SWAP,long,2026-09-29T07:00:00+00:00,2026-09-29T08:30:00+00:00,4.738368,4.7966005,254.5803677,1206.295468,4.674120292,16.35620501,10,120.6295468,1.335078683,1.213711903,0.1131740019,13.60294658,stop,"VWAP sapma-dönüş (kaynak kuralları): kümülatif VWAP=5.07771 (300 bar), σ=0.0495038; bu bar -7.17σ ile bandın dışında kapandı ve kapanış long yönünde döndü; stop 2.5×0.5σ (4.67412), hedef VWAP mesafesinin %75'i (4.99228); yönetim: breakeven 1R, kısmi %50 @ 1.5R, takip geri verme %50 | arm=vwap_revert_src | combo=band2_tp1 | combo_r=0.3143 | combo_n=23 | pick=exploit",exit_rule=partial
vwap_clone,LINK-USDT-SWAP,short,2026-09-29T08:00:00+00:00,2026-09-29T09:30:00+00:00,15.190401,15.40972678,159.3215635,2420.158438,15.3866468,31.26618846,10,242.0158438,2.68139311,4.8878215,0,-37.62471851,stop,"VWAP sapma-dönüş (kaynak kuralları): kümülatif VWAP=14.5694 (300 bar), σ=0.150917; bu bar +4.19σ ile bandın dışında kapandı ve kapanış short yönünde döndü; stop 2.5×0.5σ (15.3866), hedef VWAP mesafesinin %100'i (14.5694); yönetim: breakeven 1R, kısmi %50 @ 1.5R, takip geri verme %50 | arm=vwap_revert_src | combo=band2_tp2 | combo_r=0.2436 | combo_n=7 | pick=exploit",
vwap_clone,ETH-USDT-SWAP,short,2026-09-29T10:30:00+00:00,2026-09-29T11:30:00+00:00,2712.473085,2732.182604,0.8932952191,2423.039239,2728.090468,13.95093354,10,242.3039239,2.675026693,4.86761094,0,-20.28144549,stop,"VWAP sapma-dönüş (kaynak kuralları): kümülatif VWAP=2682.64 (300 bar), σ=14.2505; bu bar +2.17σ ile bandın dışında kapandı ve kapanış short yönünde döndü; stop 2×0.5σ (2728.09), hedef VWAP mesafesinin %100'i (2682.64); yönetim: breakeven 1R, kısmi %50 @ 1.5R, takip geri verme %50 | arm=vwap_revert_src | combo=band1_tp2 | combo_r=-0.3804 | combo_n=63 | pick=explore",
vwap_clone,SOL-USDT-SWAP,long,2026-09-29T11:00:00+00:00,2026-09-29T11:30:00+00:00,119.43969,119.7991672,20.23538821,2416.908494,118.9743618,9.416097461,10,241.6908494,2.662600132,2.420547998,0,4.611559646,tp,"VWAP sapma-dönüş (kaynak kuralları): kümülatif VWAP=120.348 (300 bar), σ=0.316511; bu bar -3.12σ ile bandın dışında kapandı ve kapanış long yönünde döndü; stop 2.5×0.5σ (118.974), hedef VWAP mesafesinin %50'i (119.859); yönetim: breakeven 1R, kısmi %50 @ 1.5R, takip geri verme %50 | arm=vwap_revert_src | combo=band2_tp0 | combo_r=0.4359 | combo_n=8 | pick=explore",
vwap_clone,NEAR-USDT-SWAP,long,2026-09-29T09:00:00+00:00,2026-09-29T11:45:00+00:00,4.7673825,4.865187004,254.7121049,1214.310031,4.700556957,17.02127466,10,121.4310031,1.349442629,1.226772561,0,23.5625484,partial,"VWAP sapma-dönüş (kaynak kuralları): kümülatif VWAP=5.07065 (300 bar), σ=0.0523544; bu bar -5.96σ ile bandın dışında kapandı ve kapanış long yönünde döndü; stop 2.5×0.5σ (4.70056), hedef VWAP mesafesinin %75'i (4.99448); yönetim: breakeven 1R, kısmi %50 @ 1.5R, takip geri verme %50 | arm=vwap_revert_src | combo=band2_tp1 | combo_r=0.3779 | combo_n=25 | pick=exploit",
vwap_clone,AVAX-USDT-SWAP,short,2026-09-29T10:45:00+00:00,2026-09-29T11:45:00+00:00,11.510242,11.80754304,210.0197804,2417.378497,11.78985825,58.72494403,10,241.7378497,2.693457852,4.923449058,0,-65.13255704,stop,"VWAP sapma-dönüş (kaynak kuralları): kümülatif VWAP=10.8347 (300 bar), σ=0.272858; bu bar +2.63σ ile bandın dışında kapandı ve kapanış short yönünde döndü; stop 2×0.5σ (11.7899), hedef VWAP mesafesinin %100'i (10.8347); yönetim: breakeven 1R, kısmi %50 @ 1.5R, takip geri verme %50 | arm=vwap_revert_src | combo=band1_tp2 | combo_r=0.3952 | combo_n=14 | pick=exploit",
vwap_clone,SOL-USDT-SWAP,long,2026-09-29T11:45:00+00:00,2026-09-29T11:45:00+00:00,119.789865,120.2928908,10.07236948,1206.56778,119.4143968,3.781854929,10,120.656778,1.330011222,1.20910268,0,3.73665089,partial,"VWAP sapma-dönüş (kaynak kuralları): kümülatif VWAP=120.339 (300 bar), σ=0.252483; bu bar -2.80σ ile bandın dışında kapandı ve kapanış long yönünde döndü; stop 2.5×0.5σ (119.414), hedef VWAP mesafesinin %50'i (120.035); yönetim: breakeven 1R, kısmi %50 @ 1.5R, takip geri verme %50 | arm=vwap_revert_src | combo=band2_tp0 | combo_r=0.4419 | combo_n=9 | pick=exploit",
vwap_clone,SOL-USDT-SWAP,long,2026-09-29T11:45:00+00:00,2026-09-29T11:45:00+00:00,119.789865,119.9746478,10.07236948,1206.56778,119.4143968,3.781854929,10,120.656778,1.328248219,1.207499148,0,0.5329528168,tp,"VWAP sapma-dönüş (kaynak kuralları): kümülatif VWAP=120.339 (300 bar), σ=0.252483; bu bar -2.80σ ile bandın dışında kapandı ve kapanış long yönünde döndü; stop 2.5×0.5σ (119.414), hedef VWAP mesafesinin %50'i (120.035); yönetim: breakeven 1R, kısmi %50 @ 1.5R, takip geri verme %50 | arm=vwap_revert_src | combo=band2_tp0 | combo_r=0.4419 | combo_n=9 | pick=exploit",
vwap_clone,BNB-USDT-SWAP,long,2026-09-29T11:45:00+00:00,2026-09-29T11:45:00+00:00,765.68265,766.2910609,3.149959015,2411.868966,763.8328522,5.826787143,10,241.1868966,2.654109921,2.412828283,0,-0.7376403866,tp,"VWAP sapma-dönüş (kaynak kuralları): kümülatif VWAP=768.149 (300 bar), σ=1.36715; bu bar -2.35σ ile bandın dışında kapandı ve kapanış long yönünde döndü; stop 2×0.5σ (763.833), hedef VWAP mesafesinin %50'i (766.674); yönetim: breakeven 1R, kısmi %50 @ 1.5R, takip geri verme %50 | arm=vwap_revert_src | combo=band1_tp0 | combo_r=0.2222 | combo_n=5 | pick=exploit",
vwap_clone,NEAR-USDT-SWAP,long,2026-09-29T09:00:00+00:00,2026-09-29T12:00:00+00:00,4.7673825,4.865187004,254.7121049,1214.310031,4.700556957,17.02127466,10,121.4310031,1.349442629,1.226772561,0,23.5625484,stop,"VWAP sapma-dönüş (kaynak kuralları): kümülatif VWAP=5.07065 (300 bar), σ=0.0523544; bu bar -5.96σ ile bandın dışında kapandı ve kapanış long yönünde döndü; stop 2.5×0.5σ (4.70056), hedef VWAP mesafesinin %75'i (4.99448); yönetim: breakeven 1R, kısmi %50 @ 1.5R, takip geri verme %50 | arm=vwap_revert_src | combo=band2_tp1 | combo_r=0.3779 | combo_n=25 | pick=exploit",exit_rule=partial
vwap_clone,ETH-USDT-SWAP,short,2026-09-29T12:15:00+00:00,2026-09-29T12:15:00+00:00,2729.344645,2743.467272,0.8818758855,2406.943226,2739.358235,8.830743534,10,240.6943226,2.654487471,4.827734603,0,-15.10889196,stop,"VWAP sapma-dönüş (kaynak kuralları): kümülatif VWAP=2683.97 (300 bar), σ=6.91859; bu bar +6.73σ ile bandın dışında kapandı ve kapanış short yönünde döndü; stop 2.5×0.5σ (2739.36), hedef VWAP mesafesinin %75'i (2695.66); yönetim: breakeven 1R, kısmi %50 @ 1.5R, takip geri verme %50 | arm=vwap_revert_src | combo=band2_tp1 | combo_r=-0.1039 | combo_n=37 | pick=exploit",
vwap_clone,BNB-USDT-SWAP,long,2026-09-29T12:45:00+00:00,2026-09-29T12:45:00+00:00,766.1829,764.4571069,3.135665833,2402.493541,764.8395267,4.212369749,10,240.2493541,2.639766565,2.399787033,0,-8.051276899,stop,"VWAP sapma-dönüş (kaynak kuralları): kümülatif VWAP=768.074 (300 bar), σ=1.06047; bu bar -2.36σ ile bandın dışında kapandı ve kapanış long yönünde döndü; stop 2×0.5σ (764.84), hedef VWAP mesafesinin %50'i (766.987); yönetim: breakeven 1R, kısmi %50 @ 1.5R, takip geri verme %50 | arm=vwap_revert_src | combo=band1_tp0 | combo_r=0.1641 | combo_n=6 | pick=exploit",
vwap_clone,BTC-USDT-SWAP,short,2026-09-29T12:15:00+00:00,2026-09-29T13:15:00+00:00,84241.55815,84597.91821,0.02858693368,2408.207836,84471.21139,6.565081918,10,240.8207836,2.654631602,4.826865648,0,-12.8418729,stop,"VWAP sapma-dönüş (kaynak kuralları): kümülatif VWAP=83791.4 (300 bar), σ=149.929; bu bar +3.45σ ile bandın dışında kapandı ve kapanış short yönünde döndü; stop 2.5×0.5σ (84471.2), hedef VWAP mesafesinin %50'i (84037.6); yönetim: breakeven 1R, kısmi %50 @ 1.5R, takip geri verme %50 | arm=vwap_revert_src | combo=band2_tp0 | combo_r=-0.1455 | combo_n=9 | pick=exploit",
vwap_clone,BNB-USDT-SWAP,long,2026-09-29T13:15:00+00:00,2026-09-29T13:30:00+00:00,765.68265,763.9493254,3.141910723,2405.706528,764.3314912,4.245220368,10,240.5706528,2.643281908,2.402982792,0,-8.08923293,stop,"VWAP sapma-dönüş (kaynak kuralları): kümülatif VWAP=768.047 (300 bar), σ=1.06851; bu bar -2.70σ ile bandın dışında kapandı ve kapanış long yönünde döndü; stop 2×0.5σ (764.331), hedef VWAP mesafesinin %50'i (766.724); yönetim: breakeven 1R, kısmi %50 @ 1.5R, takip geri verme %50 | arm=vwap_revert_src | combo=band1_tp0 | combo_r=-0.1324 | combo_n=7 | pick=exploit",
vwap_clone,BTC-USDT-SWAP,short,2026-09-29T13:30:00+00:00,2026-09-29T13:30:00+00:00,84268.6446,84097.03886,0.02845325792,2397.717479,84545.69514,7.882990563,10,239.7717479,2.634803719,2.395277928,0,2.247938689,tp,"VWAP sapma-dönüş (kaynak kuralları): kümülatif VWAP=83799.3 (300 bar), σ=187.996; bu bar +3.11σ ile bandın dışında kapandı ve kapanış short yönünde döndü; stop 2.5×0.5σ (84545.7), hedef VWAP mesafesinin %50'i (84055); yönetim: breakeven 1R, kısmi %50 @ 1.5R, takip geri verme %50 | arm=vwap_revert_src | combo=band2_tp0 | combo_r=-0.3266 | combo_n=10 | pick=exploit",
vwap_clone,NEAR-USDT-SWAP,long,2026-09-29T13:30:00+00:00,2026-09-29T13:45:00+00:00,4.8594285,4.958194548,246.5782116,1198.229189,4.79193091,16.64343506,10,119.8229189,1.331446563,1.210412358,0,23.02210886,partial,"VWAP sapma-dönüş (kaynak kuralları): kümülatif VWAP=5.06794 (300 bar), σ=0.0512553; bu bar -4.38σ ile bandın dışında kapandı ve kapanış long yönünde döndü; stop 2.5×0.5σ (4.79193), hedef VWAP mesafesinin %75'i (5.01496); yönetim: breakeven 1R, kısmi %50 @ 1.5R, takip geri verme %50 | arm=vwap_revert_src | combo=band2_tp1 | combo_r=0.4525 | combo_n=27 | pick=exploit",
vwap_clone,NEAR-USDT-SWAP,long,2026-09-29T13:30:00+00:00,2026-09-29T13:45:00+00:00,4.8594285,5.012450542,246.5782116,1198.229189,4.79193091,16.64343506,10,119.8229189,1.338804654,1.217104877,0,36.39309689,tp,"VWAP sapma-dönüş (kaynak kuralları): kümülatif VWAP=5.06794 (300 bar), σ=0.0512553; bu bar -4.38σ ile bandın dışında kapandı ve kapanış long yönünde döndü; stop 2.5×0.5σ (4.79193), hedef VWAP mesafesinin %75'i (5.01496); yönetim: breakeven 1R, kısmi %50 @ 1.5R, takip geri verme %50 | arm=vwap_revert_src | combo=band2_tp1 | combo_r=0.4525 | combo_n=27 | pick=exploit",
vwap_clone,ETH-USDT-SWAP,short,2026-09-29T13:45:00+00:00,2026-09-29T13:45:00+00:00,2723.287675,2736.731444,0.8865311717,2414.279413,2732.632495,8.284474284,10,241.4279413,2.662262431,4.84158941,0,-14.58058255,stop,"VWAP sapma-dönüş (kaynak kuralları): kümülatif VWAP=2686.17 (300 bar), σ=10.6433; bu bar +3.81σ ile bandın dışında kapandı ve kapanış short yönünde döndü; stop 1.5×0.5σ (2732.63), hedef VWAP mesafesinin %100'i (2686.17); yönetim: breakeven 1R, kısmi %50 @ 1.5R, takip geri verme %50 | arm=vwap_revert_src | combo=band0_tp2 | combo_r=-0.3411 | combo_n=3 | pick=explore",
vwap_clone,LINK-USDT-SWAP,short,2026-09-29T10:30:00+00:00,2026-09-29T14:00:00+00:00,15.3873025,15.09023385,78.69367747,1210.88342,15.59037583,15.980587,10,121.088342,1.319114179,1.199200852,0,22.05831005,partial,"VWAP sapma-dönüş (kaynak kuralları): kümülatif VWAP=14.6101 (300 bar), σ=0.195376; bu bar +4.18σ ile bandın dışında kapandı ve kapanış short yönünde döndü; stop 2×0.5σ (15.5904), hedef VWAP mesafesinin %75'i (14.8063); yönetim: breakeven 1R, kısmi %50 @ 1.5R, takip geri verme %50 | arm=vwap_revert_src | combo=band1_tp1 | combo_r=-0.2368 | combo_n=69 | pick=explore",
vwap_clone,AVAX-USDT-SWAP,short,2026-09-29T12:30:00+00:00,2026-09-29T14:00:00+00:00,11.772111,11.54450517,101.7668768,1198.01097,11.92769447,15.83324368,10,119.801097,1.305072563,1.18643569,0,21.85766241,partial,"VWAP sapma-dönüş (kaynak kuralları): kümülatif VWAP=10.8811 (300 bar), σ=0.149694; bu bar +6.34σ ile bandın dışında kapandı ve kapanış short yönünde döndü; stop 2×0.5σ (11.9277), hedef VWAP mesafesinin %100'i (10.8811); yönetim: breakeven 1R, kısmi %50 @ 1.5R, takip geri verme %50 | arm=vwap_revert_src | combo=band1_tp2 | combo_r=0.295 | combo_n=15 | pick=exploit",
vwap_clone,BNB-USDT-SWAP,long,2026-09-29T14:00:00+00:00,2026-09-29T14:00:00+00:00,764.7822,762.755324,3.189657676,2439.393415,763.1368924,5.247967996,10,243.9393415,2.679776984,2.436159887,0,-9.144817704,stop,"VWAP sapma-dönüş (kaynak kuralları): kümülatif VWAP=767.997 (300 bar), σ=1.01049; bu bar -3.43σ ile bandın dışında kapandı ve kapanış long yönünde döndü; stop 2.5×0.5σ (763.137), hedef VWAP mesafesinin %50'i (766.198); yönetim: breakeven 1R, kısmi %50 @ 1.5R, takip geri verme %50 | arm=vwap_revert_src | combo=band2_tp0 | combo_r=-0.1972 | combo_n=44 | pick=exploit",
vwap_clone,LINK-USDT-SWAP,short,2026-09-29T10:30:00+00:00,2026-09-29T14:15:00+00:00,15.3873025,15.10531655,78.69367747,1210.88342,15.59037583,15.980587,10,121.088342,1.319766981,2.386113392,0,20.87074471,stop,"VWAP sapma-dönüş (kaynak kuralları): kümülatif VWAP=14.6101 (300 bar), σ=0.195376; bu bar +4.18σ ile bandın dışında kapandı ve kapanış short yönünde döndü; stop 2×0.5σ (15.5904), hedef VWAP mesafesinin %75'i (14.8063); yönetim: breakeven 1R, kısmi %50 @ 1.5R, takip geri verme %50 | arm=vwap_revert_src | combo=band1_tp1 | combo_r=-0.2368 | combo_n=69 | pick=explore",exit_rule=partial
vwap_clone,AVAX-USDT-SWAP,short,2026-09-29T12:30:00+00:00,2026-09-29T14:15:00+00:00,11.772111,11.5683265,101.7668768,1198.01097,11.92769447,15.83324368,10,119.801097,1.306405886,2.362568929,0,19.43210623,stop,"VWAP sapma-dönüş (kaynak kuralları): kümülatif VWAP=10.8811 (300 bar), σ=0.149694; bu bar +6.34σ ile bandın dışında kapandı ve kapanış short yönünde döndü; stop 2×0.5σ (11.9277), hedef VWAP mesafesinin %100'i (10.8811); yönetim: breakeven 1R, kısmi %50 @ 1.5R, takip geri verme %50 | arm=vwap_revert_src | combo=band1_tp2 | combo_r=0.295 | combo_n=15 | pick=exploit",exit_rule=partial
vwap_clone,BNB-USDT-SWAP,long,2026-09-29T14:30:00+00:00,2026-09-29T14:30:00+00:00,763.7817,762.3465587,3.197426469,2442.135824,762.7279226,3.369375639,10,244.2135824,2.683825589,2.439840907,0,-7.272584452,stop,"VWAP sapma-dönüş (kaynak kuralları): kümülatif VWAP=767.952 (300 bar), σ=1.02944; bu bar -4.91σ ile bandın dışında kapandı ve kapanış long yönünde döndü; stop 1.5×0.5σ (762.728), hedef VWAP mesafesinin %75'i (766.839); yönetim: breakeven 1R, kısmi %50 @ 1.5R, takip geri verme %50 | arm=vwap_revert_src | combo=band0_tp1 | combo_r=-0.2492 | combo_n=11 | pick=exploit",
vwap_clone,BNB-USDT-SWAP,long,2026-09-29T14:45:00+00:00,2026-09-29T14:45:00+00:00,764.7822,762.9133169,3.189036826,2438.9186,763.2949644,4.742849125,10,243.89186,2.679532494,2.43593775,0,-8.639469495,stop,"VWAP sapma-dönüş (kaynak kuralları): kümülatif VWAP=767.917 (300 bar), σ=1.00504; bu bar -3.86σ ile bandın dışında kapandı ve kapanış long yönünde döndü; stop 2×0.5σ (763.295), hedef VWAP mesafesinin %50'i (766.108); yönetim: breakeven 1R, kısmi %50 @ 1.5R, takip geri verme %50 | arm=vwap_revert_src | combo=band1_tp0 | combo_r=-0.354 | combo_n=8 | pick=exploit",
vwap_clone,ETH-USDT-SWAP,short,2026-09-29T14:15:00+00:00,2026-09-29T15:00:00+00:00,2714.8419,2696.031511,0.4506106068,1223.336556,2728.280387,6.055524831,10,122.3336556,1.341008323,1.2191009,0,7.135152288,partial,"VWAP sapma-dönüş (kaynak kuralları): kümülatif VWAP=2686.68 (300 bar), σ=9.66431; bu bar +3.49σ ile bandın dışında kapandı ve kapanış short yönünde döndü; stop 2.5×0.5σ (2728.28), hedef VWAP mesafesinin %100'i (2686.68); yönetim: breakeven 1R, kısmi %50 @ 1.5R, takip geri verme %50 | arm=vwap_revert_src | combo=band2_tp2 | combo_r=-0.2618 | combo_n=16 | pick=explore",
vwap_clone,AVAX-USDT-SWAP,short,2026-09-29T14:45:00+00:00,2026-09-29T15:00:00+00:00,11.6031955,11.4502991,105.0416875,1218.819236,11.70894129,11.10771641,10,121.8819236,1.331867887,1.210793306,0,14.7286279,partial,"VWAP sapma-dönüş (kaynak kuralları): kümülatif VWAP=10.9233 (300 bar), σ=0.100941; bu bar +7.07σ ile bandın dışında kapandı ve kapanış short yönünde döndü; stop 2×0.5σ (11.7089), hedef VWAP mesafesinin %75'i (11.0945); yönetim: breakeven 1R, kısmi %50 @ 1.5R, takip geri verme %50 | arm=vwap_revert_src | combo=band1_tp1 | combo_r=-0.1923 | combo_n=71 | pick=explore",
vwap_clone,ETH-USDT-SWAP,short,2026-09-29T14:15:00+00:00,2026-09-29T15:15:00+00:00,2714.8419,2698.726196,0.4506106068,1223.336556,2728.280387,6.055524831,10,122.3336556,1.341676163,2.433354168,0,5.92023118,stop,"VWAP sapma-dönüş (kaynak kuralları): kümülatif VWAP=2686.68 (300 bar), σ=9.66431; bu bar +3.49σ ile bandın dışında kapandı ve kapanış short yönünde döndü; stop 2.5×0.5σ (2728.28), hedef VWAP mesafesinin %100'i (2686.68); yönetim: breakeven 1R, kısmi %50 @ 1.5R, takip geri verme %50 | arm=vwap_revert_src | combo=band2_tp2 | combo_r=-0.2618 | combo_n=16 | pick=explore",exit_rule=partial
vwap_clone,ETHFI-USDT-SWAP,short,2026-09-29T15:00:00+00:00,2026-09-29T15:15:00+00:00,0.8049973,0.773469063,1519.493248,1223.187962,0.8262738189,32.32952676,10,122.3187962,1.31915794,1.199246767,0,46.58778536,partial,"VWAP sapma-dönüş (kaynak kuralları): kümülatif VWAP=0.72381 (300 bar), σ=0.0166991; bu bar +5.16σ ile bandın dışında kapandı ve kapanış short yönünde döndü; stop 2.5×0.5σ (0.826274), hedef VWAP mesafesinin %50'i (0.764605); yönetim: breakeven 1R, kısmi %50 @ 1.5R, takip geri verme %50 | arm=vwap_revert_src | combo=band2_tp0 | combo_r=-0.2315 | combo_n=45 | pick=explore",
vwap_clone,ETHFI-USDT-SWAP,short,2026-09-29T15:00:00+00:00,2026-09-29T15:30:00+00:00,0.8049973,0.7742421455,1519.493248,1223.187962,0.8262738189,32.32952676,10,122.3187962,1.319804021,2.373940439,0,45.41244561,stop,"VWAP sapma-dönüş (kaynak kuralları): kümülatif VWAP=0.72381 (300 bar), σ=0.0166991; bu bar +5.16σ ile bandın dışında kapandı ve kapanış short yönünde döndü; stop 2.5×0.5σ (0.826274), hedef VWAP mesafesinin %50'i (0.764605); yönetim: breakeven 1R, kısmi %50 @ 1.5R, takip geri verme %50 | arm=vwap_revert_src | combo=band2_tp0 | combo_r=-0.2315 | combo_n=45 | pick=explore",exit_rule=partial
vwap_clone,ADA-USDT-SWAP,long,2026-09-29T15:45:00+00:00,2026-09-29T15:45:00+00:00,0.24562275,0.2437093949,10220.94703,2510.497117,0.2438313106,18.31020756,10,251.0497117,2.750790863,2.500714702,0,-22.30709188,stop,"VWAP sapma-dönüş (kaynak kuralları): kümülatif VWAP=0.250157 (300 bar), σ=0.00222492; bu bar -2.15σ ile bandın dışında kapandı ve kapanış long yönünde döndü; stop 1.5×0.5σ (0.243831), hedef VWAP mesafesinin %100'i (0.250157); yönetim: breakeven 1R, kısmi %50 @ 1.5R, takip geri verme %50 | arm=vwap_revert_src | combo=band0_tp2 | combo_r=-0.659 | combo_n=37 | pick=explore",
vwap_clone,AVAX-USDT-SWAP,short,2026-09-29T14:45:00+00:00,2026-09-29T16:30:00+00:00,11.6031955,11.10003605,105.0416875,1218.819236,11.70894129,11.10771641,10,121.8819236,1.311632165,1.192406389,0.1177202192,51.65880548,tp,"VWAP sapma-dönüş (kaynak kuralları): kümülatif VWAP=10.9233 (300 bar), σ=0.100941; bu bar +7.07σ ile bandın dışında kapandı ve kapanış short yönünde döndü; stop 2×0.5σ (11.7089), hedef VWAP mesafesinin %75'i (11.0945); yönetim: breakeven 1R, kısmi %50 @ 1.5R, takip geri verme %50 | arm=vwap_revert_src | combo=band1_tp1 | combo_r=-0.1923 | combo_n=71 | pick=explore",
vwap_clone,BNB-USDT-SWAP,long,2026-09-29T15:45:00+00:00,2026-09-29T16:45:00+00:00,755.3775,751.5173026,3.325245332,2511.815506,751.8932493,11.58598852,10,251.1815506,2.7559372,2.505394872,-0.1641504373,-15.75619092,stop,"VWAP sapma-dönüş (kaynak kuralları): kümülatif VWAP=767.418 (300 bar), σ=3.00675; bu bar -4.23σ ile bandın dışında kapandı ve kapanış long yönünde döndü; stop 2×0.5σ (751.893), hedef VWAP mesafesinin %100'i (767.418); yönetim: breakeven 1R, kısmi %50 @ 1.5R, takip geri verme %50 | arm=vwap_revert_src | combo=band1_tp2 | combo_r=-0.357 | combo_n=67 | pick=exploit",
vwap_clone,ETHFI-USDT-SWAP,short,2026-09-29T16:15:00+00:00,2026-09-29T17:30:00+00:00,0.7818089,0.7551407188,3200.739832,2502.366887,0.8013031249,62.39594204,10,250.2366887,2.705656725,2.459709886,0,82.65225321,tp,"VWAP sapma-dönüş (kaynak kuralları): kümülatif VWAP=0.727127 (300 bar), σ=0.0151225; bu bar +3.74σ ile bandın dışında kapandı ve kapanış short yönünde döndü; stop 2.5×0.5σ (0.801303), hedef VWAP mesafesinin %50'i (0.754763); yönetim: breakeven 1R, kısmi %50 @ 1.5R, takip geri verme %50 | arm=vwap_revert_src | combo=band2_tp0 | combo_r=1.309 | combo_n=3 | pick=exploit",
vwap_clone,PENGU-USDT-SWAP,long,2026-09-29T17:00:00+00:00,2026-09-29T17:45:00+00:00,0.009648822,0.009551825002,260374.6334,2512.308491,0.009556603304,24.01140913,10,251.2308491,2.749648784,2.499675024,0,-28.00520646,stop,"VWAP sapma-dönüş (kaynak kuralları): kümülatif VWAP=0.00989317 (300 bar), σ=0.000115196; bu bar -2.23σ ile bandın dışında kapandı ve kapanış long yönünde döndü; stop 1.5×0.5σ (0.0095566), hedef VWAP mesafesinin %100'i (0.00989317); yönetim: breakeven 1R, kısmi %50 @ 1.5R, takip geri verme %50 | arm=vwap_revert_src | combo=band0_tp2 | combo_r=-0.6738 | combo_n=38 | pick=explore",
vwap_clone,PENGU-USDT-SWAP,long,2026-09-29T18:15:00+00:00,2026-09-29T18:15:00+00:00,0.0097398675,0.009806131267,259846.8115,2530.873515,0.009635134661,27.2144942,10,253.0873515,2.793431002,2.539487669,0,14.42499766,tp,"VWAP sapma-dönüş (kaynak kuralları): kümülatif VWAP=0.00988807 (300 bar), σ=0.00013182; bu bar -1.50σ ile bandın dışında kapandı ve kapanış long yönünde döndü; stop 1.5×0.5σ (0.00963513), hedef VWAP mesafesinin %50'i (0.00981104); yönetim: breakeven 1R, kısmi %50 @ 1.5R, takip geri verme %50 | arm=vwap_revert_src | combo=band0_tp0 | combo_r=-0.958 | combo_n=28 | pick=explore",
vwap_clone,SOL-USDT-SWAP,long,2026-09-29T17:15:00+00:00,2026-09-29T18:30:00+00:00,118.17906,119.1264779,21.32639127,2520.332874,117.2149159,20.56171479,10,252.0332874,2.783478914,2.530441061,0,17.42152691,tp,"VWAP sapma-dönüş (kaynak kuralları): kümülatif VWAP=120.252 (300 bar), σ=1.20678; bu bar -1.79σ ile bandın dışında kapandı ve kapanış long yönünde döndü; stop 1.5×0.5σ (117.215), hedef VWAP mesafesinin %50'i (119.186); yönetim: breakeven 1R, kısmi %50 @ 1.5R, takip geri verme %50 | arm=vwap_revert_src | combo=band0_tp0 | combo_r=-1.832 | combo_n=3 | pick=explore",
vwap_clone,AVAX-USDT-SWAP,short,2026-09-29T19:45:00+00:00,2026-09-29T20:00:00+00:00,11.2933505,11.43069957,224.8637846,2539.465535,11.4135792,27.03508089,10,253.9465535,2.810398746,5.120118875,0,-33.69523056,stop,"VWAP sapma-dönüş (kaynak kuralları): kümülatif VWAP=10.9609 (300 bar), σ=0.115579; bu bar +3.14σ ile bandın dışında kapandı ve kapanış short yönünde döndü; stop 2×0.5σ (11.4136), hedef VWAP mesafesinin %75'i (11.0452); yönetim: breakeven 1R, kısmi %50 @ 1.5R, takip geri verme %50 | arm=vwap_revert_src | combo=band1_tp1 | combo_r=1.911 | combo_n=3 | pick=exploit",
vwap_clone,AVAX-USDT-SWAP,short,2026-09-29T20:30:00+00:00,2026-09-29T21:00:00+00:00,11.4092925,11.52965179,220.810122,2519.287269,11.51238321,22.76347296,10,251.9287269,2.785833097,5.073349883,0,-29.36238217,stop,"VWAP sapma-dönüş (kaynak kuralları): kümülatif VWAP=10.9646 (300 bar), σ=0.0963832; bu bar +4.81σ ile bandın dışında kapandı ve kapanış short yönünde döndü; stop 2×0.5σ (11.5124), hedef VWAP mesafesinin %75'i (11.0775); yönetim: breakeven 1R, kısmi %50 @ 1.5R, takip geri verme %50 | arm=vwap_revert_src | combo=band1_tp1 | combo_r=1.122 | combo_n=4 | pick=exploit",
vwap_clone,DOGE-USDT-SWAP,long,2026-09-29T20:15:00+00:00,2026-09-29T21:15:00+00:00,0.093676815,0.09362997659,26822.67155,2512.66244,0.09320276171,12.7153758,10,251.266244,2.763237702,2.512034589,0,-4.019568923,stop,"VWAP sapma-dönüş (kaynak kuralları): kümülatif VWAP=0.0949567 (300 bar), σ=0.000341791; bu bar -3.80σ ile bandın dışında kapandı ve kapanış long yönünde döndü; stop 2.5×0.5σ (0.0932028), hedef VWAP mesafesinin %100'i (0.0949567); yönetim: breakeven 1R, kısmi %50 @ 1.5R, takip geri verme %50 | arm=vwap_revert_src | combo=band2_tp2 | combo_r=0.559 | combo_n=22 | pick=exploit",exit_rule=breakeven
vwap_clone,SOL-USDT-SWAP,long,2026-09-29T20:00:00+00:00,2026-09-29T22:00:00+00:00,118.79937,119.4013308,21.35426389,2536.873097,118.0645456,15.69163376,10,253.6873097,2.797630343,2.543304161,0,10.05679922,tp,"VWAP sapma-dönüş (kaynak kuralları): kümülatif VWAP=120.182 (300 bar), σ=0.540364; bu bar -2.73σ ile bandın dışında kapandı ve kapanış long yönünde döndü; stop 2.5×0.5σ (118.065), hedef VWAP mesafesinin %50'i (119.461); yönetim: breakeven 1R, kısmi %50 @ 1.5R, takip geri verme %50 | arm=vwap_revert_src | combo=band2_tp0 | combo_r=0.4642 | combo_n=11 | pick=exploit",
vwap_clone,ADA-USDT-SWAP,long,2026-09-29T22:15:00+00:00,2026-09-29T23:30:00+00:00,0.2451225,0.2432168811,10249.02003,2512.265412,0.2433385503,18.28373574,10,251.2265412,2.752750053,2.502495791,0,-22.28347663,stop,"VWAP sapma-dönüş (kaynak kuralları): kümülatif VWAP=0.249145 (300 bar), σ=0.00132916; bu bar -3.27σ ile bandın dışında kapandı ve kapanış long yönünde döndü; stop 2.5×0.5σ (0.243339), hedef VWAP mesafesinin %100'i (0.249145); yönetim: breakeven 1R, kısmi %50 @ 1.5R, takip geri verme %50 | arm=vwap_revert_src | combo=band2_tp2 | combo_r=0.8743 | combo_n=5 | pick=exploit",
vwap_clone,SOL-USDT-SWAP,long,2026-09-30T00:00:00+00:00,2026-09-30T00:00:00+00:00,119.129535,118.738849,21.0521406,2507.93172,118.7982481,6.974297685,10,250.793172,2.754201265,2.503817902,0,-10.97897766,stop,"VWAP sapma-dönüş (kaynak kuralları): kümülatif VWAP=120.132 (300 bar), σ=0.225401; bu bar -4.88σ ile bandın dışında kapandı ve kapanış long yönünde döndü; stop 2.5×0.5σ (118.798), hedef VWAP mesafesinin %50'i (119.606); yönetim: breakeven 1R, kısmi %50 @ 1.5R, takip geri verme %50 | arm=vwap_revert_src | combo=band2_tp0 | combo_r=0.4789 | combo_n=12 | pick=exploit",
vwap_clone,XRP-USDT-SWAP,long,2026-09-29T21:45:00+00:00,2026-09-30T00:15:00+00:00,1.4937465,1.484389081,1684.66591,2516.463806,1.485131647,14.51314997,10,251.6463806,2.759439918,2.50857843,-0.03647852925,-18.56004375,stop,"VWAP sapma-dönüş (kaynak kuralları): kümülatif VWAP=1.50893 (300 bar), σ=0.00637468; bu bar -2.60σ ile bandın dışında kapandı ve kapanış long yönünde döndü; stop 2.5×0.5σ (1.48513), hedef VWAP mesafesinin %75'i (1.50497); yönetim: breakeven 1R, kısmi %50 @ 1.5R, takip geri verme %50 | arm=vwap_revert_src | combo=band2_tp1 | combo_r=0.2698 | combo_n=11 | pick=exploit",
vwap_clone,NEAR-USDT-SWAP,long,2026-09-30T00:15:00+00:00,2026-09-30T00:30:00+00:00,4.912455,5.006931167,255.4283052,1254.780055,4.847801077,16.51444201,10,125.4780055,1.393530599,1.266852348,0,22.73835656,partial,"VWAP sapma-dönüş (kaynak kuralları): kümülatif VWAP=5.06541 (300 bar), σ=0.0489591; bu bar -3.22σ ile bandın dışında kapandı ve kapanış long yönünde döndü; stop 2.5×0.5σ (4.8478), hedef VWAP mesafesinin %75'i (5.02631); yönetim: breakeven 1R, kısmi %50 @ 1.5R, takip geri verme %50 | arm=vwap_revert_src | combo=band2_tp1 | combo_r=0.5444 | combo_n=29 | pick=exploit",
vwap_clone,NEAR-USDT-SWAP,long,2026-09-30T00:15:00+00:00,2026-09-30T00:30:00+00:00,4.912455,5.023795406,255.4283052,1254.780055,4.847801077,16.51444201,10,125.4780055,1.395899781,1.269007228,0,27.04359142,tp,"VWAP sapma-dönüş (kaynak kuralları): kümülatif VWAP=5.06541 (300 bar), σ=0.0489591; bu bar -3.22σ ile bandın dışında kapandı ve kapanış long yönünde döndü; stop 2.5×0.5σ (4.8478), hedef VWAP mesafesinin %75'i (5.02631); yönetim: breakeven 1R, kısmi %50 @ 1.5R, takip geri verme %50 | arm=vwap_revert_src | combo=band2_tp1 | combo_r=0.5444 | combo_n=29 | pick=exploit",
vwap_clone,BTC-USDT-SWAP,long,2026-09-30T00:30:00+00:00,2026-09-30T00:30:00+00:00,83575.9671,83383.37235,0.03013766934,2518.784862,83425.08489,4.547238203,10,251.8784862,2.767470951,2.515881861,0,-8.571827966,stop,"VWAP sapma-dönüş (kaynak kuralları): kümülatif VWAP=83736.4 (300 bar), σ=87.3721; bu bar -2.91σ ile bandın dışında kapandı ve kapanış long yönünde döndü; stop 2.5×0.5σ (83425.1), hedef VWAP mesafesinin %75'i (83685.8); yönetim: breakeven 1R, kısmi %50 @ 1.5R, takip geri verme %50 | arm=vwap_revert_src | combo=band2_tp1 | combo_r=-1.854 | combo_n=4 | pick=explore",
vwap_clone,ADA-USDT-SWAP,long,2026-09-30T00:45:00+00:00,2026-09-30T01:00:00+00:00,0.2433216,0.244897807,5184.005383,1261.380484,0.2421891219,5.870772688,10,126.1380484,1.392012619,1.265468376,0,6.779053091,partial,"VWAP sapma-dönüş (kaynak kuralları): kümülatif VWAP=0.248993 (300 bar), σ=0.000808702; bu bar -6.96σ ile bandın dışında kapandı ve kapanış long yönünde döndü; stop 2.5×0.5σ (0.242189), hedef VWAP mesafesinin %100'i (0.248993); yönetim: breakeven 1R, kısmi %50 @ 1.5R, takip geri verme %50 | arm=vwap_revert_src | combo=band2_tp2 | combo_r=0.5255 | combo_n=6 | pick=exploit",
vwap_clone,PENGU-USDT-SWAP,short,2026-09-30T00:45:00+00:00,2026-09-30T01:00:00+00:00,0.0099620165,0.01003034216,253105.065,2521.436834,0.01001531918,13.49117739,10,252.1436834,2.78309198,5.063741108,0,-20.07666139,stop,"VWAP sapma-dönüş (kaynak kuralları): kümülatif VWAP=0.00988271 (300 bar), σ=3.94553e-05; bu bar +2.73σ ile bandın dışında kapandı ve kapanış short yönünde döndü; stop 2.5×0.5σ (0.0100153), hedef VWAP mesafesinin %75'i (0.00990353); yönetim: breakeven 1R, kısmi %50 @ 1.5R, takip geri verme %50 | arm=vwap_revert_src | combo=band2_tp1 | combo_r=0.5659 | combo_n=14 | pick=exploit",
vwap_clone,ADA-USDT-SWAP,long,2026-09-30T00:45:00+00:00,2026-09-30T01:15:00+00:00,0.2433216,0.244897807,5184.005383,1261.380484,0.2421891219,5.870772688,10,126.1380484,1.392012619,1.265468376,0,6.779053091,stop,"VWAP sapma-dönüş (kaynak kuralları): kümülatif VWAP=0.248993 (300 bar), σ=0.000808702; bu bar -6.96σ ile bandın dışında kapandı ve kapanış long yönünde döndü; stop 2.5×0.5σ (0.242189), hedef VWAP mesafesinin %100'i (0.248993); yönetim: breakeven 1R, kısmi %50 @ 1.5R, takip geri verme %50 | arm=vwap_revert_src | combo=band2_tp2 | combo_r=0.5255 | combo_n=6 | pick=exploit",exit_rule=partial
vwap_clone,SOL-USDT-SWAP,long,2026-09-30T01:15:00+00:00,2026-09-30T01:30:00+00:00,119.23959,118.8613753,20.9965675,2503.622101,118.9208357,6.692746097,10,250.3622101,2.749616645,2.499650135,0,-10.69082742,stop,"VWAP sapma-dönüş (kaynak kuralları): kümülatif VWAP=120.106 (300 bar), σ=0.207331; bu bar -5.16σ ile bandın dışında kapandı ve kapanış long yönünde döndü; stop 2.5×0.5σ (118.921), hedef VWAP mesafesinin %50'i (119.643); yönetim: breakeven 1R, kısmi %50 @ 1.5R, takip geri verme %50 | arm=vwap_revert_src | combo=band2_tp0 | combo_r=0.321 | combo_n=13 | pick=exploit",
vwap_clone,PENGU-USDT-SWAP,short,2026-09-30T01:30:00+00:00,2026-09-30T01:45:00+00:00,0.0101159395,0.0101441935,247006.3471,2498.701263,0.01017844055,15.43815628,10,249.8701263,2.752409794,5.002866554,0,-9.731327124,stop,"VWAP sapma-dönüş (kaynak kuralları): kümülatif VWAP=0.00988536 (300 bar), σ=5.84406e-05; bu bar +4.58σ ile bandın dışında kapandı ve kapanış short yönünde döndü; stop 2×0.5σ (0.0101784), hedef VWAP mesafesinin %100'i (0.00988536); yönetim: breakeven 1R, kısmi %50 @ 1.5R, takip geri verme %50 | arm=vwap_revert_src | combo=band1_tp2 | combo_r=0.4373 | combo_n=4 | pick=exploit",exit_rule=breakeven
vwap_clone,BTC-USDT-SWAP,long,2026-09-30T01:45:00+00:00,2026-09-30T02:00:00+00:00,83441.80005,83522.92571,0.02994481401,2498.649183,83262.54778,5.367675894,10,249.8649183,2.749850213,2.499865062,0,-0.3205575614,tp,"VWAP sapma-dönüş (kaynak kuralları): kümülatif VWAP=83729.3 (300 bar), σ=110.042; bu bar -3.29σ ile bandın dışında kapandı ve kapanış long yönünde döndü; stop 2.5×0.5σ (83262.5), hedef VWAP mesafesinin %50'i (83564.7); yönetim: breakeven 1R, kısmi %50 @ 1.5R, takip geri verme %50 | arm=vwap_revert_src | combo=band2_tp0 | combo_r=-0.271 | combo_n=11 | pick=exploit",
vwap_clone,XRP-USDT-SWAP,long,2026-09-30T02:15:00+00:00,2026-09-30T02:15:00+00:00,1.49984955,1.495803443,1672.330028,2508.24344,1.496551719,5.515062229,10,250.824344,2.755346249,2.504859161,0,-9.521772667,stop,"VWAP sapma-dönüş (kaynak kuralları): kümülatif VWAP=1.50814 (300 bar), σ=0.00326438; bu bar -2.64σ ile bandın dışında kapandı ve kapanış long yönünde döndü; stop 1.5×0.5σ (1.49655), hedef VWAP mesafesinin %50'i (1.50357); yönetim: breakeven 1R, kısmi %50 @ 1.5R, takip geri verme %50 | arm=vwap_revert_src | combo=band0_tp0 | combo_r=-0.9251 | combo_n=4 | pick=explore",
vwap_clone,DOGE-USDT-SWAP,long,2026-09-30T02:15:00+00:00,2026-09-30T02:15:00+00:00,0.094117035,0.09372954756,26636.2718,2506.926925,0.09377643577,9.072293567,10,250.6926925,2.751942946,2.50176436,0,-13.07316383,stop,"VWAP sapma-dönüş (kaynak kuralları): kümülatif VWAP=0.094827 (300 bar), σ=0.000226851; bu bar -3.10σ ile bandın dışında kapandı ve kapanış long yönünde döndü; stop 2.5×0.5σ (0.0937764), hedef VWAP mesafesinin %100'i (0.094827); yönetim: breakeven 1R, kısmi %50 @ 1.5R, takip geri verme %50 | arm=vwap_revert_src | combo=band2_tp2 | combo_r=0.5209 | combo_n=23 | pick=explore",
vwap_clone,BNB-USDT-SWAP,long,2026-09-29T17:00:00+00:00,2026-09-30T02:45:00+00:00,753.47655,762.4709745,1.668019948,1256.813916,747.2259829,10.42607063,10,125.6813916,1.390746891,1.264319422,0.005295865676,13.61742841,partial,"VWAP sapma-dönüş (kaynak kuralları): kümülatif VWAP=766.931 (300 bar), σ=4.69921; bu bar -3.03σ ile bandın dışında kapandı ve kapanış long yönünde döndü; stop 2.5×0.5σ (747.226), hedef VWAP mesafesinin %100'i (766.931); yönetim: breakeven 1R, kısmi %50 @ 1.5R, takip geri verme %50 | arm=vwap_revert_src | combo=band2_tp2 | combo_r=-1.305 | combo_n=3 | pick=explore",
vwap_clone,PENGU-USDT-SWAP,short,2026-09-30T02:30:00+00:00,2026-09-30T02:45:00+00:00,0.0100719615,0.009942806753,249181.9297,2509.750802,0.01018929645,29.23774963,10,250.9750802,2.743025217,2.493667957,0,29.44000378,tp,"VWAP sapma-dönüş (kaynak kuralları): kümülatif VWAP=0.00989212 (300 bar), σ=9.14372e-05; bu bar +2.59σ ile bandın dışında kapandı ve kapanış short yönünde döndü; stop 2.5×0.5σ (0.0101893), hedef VWAP mesafesinin %75'i (0.00993784); yönetim: breakeven 1R, kısmi %50 @ 1.5R, takip geri verme %50 | arm=vwap_revert_src | combo=band2_tp1 | combo_r=0.429 | combo_n=15 | pick=exploit",
vwap_clone,BNB-USDT-SWAP,long,2026-09-29T17:00:00+00:00,2026-09-30T03:00:00+00:00,753.47655,762.2187,1.668019948,1256.813916,747.2259829,10.42607063,10,125.6813916,1.390515452,1.264108918,0.005295865676,13.196861,stop,"VWAP sapma-dönüş (kaynak kuralları): kümülatif VWAP=766.931 (300 bar), σ=4.69921; bu bar -3.03σ ile bandın dışında kapandı ve kapanış long yönünde döndü; stop 2.5×0.5σ (747.226), hedef VWAP mesafesinin %100'i (766.931); yönetim: breakeven 1R, kısmi %50 @ 1.5R, takip geri verme %50 | arm=vwap_revert_src | combo=band2_tp2 | combo_r=-1.305 | combo_n=3 | pick=explore",exit_rule=partial
vwap_clone,AVAX-USDT-SWAP,short,2026-09-29T21:30:00+00:00,2026-09-30T03:15:00+00:00,11.4132905,11.21563509,110.326642,1259.190016,11.54879745,14.95002664,10,125.9190016,1.373115356,1.248292451,0.1261364499,20.55967857,partial,"VWAP sapma-dönüş (kaynak kuralları): kümülatif VWAP=10.97 (300 bar), σ=0.129797; bu bar +3.53σ ile bandın dışında kapandı ve kapanış short yönünde döndü; stop 2×0.5σ (11.5488), hedef VWAP mesafesinin %75'i (11.0822); yönetim: breakeven 1R, kısmi %50 @ 1.5R, takip geri verme %50 | arm=vwap_revert_src | combo=band1_tp1 | combo_r=0.6395 | combo_n=5 | pick=exploit",
vwap_clone,BTC-USDT-SWAP,long,2026-09-30T03:00:00+00:00,2026-09-30T03:15:00+00:00,83390.0742,83155.5625,0.03008856005,2509.087255,83197.16108,5.804477968,10,250.9087255,2.756115115,2.505558058,0,-9.812234471,stop,"VWAP sapma-dönüş (kaynak kuralları): kümülatif VWAP=83722.5 (300 bar), σ=120.991; bu bar -2.90σ ile bandın dışında kapandı ve kapanış long yönünde döndü; stop 2.5×0.5σ (83197.2), hedef VWAP mesafesinin %50'i (83535.4); yönetim: breakeven 1R, kısmi %50 @ 1.5R, takip geri verme %50 | arm=vwap_revert_src | combo=band2_tp0 | combo_r=-0.2534 | combo_n=12 | pick=exploit",
vwap_clone,AVAX-USDT-SWAP,short,2026-09-29T21:30:00+00:00,2026-09-30T03:30:00+00:00,11.4132905,11.2758885,110.326642,1259.190016,11.54879745,14.95002664,10,125.9190016,1.376771511,2.493161457,0.1261364499,13.90846621,stop,"VWAP sapma-dönüş (kaynak kuralları): kümülatif VWAP=10.97 (300 bar), σ=0.129797; bu bar +3.53σ ile bandın dışında kapandı ve kapanış short yönünde döndü; stop 2×0.5σ (11.5488), hedef VWAP mesafesinin %75'i (11.0822); yönetim: breakeven 1R, kısmi %50 @ 1.5R, takip geri verme %50 | arm=vwap_revert_src | combo=band1_tp1 | combo_r=0.6395 | combo_n=5 | pick=exploit",exit_rule=partial
vwap_clone,BTC-USDT-SWAP,long,2026-09-30T03:45:00+00:00,2026-09-30T04:45:00+00:00,83374.16625,83152.39408,0.03036401088,2531.574091,83193.99107,5.470841103,10,253.1574091,2.781027859,2.528206093,0,-9.514920586,stop,"VWAP sapma-dönüş (kaynak kuralları): kümülatif VWAP=83717.6 (300 bar), σ=138.509; bu bar -2.92σ ile bandın dışında kapandı ve kapanış long yönünde döndü; stop 2×0.5σ (83194), hedef VWAP mesafesinin %50'i (83525); yönetim: breakeven 1R, kısmi %50 @ 1.5R, takip geri verme %50 | arm=vwap_revert_src | combo=band1_tp0 | combo_r=-0.3337 | combo_n=54 | pick=exploit",
vwap_clone,XRP-USDT-SWAP,long,2026-09-30T03:45:00+00:00,2026-09-30T05:30:00+00:00,1.49564745,1.503538231,845.86957,1265.122665,1.489885499,4.87385886,10,126.5122665,1.395305946,1.268461937,0,5.279265617,partial,"VWAP sapma-dönüş (kaynak kuralları): kümülatif VWAP=1.5079 (300 bar), σ=0.0040116; bu bar -3.29σ ile bandın dışında kapandı ve kapanış long yönünde döndü; stop 2.5×0.5σ (1.48989), hedef VWAP mesafesinin %75'i (1.50465); yönetim: breakeven 1R, kısmi %50 @ 1.5R, takip geri verme %50 | arm=vwap_revert_src | combo=band2_tp1 | combo_r=0.1408 | combo_n=12 | pick=exploit",
vwap_clone,XRP-USDT-SWAP,long,2026-09-30T03:45:00+00:00,2026-09-30T05:30:00+00:00,1.49564745,1.50389822,845.86957,1265.122665,1.489885499,4.87385886,10,126.5122665,1.395473423,1.268614265,0,5.583601643,tp,"VWAP sapma-dönüş (kaynak kuralları): kümülatif VWAP=1.5079 (300 bar), σ=0.0040116; bu bar -3.29σ ile bandın dışında kapandı ve kapanış long yönünde döndü; stop 2.5×0.5σ (1.48989), hedef VWAP mesafesinin %75'i (1.50465); yönetim: breakeven 1R, kısmi %50 @ 1.5R, takip geri verme %50 | arm=vwap_revert_src | combo=band2_tp1 | combo_r=0.1408 | combo_n=12 | pick=exploit",
vwap_clone,AVAX-USDT-SWAP,short,2026-09-30T05:00:00+00:00,2026-09-30T05:30:00+00:00,11.2673635,11.34950023,224.4998392,2529.521293,11.33250147,14.6234648,10,252.9521293,2.792615248,5.081610481,0,-21.23229719,stop,"VWAP sapma-dönüş (kaynak kuralları): kümülatif VWAP=11.0047 (300 bar), σ=0.0615015; bu bar +4.61σ ile bandın dışında kapandı ve kapanış short yönünde döndü; stop 2×0.5σ (11.3325), hedef VWAP mesafesinin %75'i (11.0713); yönetim: breakeven 1R, kısmi %50 @ 1.5R, takip geri verme %50 | arm=vwap_revert_src | combo=band1_tp1 | combo_r=0.7862 | combo_n=7 | pick=exploit",
vwap_clone,BTC-USDT-SWAP,long,2026-09-30T05:15:00+00:00,2026-09-30T05:30:00+00:00,83236.9977,83401.6899,0.01519859311,1265.08526,83099.38843,2.091467313,10,126.508526,1.392970485,1.266337747,0,1.110119253,partial,"VWAP sapma-dönüş (kaynak kuralları): kümülatif VWAP=83708.7 (300 bar), σ=76.8893; bu bar -6.23σ ile bandın dışında kapandı ve kapanış long yönünde döndü; stop 2.5×0.5σ (83099.4), hedef VWAP mesafesinin %50'i (83452.1); yönetim: breakeven 1R, kısmi %50 @ 1.5R, takip geri verme %50 | arm=vwap_revert_src | combo=band2_tp0 | combo_r=-0.3639 | combo_n=13 | pick=explore",
vwap_clone,BTC-USDT-SWAP,long,2026-09-30T05:15:00+00:00,2026-09-30T05:30:00+00:00,83236.9977,83410.38968,0.01519859311,1265.08526,83099.38843,2.091467313,10,126.508526,1.393043209,1.266403893,0,1.242270901,tp,"VWAP sapma-dönüş (kaynak kuralları): kümülatif VWAP=83708.7 (300 bar), σ=76.8893; bu bar -6.23σ ile bandın dışında kapandı ve kapanış long yönünde döndü; stop 2.5×0.5σ (83099.4), hedef VWAP mesafesinin %50'i (83452.1); yönetim: breakeven 1R, kısmi %50 @ 1.5R, takip geri verme %50 | arm=vwap_revert_src | combo=band2_tp0 | combo_r=-0.3639 | combo_n=13 | pick=explore",
vwap_clone,ETH-USDT-SWAP,long,2026-09-30T02:45:00+00:00,2026-09-30T05:45:00+00:00,2672.345505,2671.009332,0.9379530055,2506.534498,2665.100811,6.795182607,10,250.6534498,2.756498651,2.505908178,0,-4.0097659,stop,"VWAP sapma-dönüş (kaynak kuralları): kümülatif VWAP=2686.49 (300 bar), σ=4.72735; bu bar -3.70σ ile bandın dışında kapandı ve kapanış long yönünde döndü; stop 2.5×0.5σ (2665.1), hedef VWAP mesafesinin %100'i (2686.49); yönetim: breakeven 1R, kısmi %50 @ 1.5R, takip geri verme %50 | arm=vwap_revert_src | combo=band2_tp2 | combo_r=-0.1129 | combo_n=18 | pick=exploit",exit_rule=breakeven
vwap_clone,BTC-USDT-SWAP,long,2026-09-30T05:45:00+00:00,2026-09-30T05:45:00+00:00,83476.21725,83306.85093,0.03026802851,2526.660524,83348.52519,3.864986827,10,252.6660524,2.776507064,2.524096681,0,-7.90289166,stop,"VWAP sapma-dönüş (kaynak kuralları): kümülatif VWAP=83705.3 (300 bar), σ=68.6998; bu bar -4.09σ ile bandın dışında kapandı ve kapanış long yönünde döndü; stop 2.5×0.5σ (83348.5), hedef VWAP mesafesinin %50'i (83569.9); yönetim: breakeven 1R, kısmi %50 @ 1.5R, takip geri verme %50 | arm=vwap_revert_src | combo=band2_tp0 | combo_r=-0.2404 | combo_n=15 | pick=exploit",
vwap_clone,DOGE-USDT-SWAP,long,2026-09-30T05:45:00+00:00,2026-09-30T05:45:00+00:00,0.09402699,0.09371355909,26857.54742,2525.334343,0.09376043931,7.15889792,10,252.5334343,2.773237885,2.521123875,0,-11.19122353,stop,"VWAP sapma-dönüş (kaynak kuralları): kümülatif VWAP=0.0947643 (300 bar), σ=0.000229561; bu bar -3.69σ ile bandın dışında kapandı ve kapanış long yönünde döndü; stop 2×0.5σ (0.0937604), hedef VWAP mesafesinin %50'i (0.0943771); yönetim: breakeven 1R, kısmi %50 @ 1.5R, takip geri verme %50 | arm=vwap_revert_src | combo=band1_tp0 | combo_r=0.5253 | combo_n=6 | pick=exploit",
vwap_clone,AVAX-USDT-SWAP,short,2026-09-30T05:45:00+00:00,2026-09-30T06:00:00+00:00,11.286354,11.18877954,111.8168391,1262.004429,11.35513137,7.690468346,10,126.2004429,1.382204114,1.256552236,0,9.528264042,partial,"VWAP sapma-dönüş (kaynak kuralları): kümülatif VWAP=11.0069 (300 bar), σ=0.0631314; bu bar +4.66σ ile bandın dışında kapandı ve kapanış short yönünde döndü; stop 2×0.5σ (11.3551), hedef VWAP mesafesinin %75'i (11.0782); yönetim: breakeven 1R, kısmi %50 @ 1.5R, takip geri verme %50 | arm=vwap_revert_src | combo=band1_tp1 | combo_r=0.5064 | combo_n=8 | pick=exploit",
vwap_clone,AVAX-USDT-SWAP,short,2026-09-30T05:45:00+00:00,2026-09-30T06:15:00+00:00,11.286354,11.19996272,111.8168391,1262.004429,11.35513137,7.690468346,10,126.2004429,1.382891872,2.507020963,0,8.277107558,stop,"VWAP sapma-dönüş (kaynak kuralları): kümülatif VWAP=11.0069 (300 bar), σ=0.0631314; bu bar +4.66σ ile bandın dışında kapandı ve kapanış short yönünde döndü; stop 2×0.5σ (11.3551), hedef VWAP mesafesinin %75'i (11.0782); yönetim: breakeven 1R, kısmi %50 @ 1.5R, takip geri verme %50 | arm=vwap_revert_src | combo=band1_tp1 | combo_r=0.5064 | combo_n=8 | pick=exploit",exit_rule=partial
vwap_clone,BTC-USDT-SWAP,long,2026-09-30T06:30:00+00:00,2026-09-30T06:30:00+00:00,83172.06525,82981.38144,0.0304468704,2532.329091,83022.89289,4.541831487,10,253.2329091,2.782368852,2.52942541,0,-8.588093969,stop,"VWAP sapma-dönüş (kaynak kuralları): kümülatif VWAP=83699.5 (300 bar), σ=86.0857; bu bar -6.90σ ile bandın dışında kapandı ve kapanış long yönünde döndü; stop 2.5×0.5σ (83022.9), hedef VWAP mesafesinin %50'i (83415); yönetim: breakeven 1R, kısmi %50 @ 1.5R, takip geri verme %50 | arm=vwap_revert_src | combo=band2_tp0 | combo_r=-0.3532 | combo_n=16 | pick=exploit",
vwap_clone,ETH-USDT-SWAP,long,2026-09-30T06:30:00+00:00,2026-09-30T06:30:00+00:00,2666.942805,2661.109868,0.9490267021,2530.999935,2662.441089,4.272248892,10,253.0999935,2.781055341,2.528231377,0,-8.316668076,stop,"VWAP sapma-dönüş (kaynak kuralları): kümülatif VWAP=2685.83 (300 bar), σ=2.53513; bu bar -8.27σ ile bandın dışında kapandı ve kapanış long yönünde döndü; stop 2.5×0.5σ (2662.44), hedef VWAP mesafesinin %100'i (2685.83); yönetim: breakeven 1R, kısmi %50 @ 1.5R, takip geri verme %50 | arm=vwap_revert_src | combo=band2_tp2 | combo_r=-0.138 | combo_n=19 | pick=exploit",
vwap_clone,XRP-USDT-SWAP,long,2026-09-30T06:30:00+00:00,2026-09-30T06:30:00+00:00,1.4991492,1.494000082,1687.404747,2529.671476,1.494747456,7.42752338,10,252.9671476,2.777859869,2.525325613,0,-11.46650523,stop,"VWAP sapma-dönüş (kaynak kuralları): kümülatif VWAP=1.50747 (300 bar), σ=0.00292204; bu bar -3.24σ ile bandın dışında kapandı ve kapanış long yönünde döndü; stop 2.5×0.5σ (1.49475), hedef VWAP mesafesinin %75'i (1.5052); yönetim: breakeven 1R, kısmi %50 @ 1.5R, takip geri verme %50 | arm=vwap_revert_src | combo=band2_tp1 | combo_r=0.2799 | combo_n=14 | pick=exploit",
vwap_clone,ADA-USDT-SWAP,long,2026-09-30T06:45:00+00:00,2026-09-30T06:45:00+00:00,0.2435217,0.2428093771,10365.4851,2524.220553,0.2429308425,6.124524561,10,252.4220553,2.772581643,2.520527551,0,-10.15615422,stop,"VWAP sapma-dönüş (kaynak kuralları): kümülatif VWAP=0.248718 (300 bar), σ=0.000758877; bu bar -7.23σ ile bandın dışında kapandı ve kapanış long yönünde döndü; stop 1.5×0.5σ (0.242931), hedef VWAP mesafesinin %75'i (0.247413); yönetim: breakeven 1R, kısmi %50 @ 1.5R, takip geri verme %50 | arm=vwap_revert_src | combo=band0_tp1 | combo_r=-0.5691 | combo_n=6 | pick=explore",
vwap_clone,NEAR-USDT-SWAP,long,2026-09-30T06:45:00+00:00,2026-09-30T06:45:00+00:00,4.932465,4.891123464,511.4877961,2522.895652,4.893570249,19.89419035,10,252.2895652,2.763555087,2.512318148,0,-23.90924617,stop,"VWAP sapma-dönüş (kaynak kuralları): kümülatif VWAP=5.06253 (300 bar), σ=0.0283438; bu bar -5.02σ ile bandın dışında kapandı ve kapanış long yönünde döndü; stop 2.5×0.5σ (4.89357), hedef VWAP mesafesinin %75'i (5.02915); yönetim: breakeven 1R, kısmi %50 @ 1.5R, takip geri verme %50 | arm=vwap_revert_src | combo=band2_tp1 | combo_r=0.6065 | combo_n=31 | pick=exploit",
vwap_clone,AVAX-USDT-SWAP,short,2026-09-30T06:30:00+00:00,2026-09-30T07:00:00+00:00,11.164415,11.0586483,113.2322524,1264.171857,11.23861051,8.401324345,10,126.4171857,1.384002132,1.258187065,0,10.59219945,partial,"VWAP sapma-dönüş (kaynak kuralları): kümülatif VWAP=11.0095 (300 bar), σ=0.0676105; bu bar +2.49σ ile bandın dışında kapandı ve kapanış short yönünde döndü; stop 2×0.5σ (11.2386), hedef VWAP mesafesinin %75'i (11.0499); yönetim: breakeven 1R, kısmi %50 @ 1.5R, takip geri verme %50 | arm=vwap_revert_src | combo=band1_tp1 | combo_r=0.6367 | combo_n=10 | pick=exploit",
vwap_clone,AVAX-USDT-SWAP,short,2026-09-30T06:30:00+00:00,2026-09-30T07:00:00+00:00,11.164415,11.05539646,113.2322524,1264.171857,11.23861051,8.401324345,10,126.4171857,1.383799615,1.25800305,0,10.96061564,tp,"VWAP sapma-dönüş (kaynak kuralları): kümülatif VWAP=11.0095 (300 bar), σ=0.0676105; bu bar +2.49σ ile bandın dışında kapandı ve kapanış short yönünde döndü; stop 2×0.5σ (11.2386), hedef VWAP mesafesinin %75'i (11.0499); yönetim: breakeven 1R, kısmi %50 @ 1.5R, takip geri verme %50 | arm=vwap_revert_src | combo=band1_tp1 | combo_r=0.6367 | combo_n=10 | pick=exploit",
vwap_clone,ETH-USDT-SWAP,long,2026-09-30T07:15:00+00:00,2026-09-30T07:15:00+00:00,2662.580625,2670.974469,0.4749104708,1264.487418,2656.093959,3.080585567,10,126.4487418,1.393128638,1.266481893,0,2.593195563,partial,"VWAP sapma-dönüş (kaynak kuralları): kümülatif VWAP=2685.54 (300 bar), σ=4.13283; bu bar -5.76σ ile bandın dışında kapandı ve kapanış long yönünde döndü; stop 2.5×0.5σ (2656.09), hedef VWAP mesafesinin %75'i (2679.47); yönetim: breakeven 1R, kısmi %50 @ 1.5R, takip geri verme %50 | arm=vwap_revert_src | combo=band2_tp1 | combo_r=-0.1462 | combo_n=38 | pick=exploit",
vwap_clone,DOGE-USDT-SWAP,long,2026-09-30T07:15:00+00:00,2026-09-30T07:15:00+00:00,0.09308652,0.09358566002,13576.8715,1263.82372,0.09272254916,4.941585278,10,126.382372,1.39393331,1.267214111,0,5.382826558,partial,"VWAP sapma-dönüş (kaynak kuralları): kümülatif VWAP=0.094735 (300 bar), σ=0.000261961; bu bar -6.38σ ile bandın dışında kapandı ve kapanış long yönünde döndü; stop 2.5×0.5σ (0.0927225), hedef VWAP mesafesinin %100'i (0.094735); yönetim: breakeven 1R, kısmi %50 @ 1.5R, takip geri verme %50 | arm=vwap_revert_src | combo=band2_tp2 | combo_r=0.4392 | combo_n=24 | pick=exploit",
vwap_clone,ETH-USDT-SWAP,long,2026-09-30T07:15:00+00:00,2026-09-30T07:30:00+00:00,2662.580625,2669.514575,0.4749104708,1264.487418,2656.093959,3.080585567,10,126.4487418,1.392747313,1.266135061,0,1.900258146,stop,"VWAP sapma-dönüş (kaynak kuralları): kümülatif VWAP=2685.54 (300 bar), σ=4.13283; bu bar -5.76σ ile bandın dışında kapandı ve kapanış long yönünde döndü; stop 2.5×0.5σ (2656.09), hedef VWAP mesafesinin %75'i (2679.47); yönetim: breakeven 1R, kısmi %50 @ 1.5R, takip geri verme %50 | arm=vwap_revert_src | combo=band2_tp1 | combo_r=-0.1462 | combo_n=38 | pick=exploit",exit_rule=partial
vwap_clone,DOGE-USDT-SWAP,long,2026-09-30T07:15:00+00:00,2026-09-30T07:30:00+00:00,0.09308652,0.09358566002,13576.8715,1263.82372,0.09272254916,4.941585278,10,126.382372,1.39393331,1.267214111,0,5.382826558,stop,"VWAP sapma-dönüş (kaynak kuralları): kümülatif VWAP=0.094735 (300 bar), σ=0.000261961; bu bar -6.38σ ile bandın dışında kapandı ve kapanış long yönünde döndü; stop 2.5×0.5σ (0.0927225), hedef VWAP mesafesinin %100'i (0.094735); yönetim: breakeven 1R, kısmi %50 @ 1.5R, takip geri verme %50 | arm=vwap_revert_src | combo=band2_tp2 | combo_r=0.4392 | combo_n=24 | pick=exploit",exit_rule=partial
vwap_clone,BTC-USDT-SWAP,long,2026-09-30T07:30:00+00:00,2026-09-30T08:00:00+00:00,83319.53895,83122.10273,0.03039364339,2532.384354,83163.68458,4.736982271,10,253.2384354,2.782322347,2.529383084,-0.08531927462,-8.868447578,stop,"VWAP sapma-dönüş (kaynak kuralları): kümülatif VWAP=83687.7 (300 bar), σ=114.115; bu bar -4.18σ ile bandın dışında kapandı ve kapanış long yönünde döndü; stop 2×0.5σ (83163.7), hedef VWAP mesafesinin %50'i (83482.8); yönetim: breakeven 1R, kısmi %50 @ 1.5R, takip geri verme %50 | arm=vwap_revert_src | combo=band1_tp0 | combo_r=-0.3593 | combo_n=55 | pick=exploit",
vwap_clone,ETH-USDT-SWAP,long,2026-09-30T07:45:00+00:00,2026-09-30T08:00:00+00:00,2676.3375,2670.49946,0.9431873997,2524.287807,2671.835378,4.246344699,10,252.4287807,2.773688087,2.521533878,-0.1550920837,-8.435145601,stop,"VWAP sapma-dönüş (kaynak kuralları): kümülatif VWAP=2685.43 (300 bar), σ=4.2195; bu bar -2.93σ ile bandın dışında kapandı ve kapanış long yönünde döndü; stop 1.5×0.5σ (2671.84), hedef VWAP mesafesinin %75'i (2682.82); yönetim: breakeven 1R, kısmi %50 @ 1.5R, takip geri verme %50 | arm=vwap_revert_src | combo=band0_tp1 | combo_r=-0.3449 | combo_n=4 | pick=explore",
vwap_clone,SOL-USDT-SWAP,long,2026-09-30T07:45:00+00:00,2026-09-30T08:00:00+00:00,118.8594,118.2764498,21.22644799,2522.962872,118.3356176,11.11803941,10,252.2962872,2.76845348,2.516773426,-0.004984465725,-15.14739977,stop,"VWAP sapma-dönüş (kaynak kuralları): kümülatif VWAP=120.001 (300 bar), σ=0.464382; bu bar -2.86σ ile bandın dışında kapandı ve kapanış long yönünde döndü; stop 2×0.5σ (118.336), hedef VWAP mesafesinin %50'i (119.401); yönetim: breakeven 1R, kısmi %50 @ 1.5R, takip geri verme %50 | arm=vwap_revert_src | combo=band1_tp0 | combo_r=-1.287 | combo_n=5 | pick=explore",
vwap_clone,BTC-USDT-SWAP,long,2026-09-30T08:30:00+00:00,2026-09-30T09:15:00+00:00,83136.5475,83329.06504,0.01510113115,1255.455907,82980.41223,2.357819252,10,125.5455907,1.382600476,1.256910564,0,1.524632084,partial,"VWAP sapma-dönüş (kaynak kuralları): kümülatif VWAP=83680.6 (300 bar), σ=114.488; bu bar -4.73σ ile bandın dışında kapandı ve kapanış long yönünde döndü; stop 2×0.5σ (82980.4), hedef VWAP mesafesinin %50'i (83387.7); yönetim: breakeven 1R, kısmi %50 @ 1.5R, takip geri verme %50 | arm=vwap_revert_src | combo=band1_tp0 | combo_r=-0.3863 | combo_n=56 | pick=exploit",
vwap_clone,BTC-USDT-SWAP,long,2026-09-30T08:30:00+00:00,2026-09-30T09:15:00+00:00,83136.5475,83346.04184,0.01510113115,1255.455907,82980.41223,2.357819252,10,125.5455907,1.382741479,1.257038813,0,1.780860024,tp,"VWAP sapma-dönüş (kaynak kuralları): kümülatif VWAP=83680.6 (300 bar), σ=114.488; bu bar -4.73σ ile bandın dışında kapandı ve kapanış long yönünde döndü; stop 2×0.5σ (82980.4), hedef VWAP mesafesinin %50'i (83387.7); yönetim: breakeven 1R, kısmi %50 @ 1.5R, takip geri verme %50 | arm=vwap_revert_src | combo=band1_tp0 | combo_r=-0.3863 | combo_n=56 | pick=exploit",
vwap_clone,ETH-USDT-SWAP,long,2026-09-30T08:30:00+00:00,2026-09-30T09:15:00+00:00,2669.07387,2677.753066,0.4701244741,1254.79695,2662.394708,3.140037385,10,125.479695,1.382520811,1.256838435,0,2.697781764,partial,"VWAP sapma-dönüş (kaynak kuralları): kümülatif VWAP=2685.32 (300 bar), σ=4.28423; bu bar -4.06σ ile bandın dışında kapandı ve kapanış long yönünde döndü; stop 2.5×0.5σ (2662.39), hedef VWAP mesafesinin %75'i (2680.92); yönetim: breakeven 1R, kısmi %50 @ 1.5R, takip geri verme %50 | arm=vwap_revert_src | combo=band2_tp1 | combo_r=-0.1024 | combo_n=40 | pick=exploit",
vwap_clone,ETH-USDT-SWAP,long,2026-09-30T08:30:00+00:00,2026-09-30T09:15:00+00:00,2669.07387,2679.583609,0.4701244741,1254.79695,2662.394708,3.140037385,10,125.479695,1.382994132,1.257268942,0,3.55789157,tp,"VWAP sapma-dönüş (kaynak kuralları): kümülatif VWAP=2685.32 (300 bar), σ=4.28423; bu bar -4.06σ ile bandın dışında kapandı ve kapanış long yönünde döndü; stop 2.5×0.5σ (2662.39), hedef VWAP mesafesinin %75'i (2680.92); yönetim: breakeven 1R, kısmi %50 @ 1.5R, takip geri verme %50 | arm=vwap_revert_src | combo=band2_tp1 | combo_r=-0.1024 | combo_n=40 | pick=exploit",
vwap_clone,SOL-USDT-SWAP,long,2026-09-30T08:30:00+00:00,2026-09-30T09:30:00+00:00,118.11903,118.998124,10.61758074,1254.138338,117.4932814,6.643935892,10,125.4138338,1.38468579,1.258807912,0,7.949165928,partial,"VWAP sapma-dönüş (kaynak kuralları): kümülatif VWAP=119.984 (300 bar), σ=0.461375; bu bar -4.14σ ile bandın dışında kapandı ve kapanış long yönünde döndü; stop 2.5×0.5σ (117.493), hedef VWAP mesafesinin %100'i (119.984); yönetim: breakeven 1R, kısmi %50 @ 1.5R, takip geri verme %50 | arm=vwap_revert_src | combo=band2_tp2 | combo_r=-0.6889 | combo_n=7 | pick=explore",
vwap_clone,BTC-USDT-SWAP,long,2026-09-30T09:30:00+00:00,2026-09-30T09:30:00+00:00,83436.59745,83640.27055,0.01508540318,1258.674712,83272.92134,2.469120046,10,125.8674712,1.386232054,1.260212041,0,1.68625882,partial,"VWAP sapma-dönüş (kaynak kuralları): kümülatif VWAP=83668.3 (300 bar), σ=121.979; bu bar -2.64σ ile bandın dışında kapandı ve kapanış long yönünde döndü; stop 2×0.5σ (83272.9), hedef VWAP mesafesinin %50'i (83531.6); yönetim: breakeven 1R, kısmi %50 @ 1.5R, takip geri verme %50 | arm=vwap_revert_src | combo=band1_tp0 | combo_r=-0.3488 | combo_n=58 | pick=exploit",
vwap_clone,BTC-USDT-SWAP,long,2026-09-30T09:30:00+00:00,2026-09-30T09:30:00+00:00,83436.59745,83489.85561,0.01508540318,1258.674712,83272.92134,2.469120046,10,125.8674712,1.384984065,1.259076938,0,-0.5815632255,tp,"VWAP sapma-dönüş (kaynak kuralları): kümülatif VWAP=83668.3 (300 bar), σ=121.979; bu bar -2.64σ ile bandın dışında kapandı ve kapanış long yönünde döndü; stop 2×0.5σ (83272.9), hedef VWAP mesafesinin %50'i (83531.6); yönetim: breakeven 1R, kısmi %50 @ 1.5R, takip geri verme %50 | arm=vwap_revert_src | combo=band1_tp0 | combo_r=-0.3488 | combo_n=58 | pick=exploit",
vwap_clone,LINK-USDT-SWAP,long,2026-09-30T09:30:00+00:00,2026-09-30T09:45:00+00:00,14.3781855,14.37099641,174.9892663,2516.028131,14.31971529,10.23165857,10,251.6028131,2.766939036,2.515399438,0,-4.024953101,stop,"VWAP sapma-dönüş (kaynak kuralları): kümülatif VWAP=14.7163 (300 bar), σ=0.0502847; bu bar -6.97σ ile bandın dışında kapandı ve kapanış long yönünde döndü; stop 2×0.5σ (14.3197), hedef VWAP mesafesinin %75'i (14.6297); yönetim: breakeven 1R, kısmi %50 @ 1.5R, takip geri verme %50 | arm=vwap_revert_src | combo=band1_tp1 | combo_r=0.8636 | combo_n=3 | pick=exploit",exit_rule=breakeven
vwap_clone,LINK-USDT-SWAP,long,2026-09-30T10:30:00+00:00,2026-09-30T11:00:00+00:00,14.397195,14.32833639,174.9147922,2518.282371,14.33550414,10.79064319,10,251.8282371,2.763486194,2.512257794,0,-14.80787525,stop,"VWAP sapma-dönüş (kaynak kuralları): kümülatif VWAP=14.7171 (300 bar), σ=0.0544959; bu bar -6.07σ ile bandın dışında kapandı ve kapanış long yönünde döndü; stop 2×0.5σ (14.3355), hedef VWAP mesafesinin %75'i (14.6353); yönetim: breakeven 1R, kısmi %50 @ 1.5R, takip geri verme %50 | arm=vwap_revert_src | combo=band1_tp1 | combo_r=0.5493 | combo_n=4 | pick=explore",
vwap_clone,SOL-USDT-SWAP,long,2026-09-30T08:30:00+00:00,2026-09-30T12:15:00+00:00,118.11903,119.9235273,10.61758074,1254.138338,117.4932814,6.643935892,10,125.4138338,1.390089839,1.263723141,0,17.76930573,tp,"VWAP sapma-dönüş (kaynak kuralları): kümülatif VWAP=119.984 (300 bar), σ=0.461375; bu bar -4.14σ ile bandın dışında kapandı ve kapanış long yönünde döndü; stop 2.5×0.5σ (117.493), hedef VWAP mesafesinin %100'i (119.984); yönetim: breakeven 1R, kısmi %50 @ 1.5R, takip geri verme %50 | arm=vwap_revert_src | combo=band2_tp2 | combo_r=-0.6889 | combo_n=7 | pick=explore",
vwap_clone,LINK-USDT-SWAP,long,2026-09-30T11:30:00+00:00,2026-09-30T12:15:00+00:00,14.38719,14.37999641,174.6501667,2512.725132,14.323463,11.12993074,10,251.2725132,2.763306645,2.512097264,0,-4.019669211,stop,"VWAP sapma-dönüş (kaynak kuralları): kümülatif VWAP=14.7185 (300 bar), σ=0.056537; bu bar -6.02σ ile bandın dışında kapandı ve kapanış long yönünde döndü; stop 2×0.5σ (14.3235), hedef VWAP mesafesinin %100'i (14.7185); yönetim: breakeven 1R, kısmi %50 @ 1.5R, takip geri verme %50 | arm=vwap_revert_src | combo=band1_tp2 | combo_r=-0.2119 | combo_n=12 | pick=explore",exit_rule=breakeven
vwap_clone,ETHFI-USDT-SWAP,short,2026-09-29T19:00:00+00:00,2026-09-30T12:30:00+00:00,0.77511225,0.7762749184,3286.090633,2547.089104,0.7957055285,67.67137955,10,254.7089104,2.803899363,5.094815299,0.252240317,-6.372292702,stop,"VWAP sapma-dönüş (kaynak kuralları): kümülatif VWAP=0.72763 (300 bar), σ=0.0161644; bu bar +3.02σ ile bandın dışında kapandı ve kapanış short yönünde döndü; stop 2.5×0.5σ (0.795706), hedef VWAP mesafesinin %50'i (0.751565); yönetim: breakeven 1R, kısmi %50 @ 1.5R, takip geri verme %50 | arm=vwap_revert_src | combo=band2_tp0 | combo_r=1.313 | combo_n=4 | pick=exploit",exit_rule=breakeven
vwap_clone,AVAX-USDT-SWAP,short,2026-09-30T11:00:00+00:00,2026-09-30T12:30:00+00:00,11.1734105,11.19017062,225.637877,2521.144624,11.24408319,15.94643572,10,252.1144624,2.77533903,5.042919849,0,-6.557055966,stop,"VWAP sapma-dönüş (kaynak kuralları): kümülatif VWAP=11.0154 (300 bar), σ=0.0504666; bu bar +3.28σ ile bandın dışında kapandı ve kapanış short yönünde döndü; stop 2.5×0.5σ (11.2441), hedef VWAP mesafesinin %100'i (11.0154); yönetim: breakeven 1R, kısmi %50 @ 1.5R, takip geri verme %50 | arm=vwap_revert_src | combo=band2_tp2 | combo_r=-0.3865 | combo_n=8 | pick=explore",exit_rule=breakeven
vwap_clone,DOGE-USDT-SWAP,short,2026-09-30T12:00:00+00:00,2026-09-30T12:30:00+00:00,0.095742105,0.09657714164,26278.46444,2515.955502,0.0964324929,18.14233393,10,251.5955502,2.779619966,5.059753808,0,-24.72310065,stop,"VWAP sapma-dönüş (kaynak kuralları): kümülatif VWAP=0.0945935 (300 bar), σ=0.000856657; bu bar +1.58σ ile bandın dışında kapandı ve kapanış short yönünde döndü; stop 1.5×0.5σ (0.0964325), hedef VWAP mesafesinin %100'i (0.0945935); yönetim: breakeven 1R, kısmi %50 @ 1.5R, takip geri verme %50 | arm=vwap_revert_src | combo=band0_tp2 | combo_r=0.06225 | combo_n=4 | pick=explore",
vwap_clone,LINK-USDT-SWAP,long,2026-09-30T12:45:00+00:00,2026-09-30T12:45:00+00:00,14.655324,14.74981743,84.4096934,1237.051406,14.58740931,5.732657827,10,123.7051406,1.365143435,1.241041791,0,6.611018109,partial,"VWAP sapma-dönüş (kaynak kuralları): kümülatif VWAP=14.7171 (300 bar), σ=0.0807876; bu bar -1.71σ ile bandın dışında kapandı ve kapanış long yönünde döndü; stop 1.5×0.5σ (14.5874), hedef VWAP mesafesinin %100'i (14.7171); yönetim: breakeven 1R, kısmi %50 @ 1.5R, takip geri verme %50 | arm=vwap_revert_src | combo=band0_tp2 | combo_r=-0.7033 | combo_n=40 | pick=explore",
vwap_clone,LINK-USDT-SWAP,long,2026-09-30T12:45:00+00:00,2026-09-30T12:45:00+00:00,14.655324,14.7097799,84.4096934,1237.051406,14.58740931,5.732657827,10,123.7051406,1.363284679,1.239351168,0,3.233321455,tp,"VWAP sapma-dönüş (kaynak kuralları): kümülatif VWAP=14.7171 (300 bar), σ=0.0807876; bu bar -1.71σ ile bandın dışında kapandı ve kapanış long yönünde döndü; stop 1.5×0.5σ (14.5874), hedef VWAP mesafesinin %100'i (14.7171); yönetim: breakeven 1R, kısmi %50 @ 1.5R, takip geri verme %50 | arm=vwap_revert_src | combo=band0_tp2 | combo_r=-0.7033 | combo_n=40 | pick=explore",
vwap_clone,XRP-USDT-SWAP,short,2026-09-30T13:00:00+00:00,2026-09-30T13:30:00+00:00,1.533233,1.51399019,808.4306106,1239.51249,1.546565951,10.77876608,10,123.951249,1.354907677,1.231738449,0,14.20156927,partial,"VWAP sapma-dönüş (kaynak kuralları): kümülatif VWAP=1.50651 (300 bar), σ=0.0101328; bu bar +2.83σ ile bandın dışında kapandı ve kapanış short yönünde döndü; stop 2.5×0.5σ (1.54657), hedef VWAP mesafesinin %75'i (1.51336); yönetim: breakeven 1R, kısmi %50 @ 1.5R, takip geri verme %50 | arm=vwap_revert_src | combo=band2_tp1 | combo_r=0.1583 | combo_n=15 | pick=exploit",
vwap_clone,XRP-USDT-SWAP,short,2026-09-30T13:00:00+00:00,2026-09-30T13:30:00+00:00,1.533233,1.514115032,808.4306106,1239.51249,1.546565951,10.77876608,10,123.951249,1.354963187,1.231788887,0,14.10058724,tp,"VWAP sapma-dönüş (kaynak kuralları): kümülatif VWAP=1.50651 (300 bar), σ=0.0101328; bu bar +2.83σ ile bandın dışında kapandı ve kapanış short yönünde döndü; stop 2.5×0.5σ (1.54657), hedef VWAP mesafesinin %75'i (1.51336); yönetim: breakeven 1R, kısmi %50 @ 1.5R, takip geri verme %50 | arm=vwap_revert_src | combo=band2_tp1 | combo_r=0.1583 | combo_n=15 | pick=exploit",
vwap_clone,AVAX-USDT-SWAP,short,2026-09-30T13:15:00+00:00,2026-09-30T13:30:00+00:00,11.272361,11.17605095,109.5810806,1235.237499,11.34029119,7.44386351,10,123.5237499,1.352956681,1.229963565,0,9.200802732,partial,"VWAP sapma-dönüş (kaynak kuralları): kümülatif VWAP=11.0187 (300 bar), σ=0.0632912; bu bar +4.22σ ile bandın dışında kapandı ve kapanış short yönünde döndü; stop 2×0.5σ (11.3403), hedef VWAP mesafesinin %75'i (11.0833); yönetim: breakeven 1R, kısmi %50 @ 1.5R, takip geri verme %50 | arm=vwap_revert_src | combo=band1_tp1 | combo_r=0.7443 | combo_n=12 | pick=exploit",
vwap_clone,AVAX-USDT-SWAP,short,2026-09-30T13:15:00+00:00,2026-09-30T13:30:00+00:00,11.272361,11.08884118,109.5810806,1235.237499,11.34029119,7.44386351,10,123.5237499,1.347700584,1.225187683,0,18.7625993,tp,"VWAP sapma-dönüş (kaynak kuralları): kümülatif VWAP=11.0187 (300 bar), σ=0.0632912; bu bar +4.22σ ile bandın dışında kapandı ve kapanış short yönünde döndü; stop 2×0.5σ (11.3403), hedef VWAP mesafesinin %75'i (11.0833); yönetim: breakeven 1R, kısmi %50 @ 1.5R, takip geri verme %50 | arm=vwap_revert_src | combo=band1_tp1 | combo_r=0.7443 | combo_n=12 | pick=exploit",
vwap_clone,DOGE-USDT-SWAP,short,2026-09-30T13:45:00+00:00,2026-09-30T14:15:00+00:00,0.0963518,0.09497786646,12981.9496,1250.834211,0.09729939916,12.30168453,10,125.0834211,1.366107648,1.241920813,0,16.4702283,partial,"VWAP sapma-dönüş (kaynak kuralları): kümülatif VWAP=0.0946487 (300 bar), σ=0.00118587; bu bar +1.72σ ile bandın dışında kapandı ve kapanış short yönünde döndü; stop 1.5×0.5σ (0.0972994), hedef VWAP mesafesinin %100'i (0.0946487); yönetim: breakeven 1R, kısmi %50 @ 1.5R, takip geri verme %50 | arm=vwap_revert_src | combo=band0_tp2 | combo_r=-0.2227 | combo_n=5 | pick=explore",
vwap_clone,DOGE-USDT-SWAP,short,2026-09-30T13:45:00+00:00,2026-09-30T14:15:00+00:00,0.0963518,0.09469598392,12981.9496,1250.834211,0.09729939916,12.30168453,10,125.0834211,1.364094986,1.240092035,0,20.13162594,tp,"VWAP sapma-dönüş (kaynak kuralları): kümülatif VWAP=0.0946487 (300 bar), σ=0.00118587; bu bar +1.72σ ile bandın dışında kapandı ve kapanış short yönünde döndü; stop 1.5×0.5σ (0.0972994), hedef VWAP mesafesinin %100'i (0.0946487); yönetim: breakeven 1R, kısmi %50 @ 1.5R, takip geri verme %50 | arm=vwap_revert_src | combo=band0_tp2 | combo_r=-0.2227 | combo_n=5 | pick=explore",
vwap_clone,ETHFI-USDT-SWAP,short,2026-09-30T13:45:00+00:00,2026-09-30T15:00:00+00:00,0.77571195,0.7768755179,3223.303101,2500.354734,0.7847102337,29.00419575,10,250.0354734,2.752453,5.001334869,0,-6.502985101,stop,"VWAP sapma-dönüş (kaynak kuralları): kümülatif VWAP=0.734865 (300 bar), σ=0.00672819; bu bar +6.43σ ile bandın dışında kapandı ve kapanış short yönünde döndü; stop 2.5×0.5σ (0.78471), hedef VWAP mesafesinin %50'i (0.755583); yönetim: breakeven 1R, kısmi %50 @ 1.5R, takip geri verme %50 | arm=vwap_revert_src | combo=band2_tp0 | combo_r=1.031 | combo_n=5 | pick=exploit",exit_rule=breakeven
vwap_clone,NEAR-USDT-SWAP,short,2026-09-30T13:00:00+00:00,2026-09-30T16:00:00+00:00,5.3243365,5.332323005,465.3581123,2477.723183,5.468192915,66.94474986,10,247.7723183,2.727539623,4.956066106,0.2469190144,-6.197205382,stop,"VWAP sapma-dönüş (kaynak kuralları): kümülatif VWAP=5.03949 (300 bar), σ=0.112954; bu bar +2.73σ ile bandın dışında kapandı ve kapanış short yönünde döndü; stop 2.5×0.5σ (5.46819), hedef VWAP mesafesinin %75'i (5.11137); yönetim: breakeven 1R, kısmi %50 @ 1.5R, takip geri verme %50 | arm=vwap_revert_src | combo=band2_tp1 | combo_r=0.55 | combo_n=32 | pick=exploit",exit_rule=breakeven
vwap_clone,LINK-USDT-SWAP,long,2026-09-30T15:00:00+00:00,2026-09-30T16:00:00+00:00,14.2081005,14.38540263,89.68719422,1274.284669,14.08510155,11.03143103,10,127.4284669,1.410459088,1.28223983,-0.09569346715,14.39557809,partial,"VWAP sapma-dönüş (kaynak kuralları): kümülatif VWAP=14.7037 (300 bar), σ=0.155865; bu bar -3.52σ ile bandın dışında kapandı ve kapanış long yönünde döndü; stop 1.5×0.5σ (14.0851), hedef VWAP mesafesinin %100'i (14.7037); yönetim: breakeven 1R, kısmi %50 @ 1.5R, takip geri verme %50 | arm=vwap_revert_src | combo=band0_tp2 | combo_r=0.1899 | combo_n=3 | pick=exploit",
vwap_clone,ETHFI-USDT-SWAP,short,2026-09-30T15:30:00+00:00,2026-09-30T16:00:00+00:00,0.76991485,0.7793186664,3319.503691,2555.735186,0.7781514392,27.34138841,10,255.5735186,2.828477507,5.153121709,-0.1597555978,-34.20423637,stop,"VWAP sapma-dönüş (kaynak kuralları): kümülatif VWAP=0.735944 (300 bar), σ=0.00636115; bu bar +5.34σ ile bandın dışında kapandı ve kapanış short yönünde döndü; stop 2.5×0.5σ (0.778151), hedef VWAP mesafesinin %50'i (0.753072); yönetim: breakeven 1R, kısmi %50 @ 1.5R, takip geri verme %50 | arm=vwap_revert_src | combo=band2_tp0 | combo_r=0.8221 | combo_n=6 | pick=exploit",
vwap_clone,LINK-USDT-SWAP,long,2026-09-30T15:00:00+00:00,2026-09-30T16:15:00+00:00,14.2081005,14.362815,89.68719422,1274.284669,14.08510155,11.03143103,10,127.4284669,1.409344886,1.281226413,-0.09569346715,12.37087106,stop,"VWAP sapma-dönüş (kaynak kuralları): kümülatif VWAP=14.7037 (300 bar), σ=0.155865; bu bar -3.52σ ile bandın dışında kapandı ve kapanış long yönünde döndü; stop 1.5×0.5σ (14.0851), hedef VWAP mesafesinin %100'i (14.7037); yönetim: breakeven 1R, kısmi %50 @ 1.5R, takip geri verme %50 | arm=vwap_revert_src | combo=band0_tp2 | combo_r=0.1899 | combo_n=3 | pick=exploit",exit_rule=partial
vwap_clone,ETHFI-USDT-SWAP,short,2026-09-30T17:00:00+00:00,2026-09-30T17:00:00+00:00,0.7888054,0.798280578,3192.502051,2518.262857,0.7970849505,26.43248208,10,251.8262857,2.786726382,5.076804319,0,-33.03625147,stop,"VWAP sapma-dönüş (kaynak kuralları): kümülatif VWAP=0.736781 (300 bar), σ=0.00630796; bu bar +8.23σ ile bandın dışında kapandı ve kapanış short yönünde döndü; stop 2.5×0.5σ (0.797085), hedef VWAP mesafesinin %50'i (0.76299); yönetim: breakeven 1R, kısmi %50 @ 1.5R, takip geri verme %50 | arm=vwap_revert_src | combo=band2_tp0 | combo_r=0.5259 | combo_n=7 | pick=exploit",
vwap_clone,ETHFI-USDT-SWAP,short,2026-09-30T17:30:00+00:00,2026-09-30T18:00:00+00:00,0.8063966,0.7876593494,1550.812917,1250.570263,0.8191505223,19.7789474,10,125.0570263,1.359645406,1.236048852,0,27.69832477,partial,"VWAP sapma-dönüş (kaynak kuralları): kümülatif VWAP=0.739416 (300 bar), σ=0.00996042; bu bar +6.91σ ile bandın dışında kapandı ve kapanış short yönünde döndü; stop 2.5×0.5σ (0.819151), hedef VWAP mesafesinin %75'i (0.756237); yönetim: breakeven 1R, kısmi %50 @ 1.5R, takip geri verme %50 | arm=vwap_revert_src | combo=band2_tp1 | combo_r=0.3876 | combo_n=23 | pick=exploit",
vwap_clone,NEAR-USDT-SWAP,short,2026-09-30T17:00:00+00:00,2026-09-30T18:15:00+00:00,5.4162905,5.424414936,464.6982016,2516.940455,5.509235531,43.1913889,10,251.6940455,2.770710976,5.034510459,0,-6.546121658,stop,"VWAP sapma-dönüş (kaynak kuralları): kümülatif VWAP=5.05577 (300 bar), σ=0.0713884; bu bar +5.49σ ile bandın dışında kapandı ve kapanış short yönünde döndü; stop 2.5×0.5σ (5.50924), hedef VWAP mesafesinin %75'i (5.14683); yönetim: breakeven 1R, kısmi %50 @ 1.5R, takip geri verme %50 | arm=vwap_revert_src | combo=band2_tp1 | combo_r=0.5305 | combo_n=33 | pick=exploit",exit_rule=breakeven
vwap_clone,ETHFI-USDT-SWAP,short,2026-09-30T17:30:00+00:00,2026-09-30T18:15:00+00:00,0.8063966,0.7884466152,1550.812917,1250.570263,0.8191505223,19.7789474,10,125.0570263,1.360316902,2.456950694,0,26.47675143,stop,"VWAP sapma-dönüş (kaynak kuralları): kümülatif VWAP=0.739416 (300 bar), σ=0.00996042; bu bar +6.91σ ile bandın dışında kapandı ve kapanış short yönünde döndü; stop 2.5×0.5σ (0.819151), hedef VWAP mesafesinin %75'i (0.756237); yönetim: breakeven 1R, kısmi %50 @ 1.5R, takip geri verme %50 | arm=vwap_revert_src | combo=band2_tp1 | combo_r=0.3876 | combo_n=23 | pick=exploit",exit_rule=partial
vwap_clone,XRP-USDT-SWAP,long,2026-09-30T19:00:00+00:00,2026-09-30T19:00:00+00:00,1.4955474,1.488913524,1684.654571,2519.480764,1.489658353,9.92100942,10,251.9480764,2.765282156,2.513890704,0,-13.94107145,stop,"VWAP sapma-dönüş (kaynak kuralları): kümülatif VWAP=1.50508 (300 bar), σ=0.00685553; bu bar -1.77σ ile bandın dışında kapandı ve kapanış long yönünde döndü; stop 1.5×0.5σ (1.48966), hedef VWAP mesafesinin %75'i (1.50251); yönetim: breakeven 1R, kısmi %50 @ 1.5R, takip geri verme %50 | arm=vwap_revert_src | combo=band0_tp1 | combo_r=-0.05228 | combo_n=11 | pick=explore",
vwap_clone,LINK-USDT-SWAP,long,2026-09-30T16:30:00+00:00,2026-09-30T19:15:00+00:00,14.3961945,14.24892428,174.7260152,2515.389698,14.2560523,24.4864875,10,251.5389698,2.752776102,2.502517922,0,-28.4847152,stop,"VWAP sapma-dönüş (kaynak kuralları): kümülatif VWAP=14.7023 (300 bar), σ=0.178597; bu bar -1.78σ ile bandın dışında kapandı ve kapanış long yönünde döndü; stop 1.5×0.5σ (14.2561), hedef VWAP mesafesinin %100'i (14.7023); yönetim: breakeven 1R, kısmi %50 @ 1.5R, takip geri verme %50 | arm=vwap_revert_src | combo=band0_tp2 | combo_r=0.5992 | combo_n=5 | pick=exploit",
vwap_clone,ETHFI-USDT-SWAP,short,2026-09-30T18:45:00+00:00,2026-09-30T19:45:00+00:00,0.7814091,0.7619760452,1609.208878,1257.450461,0.7946183349,21.25641812,10,125.7450461,1.365995993,1.241822667,0,29.90584826,partial,"VWAP sapma-dönüş (kaynak kuralları): kümülatif VWAP=0.742515 (300 bar), σ=0.0103347; bu bar +4.09σ ile bandın dışında kapandı ve kapanış short yönünde döndü; stop 2.5×0.5σ (0.794618), hedef VWAP mesafesinin %75'i (0.752311); yönetim: breakeven 1R, kısmi %50 @ 1.5R, takip geri verme %50 | arm=vwap_revert_src | combo=band2_tp1 | combo_r=0.4661 | combo_n=25 | pick=exploit",
vwap_clone,ETH-USDT-SWAP,long,2026-09-30T19:45:00+00:00,2026-09-30T19:45:00+00:00,2676.027345,2668.88562,0.9434442568,2524.68263,2670.220731,5.478216874,10,252.468263,2.773445092,2.521312666,0,-9.511264173,stop,"VWAP sapma-dönüş (kaynak kuralları): kümülatif VWAP=2686.39 (300 bar), σ=5.95903; bu bar -1.86σ ile bandın dışında kapandı ve kapanış long yönünde döndü; stop 1.5×0.5σ (2670.22), hedef VWAP mesafesinin %100'i (2686.39); yönetim: breakeven 1R, kısmi %50 @ 1.5R, takip geri verme %50 | arm=vwap_revert_src | combo=band0_tp2 | combo_r=-0.6958 | combo_n=4 | pick=explore",
vwap_clone,ETHFI-USDT-SWAP,short,2026-09-30T18:45:00+00:00,2026-09-30T20:00:00+00:00,0.7814091,0.7627376405,1609.208878,1257.450461,0.7946183349,21.25641812,10,125.7450461,1.366670054,2.467388501,0,28.67960837,stop,"VWAP sapma-dönüş (kaynak kuralları): kümülatif VWAP=0.742515 (300 bar), σ=0.0103347; bu bar +4.09σ ile bandın dışında kapandı ve kapanış short yönünde döndü; stop 2.5×0.5σ (0.794618), hedef VWAP mesafesinin %75'i (0.752311); yönetim: breakeven 1R, kısmi %50 @ 1.5R, takip geri verme %50 | arm=vwap_revert_src | combo=band2_tp1 | combo_r=0.4661 | combo_n=25 | pick=exploit",exit_rule=partial
vwap_clone,ADA-USDT-SWAP,long,2026-09-30T19:30:00+00:00,2026-09-30T20:15:00+00:00,0.24262125,0.2449162002,5180.132622,1256.810252,0.2410096036,8.348541989,10,125.6810252,1.389029758,1.262757613,0,10.49911669,partial,"VWAP sapma-dönüş (kaynak kuralları): kümülatif VWAP=0.247784 (300 bar), σ=0.00212053; bu bar -2.66σ ile bandın dışında kapandı ve kapanış long yönünde döndü; stop 1.5×0.5σ (0.24101), hedef VWAP mesafesinin %100'i (0.247784); yönetim: breakeven 1R, kısmi %50 @ 1.5R, takip geri verme %50 | arm=vwap_revert_src | combo=band0_tp2 | combo_r=0.314 | combo_n=3 | pick=explore",
vwap_clone,ADA-USDT-SWAP,long,2026-09-30T19:30:00+00:00,2026-09-30T20:30:00+00:00,0.24262125,0.24477755,5180.132622,1256.810252,0.2410096036,8.348541989,10,125.6810252,1.388634733,1.26239832,0,9.781285239,stop,"VWAP sapma-dönüş (kaynak kuralları): kümülatif VWAP=0.247784 (300 bar), σ=0.00212053; bu bar -2.66σ ile bandın dışında kapandı ve kapanış long yönünde döndü; stop 1.5×0.5σ (0.24101), hedef VWAP mesafesinin %100'i (0.247784); yönetim: breakeven 1R, kısmi %50 @ 1.5R, takip geri verme %50 | arm=vwap_revert_src | combo=band0_tp2 | combo_r=0.314 | combo_n=3 | pick=explore",exit_rule=partial
vwap_clone,PENGU-USDT-SWAP,long,2026-09-30T19:30:00+00:00,2026-09-30T20:45:00+00:00,0.009656826,0.009651997587,260158.0651,2512.301167,0.009573785856,21.60356318,10,251.2301167,2.762840401,2.511673406,0,-4.018990984,stop,"VWAP sapma-dönüş (kaynak kuralları): kümülatif VWAP=0.00984419 (300 bar), σ=0.000105619; bu bar -1.94σ ile bandın dışında kapandı ve kapanış long yönünde döndü; stop 1.5×0.5σ (0.00957379), hedef VWAP mesafesinin %75'i (0.00979639); yönetim: breakeven 1R, kısmi %50 @ 1.5R, takip geri verme %50 | arm=vwap_revert_src | combo=band0_tp1 | combo_r=-0.6858 | combo_n=4 | pick=explore",exit_rule=breakeven
vwap_clone,NEAR-USDT-SWAP,short,2026-09-30T18:45:00+00:00,2026-09-30T21:00:00+00:00,5.3943015,5.402392952,465.9695578,2513.580285,5.487912736,43.6199861,10,251.3580285,2.767012017,5.027789279,0,-6.537382444,stop,"VWAP sapma-dönüş (kaynak kuralları): kümülatif VWAP=5.0608 (300 bar), σ=0.0727302; bu bar +4.88σ ile bandın dışında kapandı ve kapanış short yönünde döndü; stop 2.5×0.5σ (5.48791), hedef VWAP mesafesinin %75'i (5.14485); yönetim: breakeven 1R, kısmi %50 @ 1.5R, takip geri verme %50 | arm=vwap_revert_src | combo=band2_tp1 | combo_r=0.5104 | combo_n=34 | pick=exploit",exit_rule=breakeven
vwap_clone,ETH-USDT-SWAP,long,2026-09-30T20:15:00+00:00,2026-09-30T21:00:00+00:00,2674.646655,2681.722592,0.9503843343,2541.942281,2666.579651,7.666753931,10,254.1942281,2.799835182,2.545307028,0,3.925024758,tp,"VWAP sapma-dönüş (kaynak kuralları): kümülatif VWAP=2686.32 (300 bar), σ=6.73035; bu bar -2.22σ ile bandın dışında kapandı ve kapanış long yönünde döndü; stop 2×0.5σ (2666.58), hedef VWAP mesafesinin %75'i (2683.06); yönetim: breakeven 1R, kısmi %50 @ 1.5R, takip geri verme %50 | arm=vwap_revert_src | combo=band1_tp1 | combo_r=-0.5987 | combo_n=8 | pick=explore",
vwap_clone,XRP-USDT-SWAP,long,2026-09-30T21:15:00+00:00,2026-09-30T21:45:00+00:00,1.49204565,1.484764288,1697.558503,2532.834779,1.485507041,11.09967106,10,253.2834779,2.779319961,2.526652052,0,-15.13985857,stop,"VWAP sapma-dönüş (kaynak kuralları): kümülatif VWAP=1.50452 (300 bar), σ=0.00772395; bu bar -1.70σ ile bandın dışında kapandı ve kapanış long yönünde döndü; stop 1.5×0.5σ (1.48551), hedef VWAP mesafesinin %75'i (1.50121); yönetim: breakeven 1R, kısmi %50 @ 1.5R, takip geri verme %50 | arm=vwap_revert_src | combo=band0_tp1 | combo_r=-0.165 | combo_n=12 | pick=explore",
vwap_clone,AVAX-USDT-SWAP,long,2026-09-30T21:15:00+00:00,2026-09-30T21:45:00+00:00,10.9304625,10.89079858,231.6009371,2531.505358,10.8962467,7.924410552,10,253.1505358,2.779603483,2.526910592,0,-11.96580451,stop,"VWAP sapma-dönüş (kaynak kuralları): kümülatif VWAP=11.0204 (300 bar), σ=0.0423377; bu bar -2.21σ ile bandın dışında kapandı ve kapanış long yönünde döndü; stop 1.5×0.5σ (10.8962), hedef VWAP mesafesinin %50'i (10.9742); yönetim: breakeven 1R, kısmi %50 @ 1.5R, takip geri verme %50 | arm=vwap_revert_src | combo=band0_tp0 | combo_r=-0.8766 | combo_n=31 | pick=explore",
vwap_clone,LINK-USDT-SWAP,long,2026-09-30T21:15:00+00:00,2026-09-30T22:00:00+00:00,14.331162,14.27586089,176.5506966,2530.176634,14.28300239,8.502612827,10,253.0176634,2.7778244,2.525293099,0,-12.54127424,stop,"VWAP sapma-dönüş (kaynak kuralları): kümülatif VWAP=14.706 (300 bar), σ=0.0546635; bu bar -6.95σ ile bandın dışında kapandı ve kapanış long yönünde döndü; stop 1.5×0.5σ (14.283), hedef VWAP mesafesinin %100'i (14.706); yönetim: breakeven 1R, kısmi %50 @ 1.5R, takip geri verme %50 | arm=vwap_revert_src | combo=band0_tp2 | combo_r=0.3055 | combo_n=6 | pick=exploit",
vwap_clone,NEAR-USDT-SWAP,short,2026-09-30T21:15:00+00:00,2026-09-30T22:00:00+00:00,5.3183395,5.326317009,475.4958962,2528.848607,5.36296972,21.22148636,10,252.8848607,2.783819768,5.058329742,0,-6.577092678,stop,"VWAP sapma-dönüş (kaynak kuralları): kümülatif VWAP=5.06564 (300 bar), σ=0.0429697; bu bar +6.49σ ile bandın dışında kapandı ve kapanış short yönünde döndü; stop 2×0.5σ (5.36297), hedef VWAP mesafesinin %50'i (5.19282); yönetim: breakeven 1R, kısmi %50 @ 1.5R, takip geri verme %50 | arm=vwap_revert_src | combo=band1_tp0 | combo_r=-0.4446 | combo_n=107 | pick=explore",exit_rule=breakeven
vwap_clone,NEAR-USDT-SWAP,short,2026-09-30T22:15:00+00:00,2026-09-30T22:15:00+00:00,5.2703635,5.342659855,475.677579,2506.99375,5.334657869,30.58338963,10,250.699375,2.776607491,5.060489647,0,-37.16636283,stop,"VWAP sapma-dönüş (kaynak kuralları): kümülatif VWAP=5.06217 (300 bar), σ=0.0493263; bu bar +4.34σ ile bandın dışında kapandı ve kapanış short yönünde döndü; stop 2.5×0.5σ (5.33466), hedef VWAP mesafesinin %75'i (5.11488); yönetim: breakeven 1R, kısmi %50 @ 1.5R, takip geri verme %50 | arm=vwap_revert_src | combo=band2_tp1 | combo_r=0.4916 | combo_n=35 | pick=exploit",
vwap_clone,ADA-USDT-SWAP,long,2026-09-30T22:15:00+00:00,2026-09-30T22:30:00+00:00,0.24442215,0.2464089725,5131.102684,1254.15515,0.2430154242,7.218054337,10,125.415515,1.38517769,1.259255308,0,8.8094127,partial,"VWAP sapma-dönüş (kaynak kuralları): kümülatif VWAP=0.247583 (300 bar), σ=0.00138458; bu bar -2.56σ ile bandın dışında kapandı ve kapanış long yönünde döndü; stop 2×0.5σ (0.243015), hedef VWAP mesafesinin %100'i (0.247583); yönetim: breakeven 1R, kısmi %50 @ 1.5R, takip geri verme %50 | arm=vwap_revert_src | combo=band1_tp2 | combo_r=-0.3753 | combo_n=70 | pick=explore",
vwap_clone,ADA-USDT-SWAP,long,2026-09-30T22:15:00+00:00,2026-09-30T22:30:00+00:00,0.24442215,0.2474596679,5131.102684,1254.15515,0.2430154242,7.218054337,10,125.415515,1.388142864,1.26195227,0,14.19767331,tp,"VWAP sapma-dönüş (kaynak kuralları): kümülatif VWAP=0.247583 (300 bar), σ=0.00138458; bu bar -2.56σ ile bandın dışında kapandı ve kapanış long yönünde döndü; stop 2×0.5σ (0.243015), hedef VWAP mesafesinin %100'i (0.247583); yönetim: breakeven 1R, kısmi %50 @ 1.5R, takip geri verme %50 | arm=vwap_revert_src | combo=band1_tp2 | combo_r=-0.3753 | combo_n=70 | pick=explore",
vwap_clone,LINK-USDT-SWAP,long,2026-09-30T22:45:00+00:00,2026-09-30T22:45:00+00:00,14.4082005,14.3538483,174.0173773,2507.277263,14.36102881,8.208692909,10,250.7277263,2.752802964,2.50254641,0,-12.21103016,stop,"VWAP sapma-dönüş (kaynak kuralları): kümülatif VWAP=14.7061 (300 bar), σ=0.0399712; bu bar -7.71σ ile bandın dışında kapandı ve kapanış long yönünde döndü; stop 2×0.5σ (14.361), hedef VWAP mesafesinin %75'i (14.6298); yönetim: breakeven 1R, kısmi %50 @ 1.5R, takip geri verme %50 | arm=vwap_revert_src | combo=band1_tp1 | combo_r=0.165 | combo_n=5 | pick=exploit",
vwap_clone,NEAR-USDT-SWAP,short,2026-09-30T23:00:00+00:00,2026-09-30T23:00:00+00:00,5.3283345,5.398013537,468.1406484,2494.409968,5.389928644,28.83472257,10,249.4409968,2.761791739,5.032695933,0,-35.38138135,stop,"VWAP sapma-dönüş (kaynak kuralları): kümülatif VWAP=5.06095 (300 bar), σ=0.0471429; bu bar +6.25σ ile bandın dışında kapandı ve kapanış short yönünde döndü; stop 2.5×0.5σ (5.38993), hedef VWAP mesafesinin %75'i (5.12846); yönetim: breakeven 1R, kısmi %50 @ 1.5R, takip geri verme %50 | arm=vwap_revert_src | combo=band2_tp1 | combo_r=0.4442 | combo_n=36 | pick=exploit",
vwap_clone,AVAX-USDT-SWAP,long,2026-09-30T22:30:00+00:00,2026-09-30T23:15:00+00:00,10.949472,10.99539776,228.3861429,2500.707677,10.90937898,9.156690617,10,250.0707677,2.756547288,2.505955329,0,7.732259864,tp,"VWAP sapma-dönüş (kaynak kuralları): kümülatif VWAP=11.0199 (300 bar), σ=0.034621; bu bar -2.75σ ile bandın dışında kapandı ve kapanış long yönünde döndü; stop 2×0.5σ (10.9094), hedef VWAP mesafesinin %75'i (11.0009); yönetim: breakeven 1R, kısmi %50 @ 1.5R, takip geri verme %50 | arm=vwap_revert_src | combo=band1_tp1 | combo_r=0.9063 | combo_n=14 | pick=exploit",
vwap_clone,LINK-USDT-SWAP,long,2026-09-30T23:30:00+00:00,2026-10-01T00:00:00+00:00,14.3961945,14.32288228,172.1564388,2478.397577,14.33004731,11.38766547,10,247.8397577,2.719295691,2.472084455,-0.2124083055,-15.55287442,stop,"VWAP sapma-dönüş (kaynak kuralları): kümülatif VWAP=14.7053 (300 bar), σ=0.0471622; bu bar -6.60σ ile bandın dışında kapandı ve kapanış long yönünde döndü; stop 2.5×0.5σ (14.33), hedef VWAP mesafesinin %100'i (14.7053); yönetim: breakeven 1R, kısmi %50 @ 1.5R, takip geri verme %50 | arm=vwap_revert_src | combo=band2_tp2 | combo_r=0.06277 | combo_n=8 | pick=exploit",
vwap_clone,NEAR-USDT-SWAP,short,2026-09-30T23:30:00+00:00,2026-10-01T00:15:00+00:00,5.3643165,5.279545773,230.8865191,1238.548364,5.422589287,13.45440098,10,123.8548364,1.35163837,1.228767355,0.1232703125,18.34405002,partial,"VWAP sapma-dönüş (kaynak kuralları): kümülatif VWAP=5.06027 (300 bar), σ=0.0444714; bu bar +6.90σ ile bandın dışında kapandı ve kapanış short yönünde döndü; stop 2.5×0.5σ (5.42259), hedef VWAP mesafesinin %100'i (5.06027); yönetim: breakeven 1R, kısmi %50 @ 1.5R, takip geri verme %50 | arm=vwap_revert_src | combo=band2_tp2 | combo_r=-0.08075 | combo_n=5 | pick=explore",
vwap_clone,NEAR-USDT-SWAP,short,2026-09-30T23:30:00+00:00,2026-10-01T00:30:00+00:00,5.3643165,5.317965,230.8865191,1238.548364,5.422589287,13.45440098,10,123.8548364,1.356517135,2.458595098,0.1232703125,9.468689667,stop,"VWAP sapma-dönüş (kaynak kuralları): kümülatif VWAP=5.06027 (300 bar), σ=0.0444714; bu bar +6.90σ ile bandın dışında kapandı ve kapanış short yönünde döndü; stop 2.5×0.5σ (5.42259), hedef VWAP mesafesinin %100'i (5.06027); yönetim: breakeven 1R, kısmi %50 @ 1.5R, takip geri verme %50 | arm=vwap_revert_src | combo=band2_tp2 | combo_r=-0.08075 | combo_n=5 | pick=explore",exit_rule=partial
vwap_clone,BNB-USDT-SWAP,short,2026-10-01T00:00:00+00:00,2026-10-01T01:00:00+00:00,768.31565,771.4969584,3.228867686,2480.789575,770.3414463,6.541028129,10,248.0789575,2.734518146,4.9720112,0,-13.00654218,stop,"VWAP sapma-dönüş (kaynak kuralları): kümülatif VWAP=764.724 (300 bar), σ=1.31316; bu bar +3.18σ ile bandın dışında kapandı ve kapanış short yönünde döndü; stop 2.5×0.5σ (770.341), hedef VWAP mesafesinin %100'i (764.724); yönetim: breakeven 1R, kısmi %50 @ 1.5R, takip geri verme %50 | arm=vwap_revert_src | combo=band2_tp2 | combo_r=-0.2684 | combo_n=5 | pick=exploit",
vwap_clone,BTC-USDT-SWAP,long,2026-10-01T00:45:00+00:00,2026-10-01T01:15:00+00:00,83581.66995,83586.97316,0.02974286862,2485.958628,83449.24885,3.938583462,10,248.5958628,2.734641244,2.486038155,0,-2.576908482,tp,"VWAP sapma-dönüş (kaynak kuralları): kümülatif VWAP=83717.6 (300 bar), σ=90.7512; bu bar -2.47σ ile bandın dışında kapandı ve kapanış long yönünde döndü; stop 2×0.5σ (83449.2), hedef VWAP mesafesinin %50'i (83628.8); yönetim: breakeven 1R, kısmi %50 @ 1.5R, takip geri verme %50 | arm=vwap_revert_src | combo=band1_tp0 | combo_r=-0.3297 | combo_n=60 | pick=exploit",
vwap_clone,AVAX-USDT-SWAP,long,2026-10-01T01:30:00+00:00,2026-10-01T01:30:00+00:00,10.897446,10.84868556,227.4714441,2478.857779,10.85411261,9.857107881,10,247.8857779,2.720643172,2.47330982,0,-13.81225139,stop,"VWAP sapma-dönüş (kaynak kuralları): kümülatif VWAP=11.0202 (300 bar), σ=0.0358874; bu bar -3.66σ ile bandın dışında kapandı ve kapanış long yönünde döndü; stop 2×0.5σ (10.8541), hedef VWAP mesafesinin %75'i (10.9877); yönetim: breakeven 1R, kısmi %50 @ 1.5R, takip geri verme %50 | arm=vwap_revert_src | combo=band1_tp1 | combo_r=0.9022 | combo_n=15 | pick=exploit",
vwap_clone,SOL-USDT-SWAP,long,2026-09-30T23:15:00+00:00,2026-10-01T02:15:00+00:00,118.249095,117.7041199,20.95315267,2477.69134,117.7630014,10.18519364,10,247.769134,2.719180053,2.47197963,0.1602979756,-13.97782879,stop,"VWAP sapma-dönüş (kaynak kuralları): kümülatif VWAP=119.35 (300 bar), σ=0.341599; bu bar -3.23σ ile bandın dışında kapandı ve kapanış long yönünde döndü; stop 2.5×0.5σ (117.763), hedef VWAP mesafesinin %50'i (118.77); yönetim: breakeven 1R, kısmi %50 @ 1.5R, takip geri verme %50 | arm=vwap_revert_src | combo=band2_tp0 | combo_r=0.184 | combo_n=14 | pick=exploit",
vwap_clone,BNB-USDT-SWAP,short,2026-10-01T01:15:00+00:00,2026-10-01T02:15:00+00:00,769.2152,767.5332939,1.615493091,1242.661841,770.5921873,2.224513529,10,124.2661841,1.365433616,1.241304277,0,1.351674142,partial,"VWAP sapma-dönüş (kaynak kuralları): kümülatif VWAP=764.671 (300 bar), σ=1.18958; bu bar +4.56σ ile bandın dışında kapandı ve kapanış short yönünde döndü; stop 1.5×0.5σ (770.592), hedef VWAP mesafesinin %75'i (765.929); yönetim: breakeven 1R, kısmi %50 @ 1.5R, takip geri verme %50 | arm=vwap_revert_src | combo=band0_tp1 | combo_r=-0.4083 | combo_n=12 | pick=explore",
vwap_clone,BNB-USDT-SWAP,short,2026-10-01T01:15:00+00:00,2026-10-01T02:30:00+00:00,769.2152,768.45095,1.615493091,1242.661841,770.5921873,2.224513529,10,124.2661841,1.366248973,2.480993515,0,-0.1316083781,stop,"VWAP sapma-dönüş (kaynak kuralları): kümülatif VWAP=764.671 (300 bar), σ=1.18958; bu bar +4.56σ ile bandın dışında kapandı ve kapanış short yönünde döndü; stop 1.5×0.5σ (770.592), hedef VWAP mesafesinin %75'i (765.929); yönetim: breakeven 1R, kısmi %50 @ 1.5R, takip geri verme %50 | arm=vwap_revert_src | combo=band0_tp1 | combo_r=-0.4083 | combo_n=12 | pick=explore",exit_rule=partial
vwap_clone,DOGE-USDT-SWAP,short,2026-10-01T01:45:00+00:00,2026-10-01T02:30:00+00:00,0.09479258,0.09523161385,26102.39121,2474.313007,0.09508898038,7.736758554,10,247.4313007,2.728047216,4.960850039,0,-14.18788042,stop,"VWAP sapma-dönüş (kaynak kuralları): kümülatif VWAP=0.0943017 (300 bar), σ=0.000207184; bu bar +2.74σ ile bandın dışında kapandı ve kapanış short yönünde döndü; stop 2.5×0.5σ (0.095089), hedef VWAP mesafesinin %100'i (0.0943017); yönetim: breakeven 1R, kısmi %50 @ 1.5R, takip geri verme %50 | arm=vwap_revert_src | combo=band2_tp2 | combo_r=0.4892 | combo_n=26 | pick=exploit",
vwap_clone,AVAX-USDT-SWAP,long,2026-10-01T02:30:00+00:00,2026-10-01T02:30:00+00:00,10.931463,10.99601347,113.1447243,1236.837367,10.88476218,5.283951252,10,123.6837367,1.364538054,1.240491276,0,5.939007177,partial,"VWAP sapma-dönüş (kaynak kuralları): kümülatif VWAP=11.0219 (300 bar), σ=0.0402378; bu bar -3.01σ ile bandın dışında kapandı ve kapanış long yönünde döndü; stop 2×0.5σ (10.8848), hedef VWAP mesafesinin %75'i (10.9977); yönetim: breakeven 1R, kısmi %50 @ 1.5R, takip geri verme %50 | arm=vwap_revert_src | combo=band1_tp1 | combo_r=0.7582 | combo_n=16 | pick=exploit",
vwap_clone,AVAX-USDT-SWAP,long,2026-10-01T02:30:00+00:00,2026-10-01T02:30:00+00:00,10.931463,10.99215978,113.1447243,1236.837367,10.88476218,5.283951252,10,123.6837367,1.36429824,1.240273155,0,5.503222632,tp,"VWAP sapma-dönüş (kaynak kuralları): kümülatif VWAP=11.0219 (300 bar), σ=0.0402378; bu bar -3.01σ ile bandın dışında kapandı ve kapanış long yönünde döndü; stop 2×0.5σ (10.8848), hedef VWAP mesafesinin %75'i (10.9977); yönetim: breakeven 1R, kısmi %50 @ 1.5R, takip geri verme %50 | arm=vwap_revert_src | combo=band1_tp1 | combo_r=0.7582 | combo_n=16 | pick=exploit",
vwap_clone,PENGU-USDT-SWAP,long,2026-10-01T02:45:00+00:00,2026-10-01T02:45:00+00:00,0.009676836,0.009752386623,127639.4397,1235.145925,0.009623216496,6.843963446,10,123.5145925,1.363964299,1.239970266,0,8.279274934,partial,"VWAP sapma-dönüş (kaynak kuralları): kümülatif VWAP=0.00981757 (300 bar), σ=3.98268e-05; bu bar -3.76σ ile bandın dışında kapandı ve kapanış long yönünde döndü; stop 2.5×0.5σ (0.00962322), hedef VWAP mesafesinin %75'i (0.00978143); yönetim: breakeven 1R, kısmi %50 @ 1.5R, takip geri verme %50 | arm=vwap_revert_src | combo=band2_tp1 | combo_r=0.4651 | combo_n=16 | pick=exploit",
vwap_clone,PENGU-USDT-SWAP,long,2026-10-01T02:45:00+00:00,2026-10-01T03:00:00+00:00,0.009676836,0.009752386623,127639.4397,1235.145925,0.009623216496,6.843963446,10,123.5145925,1.363964299,1.239970266,0,8.279274934,stop,"VWAP sapma-dönüş (kaynak kuralları): kümülatif VWAP=0.00981757 (300 bar), σ=3.98268e-05; bu bar -3.76σ ile bandın dışında kapandı ve kapanış long yönünde döndü; stop 2.5×0.5σ (0.00962322), hedef VWAP mesafesinin %75'i (0.00978143); yönetim: breakeven 1R, kısmi %50 @ 1.5R, takip geri verme %50 | arm=vwap_revert_src | combo=band2_tp1 | combo_r=0.4651 | combo_n=16 | pick=exploit",exit_rule=partial
vwap_clone,LINK-USDT-SWAP,long,2026-10-01T02:45:00+00:00,2026-10-01T03:15:00+00:00,14.42721,14.418787,171.3144209,2471.589126,14.39563863,5.408630717,10,247.1589126,2.717954399,2.470867892,0,-4.160935766,stop,"VWAP sapma-dönüş (kaynak kuralları): kümülatif VWAP=14.7105 (300 bar), σ=0.0338152; bu bar -8.81σ ile bandın dışında kapandı ve kapanış long yönünde döndü; stop 1.5×0.5σ (14.3956), hedef VWAP mesafesinin %100'i (14.7105); yönetim: breakeven 1R, kısmi %50 @ 1.5R, takip geri verme %50 | arm=vwap_revert_src | combo=band0_tp2 | combo_r=0.05113 | combo_n=7 | pick=exploit",exit_rule=breakeven
vwap_clone,BNB-USDT-SWAP,short,2026-10-01T03:15:00+00:00,2026-10-01T03:30:00+00:00,766.8164,769.0619318,3.230175968,2476.951907,767.9100667,3.532735942,10,247.6951907,2.728636502,4.959822465,0,-9.982099409,stop,"VWAP sapma-dönüş (kaynak kuralları): kümülatif VWAP=764.554 (300 bar), σ=0.946756; bu bar +3.25σ ile bandın dışında kapandı ve kapanış short yönünde döndü; stop 1.5×0.5σ (767.91), hedef VWAP mesafesinin %75'i (765.215); yönetim: breakeven 1R, kısmi %50 @ 1.5R, takip geri verme %50 | arm=vwap_revert_src | combo=band0_tp1 | combo_r=-0.3108 | combo_n=14 | pick=exploit",
vwap_clone,DOGE-USDT-SWAP,short,2026-10-01T03:15:00+00:00,2026-10-01T03:30:00+00:00,0.095002475,0.09549971506,26058.80739,2475.651197,0.09535668004,9.230160823,10,247.5651197,2.730342933,4.965766858,0,-15.68782579,stop,"VWAP sapma-dönüş (kaynak kuralları): kümülatif VWAP=0.0942774 (300 bar), σ=0.000237344; bu bar +3.49σ ile bandın dışında kapandı ve kapanış short yönünde döndü; stop 2.5×0.5σ (0.0953567), hedef VWAP mesafesinin %100'i (0.0942774); yönetim: breakeven 1R, kısmi %50 @ 1.5R, takip geri verme %50 | arm=vwap_revert_src | combo=band2_tp2 | combo_r=0.4031 | combo_n=27 | pick=exploit",
vwap_clone,BTC-USDT-SWAP,long,2026-10-01T03:30:00+00:00,2026-10-01T03:30:00+00:00,83531.44485,83550.55183,0.02969564895,2480.520463,83396.15735,4.017450152,10,248.0520463,2.728884576,2.480804922,0,-2.161490431,tp,"VWAP sapma-dönüş (kaynak kuralları): kümülatif VWAP=83695 (300 bar), σ=93.5427; bu bar -2.42σ ile bandın dışında kapandı ve kapanış long yönünde döndü; stop 2×0.5σ (83396.2), hedef VWAP mesafesinin %50'i (83592.3); yönetim: breakeven 1R, kısmi %50 @ 1.5R, takip geri verme %50 | arm=vwap_revert_src | combo=band1_tp0 | combo_r=-0.335 | combo_n=61 | pick=exploit",
vwap_clone,XRP-USDT-SWAP,long,2026-09-30T22:00:00+00:00,2026-10-01T03:45:00+00:00,1.4889441,1.499462045,1698.675293,2529.232556,1.481035145,13.43474641,10,252.9232556,2.791982426,2.538170943,0.02021433015,15.09480485,tp,"VWAP sapma-dönüş (kaynak kuralları): kümülatif VWAP=1.50422 (300 bar), σ=0.00573188; bu bar -2.92σ ile bandın dışında kapandı ve kapanış long yönünde döndü; stop 2.5×0.5σ (1.48104), hedef VWAP mesafesinin %75'i (1.50021); yönetim: breakeven 1R, kısmi %50 @ 1.5R, takip geri verme %50 | arm=vwap_revert_src | combo=band2_tp1 | combo_r=0.2941 | combo_n=17 | pick=exploit",
vwap_clone,SOL-USDT-SWAP,long,2026-10-01T03:45:00+00:00,2026-10-01T03:45:00+00:00,118.41918,118.1931024,20.7763612,2460.319657,118.2522285,3.468644479,10,246.0319657,2.703768234,2.457970562,0,-7.40083822,stop,"VWAP sapma-dönüş (kaynak kuralları): kümülatif VWAP=119.201 (300 bar), σ=0.0942172; bu bar -10.24σ ile bandın dışında kapandı ve kapanış long yönünde döndü; stop 2.5×0.5σ (118.252), hedef VWAP mesafesinin %50'i (118.786); yönetim: breakeven 1R, kısmi %50 @ 1.5R, takip geri verme %50 | arm=vwap_revert_src | combo=band2_tp0 | combo_r=0.08021 | combo_n=15 | pick=exploit",
vwap_clone,LINK-USDT-SWAP,long,2026-10-01T03:45:00+00:00,2026-10-01T03:45:00+00:00,14.5182555,14.47231466,169.3749154,2459.028297,14.47955444,6.554988391,10,245.9028297,2.700651452,2.455136353,0,-10.4818765,stop,"VWAP sapma-dönüş (kaynak kuralları): kümülatif VWAP=14.7137 (300 bar), σ=0.0419274; bu bar -5.43σ ile bandın dışında kapandı ve kapanış long yönünde döndü; stop 1.5×0.5σ (14.4796), hedef VWAP mesafesinin %100'i (14.7137); yönetim: breakeven 1R, kısmi %50 @ 1.5R, takip geri verme %50 | arm=vwap_revert_src | combo=band0_tp2 | combo_r=-0.05143 | combo_n=8 | pick=exploit",
vwap_clone,SOL-USDT-SWAP,long,2026-10-01T04:00:00+00:00,2026-10-01T04:15:00+00:00,118.71933,118.4348058,20.68320848,2455.496653,118.4940528,4.659455772,10,245.5496653,2.697809637,2.452553358,0,-8.582684008,stop,"VWAP sapma-dönüş (kaynak kuralları): kümülatif VWAP=119.188 (300 bar), σ=0.132758; bu bar -5.16σ ile bandın dışında kapandı ve kapanış long yönünde döndü; stop 2.5×0.5σ (118.494), hedef VWAP mesafesinin %50'i (118.924); yönetim: breakeven 1R, kısmi %50 @ 1.5R, takip geri verme %50 | arm=vwap_revert_src | combo=band2_tp0 | combo_r=-0.05816 | combo_n=16 | pick=exploit",
vwap_clone,NEAR-USDT-SWAP,short,2026-10-01T04:15:00+00:00,2026-10-01T04:30:00+00:00,5.363317,5.416733694,457.5435057,2453.950862,5.408620763,20.72844261,10,245.3950862,2.712788202,4.939608183,0,-27.15324977,stop,"VWAP sapma-dönüş (kaynak kuralları): kümülatif VWAP=5.05083 (300 bar), σ=0.058161; bu bar +5.64σ ile bandın dışında kapandı ve kapanış short yönünde döndü; stop 1.5×0.5σ (5.40862), hedef VWAP mesafesinin %75'i (5.12937); yönetim: breakeven 1R, kısmi %50 @ 1.5R, takip geri verme %50 | arm=vwap_revert_src | combo=band0_tp1 | combo_r=-0.4686 | combo_n=79 | pick=explore",
vwap_clone,DOGE-USDT-SWAP,short,2026-10-01T04:15:00+00:00,2026-10-01T04:45:00+00:00,0.0955522,0.09603118096,25695.2762,2455.24017,0.09588734993,8.611770089,10,245.524017,2.707533339,4.924012113,0,-15.01508134,stop,"VWAP sapma-dönüş (kaynak kuralları): kümülatif VWAP=0.0942241 (300 bar), σ=0.000383133; bu bar +3.68σ ile bandın dışında kapandı ve kapanış short yönünde döndü; stop 1.5×0.5σ (0.0958873), hedef VWAP mesafesinin %75'i (0.0945681); yönetim: breakeven 1R, kısmi %50 @ 1.5R, takip geri verme %50 | arm=vwap_revert_src | combo=band0_tp1 | combo_r=0.3827 | combo_n=3 | pick=exploit",
vwap_clone,SOL-USDT-SWAP,long,2026-10-01T04:45:00+00:00,2026-10-01T04:45:00+00:00,118.73934,119.1629268,10.2514667,1217.25239,118.4172079,3.302326208,10,121.725239,1.341365942,1.219424974,0,3.001020431,partial,"VWAP sapma-dönüş (kaynak kuralları): kümülatif VWAP=119.149 (300 bar), σ=0.218234; bu bar -2.53σ ile bandın dışında kapandı ve kapanış long yönünde döndü; stop 2.5×0.5σ (118.417), hedef VWAP mesafesinin %100'i (119.149); yönetim: breakeven 1R, kısmi %50 @ 1.5R, takip geri verme %50 | arm=vwap_revert_src | combo=band2_tp2 | combo_r=-0.1057 | combo_n=9 | pick=exploit",
vwap_clone,SOL-USDT-SWAP,long,2026-10-01T04:45:00+00:00,2026-10-01T04:45:00+00:00,118.73934,119.0891877,10.2514667,1217.25239,118.4172079,3.302326208,10,121.725239,1.340950178,1.219046817,0,2.245501872,tp,"VWAP sapma-dönüş (kaynak kuralları): kümülatif VWAP=119.149 (300 bar), σ=0.218234; bu bar -2.53σ ile bandın dışında kapandı ve kapanış long yönünde döndü; stop 2.5×0.5σ (118.417), hedef VWAP mesafesinin %100'i (119.149); yönetim: breakeven 1R, kısmi %50 @ 1.5R, takip geri verme %50 | arm=vwap_revert_src | combo=band2_tp2 | combo_r=-0.1057 | combo_n=9 | pick=exploit",
vwap_clone,BNB-USDT-SWAP,short,2026-10-01T04:45:00+00:00,2026-10-01T04:45:00+00:00,767.71595,770.3799442,3.16943652,2433.226969,769.226105,4.786340456,10,243.3226969,2.681193514,4.87424206,0,-11.12455393,stop,"VWAP sapma-dönüş (kaynak kuralları): kümülatif VWAP=764.164 (300 bar), σ=0.820884; bu bar +4.88σ ile bandın dışında kapandı ve kapanış short yönünde döndü; stop 2.5×0.5σ (769.226), hedef VWAP mesafesinin %50'i (766.182); yönetim: breakeven 1R, kısmi %50 @ 1.5R, takip geri verme %50 | arm=vwap_revert_src | combo=band2_tp0 | combo_r=-1.428 | combo_n=3 | pick=explore",
vwap_clone,LINK-USDT-SWAP,long,2026-10-01T04:30:00+00:00,2026-10-01T06:30:00+00:00,14.497245,14.4260718,168.5928407,2444.131716,14.43328844,10.78261804,10,244.4131716,2.681945277,2.43812968,0,-14.68123787,stop,"VWAP sapma-dönüş (kaynak kuralları): kümülatif VWAP=14.7166 (300 bar), σ=0.0557116; bu bar -4.40σ ile bandın dışında kapandı ve kapanış long yönünde döndü; stop 2×0.5σ (14.4333), hedef VWAP mesafesinin %75'i (14.6597); yönetim: breakeven 1R, kısmi %50 @ 1.5R, takip geri verme %50 | arm=vwap_revert_src | combo=band1_tp1 | combo_r=-0.1104 | combo_n=6 | pick=explore",
vwap_clone,ETHFI-USDT-SWAP,short,2026-10-01T00:15:00+00:00,2026-10-01T07:15:00+00:00,0.7794101,0.7642918068,1596.598818,1244.405245,0.7897435987,16.49845187,10,124.4405245,1.355569952,1.232342663,0,22.78227907,partial,"VWAP sapma-dönüş (kaynak kuralları): kümülatif VWAP=0.745409 (300 bar), σ=0.00787488; bu bar +4.59σ ile bandın dışında kapandı ve kapanış short yönünde döndü; stop 2.5×0.5σ (0.789744), hedef VWAP mesafesinin %75'i (0.754032); yönetim: breakeven 1R, kısmi %50 @ 1.5R, takip geri verme %50 | arm=vwap_revert_src | combo=band2_tp1 | combo_r=0.5337 | combo_n=27 | pick=exploit",
vwap_clone,DOGE-USDT-SWAP,short,2026-10-01T05:30:00+00:00,2026-10-01T07:15:00+00:00,0.095702125,0.09485793589,12713.99795,1216.756621,0.09629652125,7.557152698,10,121.6756621,1.332529123,1.211393098,0,9.400489478,partial,"VWAP sapma-dönüş (kaynak kuralları): kümülatif VWAP=0.0941752 (300 bar), σ=0.000437217; bu bar +3.68σ ile bandın dışında kapandı ve kapanış short yönünde döndü; stop 2.5×0.5σ (0.0962965), hedef VWAP mesafesinin %100'i (0.0941752); yönetim: breakeven 1R, kısmi %50 @ 1.5R, takip geri verme %50 | arm=vwap_revert_src | combo=band2_tp2 | combo_r=0.328 | combo_n=28 | pick=exploit",
vwap_clone,DOGE-USDT-SWAP,short,2026-10-01T05:30:00+00:00,2026-10-01T07:15:00+00:00,0.095702125,0.09422232527,12713.99795,1216.756621,0.09629652125,7.557152698,10,121.6756621,1.328084489,1.207354541,0,17.48608623,tp,"VWAP sapma-dönüş (kaynak kuralları): kümülatif VWAP=0.0941752 (300 bar), σ=0.000437217; bu bar +3.68σ ile bandın dışında kapandı ve kapanış short yönünde döndü; stop 2.5×0.5σ (0.0962965), hedef VWAP mesafesinin %100'i (0.0941752); yönetim: breakeven 1R, kısmi %50 @ 1.5R, takip geri verme %50 | arm=vwap_revert_src | combo=band2_tp2 | combo_r=0.328 | combo_n=28 | pick=exploit",
vwap_clone,ADA-USDT-SWAP,short,2026-10-01T05:30:00+00:00,2026-10-01T07:15:00+00:00,0.25237375,0.2482099716,4818.716969,1216.117672,0.2552322976,13.77453164,10,121.6117672,1.326694201,1.206090954,0,18.73737533,partial,"VWAP sapma-dönüş (kaynak kuralları): kümülatif VWAP=0.247029 (300 bar), σ=0.00210584; bu bar +2.63σ ile bandın dışında kapandı ve kapanış short yönünde döndü; stop 2.5×0.5σ (0.255232), hedef VWAP mesafesinin %100'i (0.247029); yönetim: breakeven 1R, kısmi %50 @ 1.5R, takip geri verme %50 | arm=vwap_revert_src | combo=band2_tp2 | combo_r=0.6828 | combo_n=8 | pick=exploit",
vwap_clone,LINK-USDT-SWAP,long,2026-10-01T07:00:00+00:00,2026-10-01T07:15:00+00:00,14.4502215,14.36695246,167.3768291,2418.632255,14.37413953,12.73435878,10,241.8632255,2.652829961,2.411660719,0,-16.59013769,stop,"VWAP sapma-dönüş (kaynak kuralları): kümülatif VWAP=14.7306 (300 bar), σ=0.0550884; bu bar -5.31σ ile bandın dışında kapandı ve kapanış long yönünde döndü; stop 2.5×0.5σ (14.3741), hedef VWAP mesafesinin %100'i (14.7306); yönetim: breakeven 1R, kısmi %50 @ 1.5R, takip geri verme %50 | arm=vwap_revert_src | combo=band2_tp2 | combo_r=-0.09596 | combo_n=9 | pick=exploit",
vwap_clone,ETHFI-USDT-SWAP,short,2026-10-01T00:15:00+00:00,2026-10-01T07:30:00+00:00,0.7794101,0.7650557167,1596.598818,1244.405245,0.7897435987,16.49845187,10,124.4405245,1.356240764,2.452000229,0,21.56195069,stop,"VWAP sapma-dönüş (kaynak kuralları): kümülatif VWAP=0.745409 (300 bar), σ=0.00787488; bu bar +4.59σ ile bandın dışında kapandı ve kapanış short yönünde döndü; stop 2.5×0.5σ (0.789744), hedef VWAP mesafesinin %75'i (0.754032); yönetim: breakeven 1R, kısmi %50 @ 1.5R, takip geri verme %50 | arm=vwap_revert_src | combo=band2_tp1 | combo_r=0.5337 | combo_n=27 | pick=exploit",exit_rule=partial
vwap_clone,ADA-USDT-SWAP,short,2026-10-01T05:30:00+00:00,2026-10-01T07:30:00+00:00,0.25237375,0.2485723,4818.716969,1216.117672,0.2552322976,13.77453164,10,121.6117672,1.327654477,2.402371345,0,16.99045714,stop,"VWAP sapma-dönüş (kaynak kuralları): kümülatif VWAP=0.247029 (300 bar), σ=0.00210584; bu bar +2.63σ ile bandın dışında kapandı ve kapanış short yönünde döndü; stop 2.5×0.5σ (0.255232), hedef VWAP mesafesinin %100'i (0.247029); yönetim: breakeven 1R, kısmi %50 @ 1.5R, takip geri verme %50 | arm=vwap_revert_src | combo=band2_tp2 | combo_r=0.6828 | combo_n=8 | pick=exploit",exit_rule=partial
vwap_clone,LINK-USDT-SWAP,long,2026-10-01T07:45:00+00:00,2026-10-01T08:00:00+00:00,14.24712,14.18757961,173.6543132,2474.073839,14.19467695,9.106961254,10,247.4073839,2.715794528,2.468902149,0.03807808832,-13.01716113,stop,"VWAP sapma-dönüş (kaynak kuralları): kümülatif VWAP=14.7339 (300 bar), σ=0.0630974; bu bar -7.53σ ile bandın dışında kapandı ve kapanış long yönünde döndü; stop 1.5×0.5σ (14.1947), hedef VWAP mesafesinin %50'i (14.488); yönetim: breakeven 1R, kısmi %50 @ 1.5R, takip geri verme %50 | arm=vwap_revert_src | combo=band0_tp0 | combo_r=-0.8964 | combo_n=32 | pick=explore",
vwap_clone,XRP-USDT-SWAP,long,2026-10-01T08:00:00+00:00,2026-10-01T08:30:00+00:00,1.48664295,1.479821689,1666.865439,2478.033754,1.48056197,10.13617523,10,247.8033754,2.719583561,2.472346467,0,-14.08970758,stop,"VWAP sapma-dönüş (kaynak kuralları): kümülatif VWAP=1.50263 (300 bar), σ=0.00711737; bu bar -2.29σ ile bandın dışında kapandı ve kapanış long yönünde döndü; stop 1.5×0.5σ (1.48056), hedef VWAP mesafesinin %50'i (1.49427); yönetim: breakeven 1R, kısmi %50 @ 1.5R, takip geri verme %50 | arm=vwap_revert_src | combo=band0_tp0 | combo_r=-1.085 | combo_n=5 | pick=explore",
vwap_clone,NEAR-USDT-SWAP,short,2026-10-01T07:30:00+00:00,2026-10-01T09:00:00+00:00,5.3463255,5.201329149,231.3894112,1237.08311,5.444722644,22.7680572,10,123.708311,1.34233858,1.220316492,0.005673428675,32.21395514,partial,"VWAP sapma-dönüş (kaynak kuralları): kümülatif VWAP=5.05936 (300 bar), σ=0.0757781; bu bar +4.31σ ile bandın dışında kapandı ve kapanış short yönünde döndü; stop 2.5×0.5σ (5.44472), hedef VWAP mesafesinin %75'i (5.13202); yönetim: breakeven 1R, kısmi %50 @ 1.5R, takip geri verme %50 | arm=vwap_revert_src | combo=band2_tp1 | combo_r=0.399 | combo_n=37 | pick=exploit",
vwap_clone,NEAR-USDT-SWAP,short,2026-10-01T07:30:00+00:00,2026-10-01T09:15:00+00:00,5.3463255,5.2408495,231.3894112,1237.08311,5.444722644,22.7680572,10,123.708311,1.347368104,2.435142164,0.005673428675,23.06433486,stop,"VWAP sapma-dönüş (kaynak kuralları): kümülatif VWAP=5.05936 (300 bar), σ=0.0757781; bu bar +4.31σ ile bandın dışında kapandı ve kapanış short yönünde döndü; stop 2.5×0.5σ (5.44472), hedef VWAP mesafesinin %75'i (5.13202); yönetim: breakeven 1R, kısmi %50 @ 1.5R, takip geri verme %50 | arm=vwap_revert_src | combo=band2_tp1 | combo_r=0.399 | combo_n=37 | pick=exploit",exit_rule=partial
vwap_clone,SOL-USDT-SWAP,long,2026-10-01T09:00:00+00:00,2026-10-01T10:00:00+00:00,117.89892,117.1997384,21.08073445,2485.395824,117.2583676,13.50331532,10,248.5395824,2.725828813,2.478023128,0,-17.46509039,stop,"VWAP sapma-dönüş (kaynak kuralları): kümülatif VWAP=119.051 (300 bar), σ=0.762177; bu bar -1.72σ ile bandın dışında kapandı ve kapanış long yönünde döndü; stop 1.5×0.5σ (117.258), hedef VWAP mesafesinin %50'i (118.44); yönetim: breakeven 1R, kısmi %50 @ 1.5R, takip geri verme %50 | arm=vwap_revert_src | combo=band0_tp0 | combo_r=-1.162 | combo_n=4 | pick=explore",
vwap_clone,LINK-USDT-SWAP,long,2026-10-01T08:30:00+00:00,2026-10-01T12:30:00+00:00,14.2101015,14.41542789,87.4532217,1242.719157,14.0684097,12.39140474,10,124.2719157,1.376867122,1.251702186,0,16.57958685,partial,"VWAP sapma-dönüş (kaynak kuralları): kümülatif VWAP=14.7355 (300 bar), σ=0.108472; bu bar -4.99σ ile bandın dışında kapandı ve kapanış long yönünde döndü; stop 2.5×0.5σ (14.0684), hedef VWAP mesafesinin %100'i (14.7355); yönetim: breakeven 1R, kısmi %50 @ 1.5R, takip geri verme %50 | arm=vwap_revert_src | combo=band2_tp2 | combo_r=-0.2166 | combo_n=10 | pick=exploit",
vwap_clone,LINK-USDT-SWAP,long,2026-10-01T08:30:00+00:00,2026-10-01T12:45:00+00:00,14.2101015,14.3957985,87.4532217,1242.719157,14.0684097,12.39140474,10,124.2719157,1.375922963,1.25084343,0,14.86387795,stop,"VWAP sapma-dönüş (kaynak kuralları): kümülatif VWAP=14.7355 (300 bar), σ=0.108472; bu bar -4.99σ ile bandın dışında kapandı ve kapanış long yönünde döndü; stop 2.5×0.5σ (14.0684), hedef VWAP mesafesinin %100'i (14.7355); yönetim: breakeven 1R, kısmi %50 @ 1.5R, takip geri verme %50 | arm=vwap_revert_src | combo=band2_tp2 | combo_r=-0.2166 | combo_n=10 | pick=exploit",exit_rule=partial
vwap_clone,SOL-USDT-SWAP,long,2026-10-01T10:45:00+00:00,2026-10-01T12:45:00+00:00,117.8589,117.152941,21.02318198,2477.769103,117.2115467,13.60942566,10,247.7769103,2.717383185,2.470345257,0,-17.55888868,stop,"VWAP sapma-dönüş (kaynak kuralları): kümülatif VWAP=119.038 (300 bar), σ=0.784604; bu bar -1.81σ ile bandın dışında kapandı ve kapanış long yönünde döndü; stop 1.5×0.5σ (117.212), hedef VWAP mesafesinin %75'i (118.729); yönetim: breakeven 1R, kısmi %50 @ 1.5R, takip geri verme %50 | arm=vwap_revert_src | combo=band0_tp1 | combo_r=-1.016 | combo_n=3 | pick=explore",
vwap_clone,XRP-USDT-SWAP,long,2026-10-01T12:15:00+00:00,2026-10-01T12:45:00+00:00,1.4937465,1.487598245,1664.73003,2486.684655,1.488342416,8.996340969,10,248.6684655,2.729723769,2.481565124,0,-12.9649089,stop,"VWAP sapma-dönüş (kaynak kuralları): kümülatif VWAP=1.5036 (300 bar), σ=0.00372607; bu bar -2.93σ ile bandın dışında kapandı ve kapanış long yönünde döndü; stop 2.5×0.5σ (1.48834), hedef VWAP mesafesinin %75'i (1.50095); yönetim: breakeven 1R, kısmi %50 @ 1.5R, takip geri verme %50 | arm=vwap_revert_src | combo=band2_tp1 | combo_r=0.3402 | combo_n=18 | pick=exploit",
vwap_clone,ETHFI-USDT-SWAP,long,2026-10-01T13:00:00+00:00,2026-10-01T13:15:00+00:00,0.7379688,0.7283859147,3353.186248,2474.546832,0.7287502899,30.91138138,10,247.4546832,2.704328255,2.458472813,0,-34.83752736,stop,"VWAP sapma-dönüş (kaynak kuralları): kümülatif VWAP=0.755043 (300 bar), σ=0.00699977; bu bar -2.52σ ile bandın dışında kapandı ve kapanış long yönünde döndü; stop 2.5×0.5σ (0.72875), hedef VWAP mesafesinin %75'i (0.750657); yönetim: breakeven 1R, kısmi %50 @ 1.5R, takip geri verme %50 | arm=vwap_revert_src | combo=band2_tp1 | combo_r=0.5896 | combo_n=29 | pick=exploit",
vwap_clone,BNB-USDT-SWAP,short,2026-10-01T11:00:00+00:00,2026-10-01T13:30:00+00:00,769.615,770.7694225,3.225873122,2482.680343,772.7291516,10.04585784,10,248.2680343,2.732996588,4.965981666,0,-6.457017102,stop,"VWAP sapma-dönüş (kaynak kuralları): kümülatif VWAP=763.992 (300 bar), σ=2.72915; bu bar +2.29σ ile bandın dışında kapandı ve kapanış short yönünde döndü; stop 2×0.5σ (772.729), hedef VWAP mesafesinin %100'i (763.992); yönetim: breakeven 1R, kısmi %50 @ 1.5R, takip geri verme %50 | arm=vwap_revert_src | combo=band1_tp2 | combo_r=-0.3206 | combo_n=72 | pick=exploit",exit_rule=breakeven
vwap_clone,SOL-USDT-SWAP,long,2026-10-01T13:30:00+00:00,2026-10-01T13:30:00+00:00,116.97846,117.5791148,10.51420091,1229.93503,116.5388108,4.622560031,10,122.993503,1.356402006,1.23309462,0,4.959003605,partial,"VWAP sapma-dönüş (kaynak kuralları): kümülatif VWAP=119.023 (300 bar), σ=0.304951; bu bar -7.00σ ile bandın dışında kapandı ve kapanış long yönünde döndü; stop 2.5×0.5σ (116.539), hedef VWAP mesafesinin %100'i (119.023); yönetim: breakeven 1R, kısmi %50 @ 1.5R, takip geri verme %50 | arm=vwap_revert_src | combo=band2_tp2 | combo_r=0.05792 | combo_n=11 | pick=exploit",
vwap_clone,AVAX-USDT-SWAP,long,2026-10-01T13:30:00+00:00,2026-10-01T13:30:00+00:00,10.9224585,11.01374011,112.5469571,1229.289468,10.85793101,7.262373,10,122.9289468,1.357868822,1.234429079,0,8.915599165,partial,"VWAP sapma-dönüş (kaynak kuralları): kümülatif VWAP=11.0763 (300 bar), σ=0.059069; bu bar -2.89σ ile bandın dışında kapandı ve kapanış long yönünde döndü; stop 2×0.5σ (10.8579), hedef VWAP mesafesinin %75'i (11.0365); yönetim: breakeven 1R, kısmi %50 @ 1.5R, takip geri verme %50 | arm=vwap_revert_src | combo=band1_tp1 | combo_r=0.7943 | combo_n=18 | pick=exploit",
vwap_clone,SOL-USDT-SWAP,long,2026-10-01T13:30:00+00:00,2026-10-01T13:45:00+00:00,116.97846,117.5791148,10.51420091,1229.93503,116.5388108,4.622560031,10,122.993503,1.356402006,1.23309462,0,4.959003605,stop,"VWAP sapma-dönüş (kaynak kuralları): kümülatif VWAP=119.023 (300 bar), σ=0.304951; bu bar -7.00σ ile bandın dışında kapandı ve kapanış long yönünde döndü; stop 2.5×0.5σ (116.539), hedef VWAP mesafesinin %100'i (119.023); yönetim: breakeven 1R, kısmi %50 @ 1.5R, takip geri verme %50 | arm=vwap_revert_src | combo=band2_tp2 | combo_r=0.05792 | combo_n=11 | pick=exploit",exit_rule=partial
vwap_clone,AVAX-USDT-SWAP,long,2026-10-01T13:30:00+00:00,2026-10-01T13:45:00+00:00,10.9224585,10.980507,112.5469571,1229.289468,10.85793101,7.262373,10,122.9289468,1.355811665,1.232558,0,5.177370372,stop,"VWAP sapma-dönüş (kaynak kuralları): kümülatif VWAP=11.0763 (300 bar), σ=0.059069; bu bar -2.89σ ile bandın dışında kapandı ve kapanış long yönünde döndü; stop 2×0.5σ (10.8579), hedef VWAP mesafesinin %75'i (11.0365); yönetim: breakeven 1R, kısmi %50 @ 1.5R, takip geri verme %50 | arm=vwap_revert_src | combo=band1_tp1 | combo_r=0.7943 | combo_n=18 | pick=exploit",exit_rule=partial
vwap_clone,ETHFI-USDT-SWAP,long,2026-10-01T13:30:00+00:00,2026-10-01T14:00:00+00:00,0.7315656,0.7311998172,3358.944829,2457.288489,0.7259333677,18.91835751,10,245.7288489,2.702341583,2.456674474,0,-3.930985828,stop,"VWAP sapma-dönüş (kaynak kuralları): kümülatif VWAP=0.755136 (300 bar), σ=0.00702218; bu bar -3.48σ ile bandın dışında kapandı ve kapanış long yönünde döndü; stop 1.5×0.5σ (0.725933), hedef VWAP mesafesinin %75'i (0.749152); yönetim: breakeven 1R, kısmi %50 @ 1.5R, takip geri verme %50 | arm=vwap_revert_src | combo=band0_tp1 | combo_r=0.03027 | combo_n=3 | pick=explore",exit_rule=breakeven
vwap_clone,SOL-USDT-SWAP,long,2026-10-01T14:00:00+00:00,2026-10-01T14:00:00+00:00,117.928935,117.4255152,20.92130908,2467.227698,117.4842573,9.30323981,10,246.7227698,2.708157757,2.46195958,0,-13.2403598,stop,"VWAP sapma-dönüş (kaynak kuralları): kümülatif VWAP=119.012 (300 bar), σ=0.308594; bu bar -3.88σ ile bandın dışında kapandı ve kapanış long yönünde döndü; stop 2.5×0.5σ (117.484), hedef VWAP mesafesinin %100'i (119.012); yönetim: breakeven 1R, kısmi %50 @ 1.5R, takip geri verme %50 | arm=vwap_revert_src | combo=band2_tp2 | combo_r=0.2141 | combo_n=13 | pick=exploit",
vwap_clone,BNB-USDT-SWAP,short,2026-10-01T14:15:00+00:00,2026-10-01T14:15:00+00:00,768.4156,771.4077449,3.195402617,2455.39722,770.2523663,5.869207858,10,245.539722,2.706195551,4.920212407,0,-12.26730305,stop,"VWAP sapma-dönüş (kaynak kuralları): kümülatif VWAP=764.33 (300 bar), σ=1.16189; bu bar +4.02σ ile bandın dışında kapandı ve kapanış short yönünde döndü; stop 2.5×0.5σ (770.252), hedef VWAP mesafesinin %75'i (765.448); yönetim: breakeven 1R, kısmi %50 @ 1.5R, takip geri verme %50 | arm=vwap_revert_src | combo=band2_tp1 | combo_r=-0.4582 | combo_n=3 | pick=exploit",
vwap_clone,SOL-USDT-SWAP,long,2026-10-01T14:30:00+00:00,2026-10-01T14:45:00+00:00,117.848895,117.3578688,20.78308471,2449.263568,117.4165771,8.984900118,10,244.9263568,2.688577153,2.444159108,0,-12.89361661,stop,"VWAP sapma-dönüş (kaynak kuralları): kümülatif VWAP=119.001 (300 bar), σ=0.306738; bu bar -4.02σ ile bandın dışında kapandı ve kapanış long yönünde döndü; stop 2.5×0.5σ (117.417), hedef VWAP mesafesinin %100'i (119.001); yönetim: breakeven 1R, kısmi %50 @ 1.5R, takip geri verme %50 | arm=vwap_revert_src | combo=band2_tp2 | combo_r=0.0971 | combo_n=14 | pick=exploit",
vwap_clone,XRP-USDT-SWAP,long,2026-10-01T14:30:00+00:00,2026-10-01T14:45:00+00:00,1.4861427,1.480517181,1647.202527,2447.978011,1.48125781,8.046402662,10,244.7978011,2.687679309,2.443343121,0,-11.95404778,stop,"VWAP sapma-dönüş (kaynak kuralları): kümülatif VWAP=1.50337 (300 bar), σ=0.00424219; bu bar -4.40σ ile bandın dışında kapandı ve kapanış long yönünde döndü; stop 2×0.5σ (1.48126), hedef VWAP mesafesinin %75'i (1.4989); yönetim: breakeven 1R, kısmi %50 @ 1.5R, takip geri verme %50 | arm=vwap_revert_src | combo=band1_tp1 | combo_r=-0.04818 | combo_n=19 | pick=explore",
vwap_clone,AVAX-USDT-SWAP,long,2026-10-01T14:30:00+00:00,2026-10-01T14:45:00+00:00,10.9704825,10.96499726,223.0251156,2446.693128,10.92561096,10.00748136,10,244.6693128,2.6906896,2.44608176,0,-3.914036164,stop,"VWAP sapma-dönüş (kaynak kuralları): kümülatif VWAP=11.0796 (300 bar), σ=0.040389; bu bar -3.04σ ile bandın dışında kapandı ve kapanış long yönünde döndü; stop 2×0.5σ (10.9256), hedef VWAP mesafesinin %75'i (11.0512); yönetim: breakeven 1R, kısmi %50 @ 1.5R, takip geri verme %50 | arm=vwap_revert_src | combo=band1_tp1 | combo_r=0.8119 | combo_n=20 | pick=exploit",exit_rule=breakeven
vwap_clone,BTC-USDT-SWAP,short,2026-10-01T14:45:00+00:00,2026-10-01T14:45:00+00:00,83945.50625,83922.13738,0.02909646166,2442.517204,84137.44664,5.584786302,10,244.2517204,2.686394952,2.442178009,0,-2.006443645,tp,"VWAP sapma-dönüş (kaynak kuralları): kümülatif VWAP=83773 (300 bar), σ=150.047; bu bar +2.02σ ile bandın dışında kapandı ve kapanış short yönünde döndü; stop 2×0.5σ (84137.4), hedef VWAP mesafesinin %50'i (83880.2); yönetim: breakeven 1R, kısmi %50 @ 1.5R, takip geri verme %50 | arm=vwap_revert_src | combo=band1_tp0 | combo_r=-0.3383 | combo_n=62 | pick=exploit",
vwap_clone,BNB-USDT-SWAP,short,2026-10-01T14:45:00+00:00,2026-10-01T14:45:00+00:00,767.4161,766.1218674,1.590554705,1220.617289,768.534168,1.778348379,10,122.0617289,1.341546816,1.219588834,0,0.7170008691,partial,"VWAP sapma-dönüş (kaynak kuralları): kümülatif VWAP=764.375 (300 bar), σ=1.11222; bu bar +3.56σ ile bandın dışında kapandı ve kapanış short yönünde döndü; stop 1.5×0.5σ (768.534), hedef VWAP mesafesinin %75'i (765.206); yönetim: breakeven 1R, kısmi %50 @ 1.5R, takip geri verme %50 | arm=vwap_revert_src | combo=band0_tp1 | combo_r=-0.4784 | combo_n=15 | pick=exploit",
vwap_clone,BNB-USDT-SWAP,short,2026-10-01T14:45:00+00:00,2026-10-01T15:00:00+00:00,767.4161,767.44945,1.590554705,1220.617289,768.534168,1.778348379,10,122.0617289,1.342708192,2.438877057,0,-1.395753192,stop,"VWAP sapma-dönüş (kaynak kuralları): kümülatif VWAP=764.375 (300 bar), σ=1.11222; bu bar +3.56σ ile bandın dışında kapandı ve kapanış short yönünde döndü; stop 1.5×0.5σ (768.534), hedef VWAP mesafesinin %75'i (765.206); yönetim: breakeven 1R, kısmi %50 @ 1.5R, takip geri verme %50 | arm=vwap_revert_src | combo=band0_tp1 | combo_r=-0.4784 | combo_n=15 | pick=exploit",exit_rule=partial
vwap_clone,LINK-USDT-SWAP,long,2026-10-01T15:15:00+00:00,2026-10-01T15:15:00+00:00,14.359176,14.41871118,84.64922295,1215.493091,14.31467724,3.766785783,10,121.5493091,1.339814184,1.218014459,0,3.699792857,partial,"VWAP sapma-dönüş (kaynak kuralları): kümülatif VWAP=14.7784 (300 bar), σ=0.0484304; bu bar -9.63σ ile bandın dışında kapandı ve kapanış long yönünde döndü; stop 1.5×0.5σ (14.3147), hedef VWAP mesafesinin %100'i (14.7784); yönetim: breakeven 1R, kısmi %50 @ 1.5R, takip geri verme %50 | arm=vwap_revert_src | combo=band0_tp2 | combo_r=-0.2234 | combo_n=9 | pick=explore",
vwap_clone,SOL-USDT-SWAP,long,2026-10-01T15:15:00+00:00,2026-10-01T15:30:00+00:00,117.468705,116.9599063,20.71649738,2433.54012,117.0184155,9.328421546,10,243.354012,2.671096842,2.428267828,0,-13.21162424,stop,"VWAP sapma-dönüş (kaynak kuralları): kümülatif VWAP=118.976 (300 bar), σ=0.305268; bu bar -5.74σ ile bandın dışında kapandı ve kapanış long yönünde döndü; stop 2.5×0.5σ (117.018), hedef VWAP mesafesinin %100'i (118.976); yönetim: breakeven 1R, kısmi %50 @ 1.5R, takip geri verme %50 | arm=vwap_revert_src | combo=band2_tp2 | combo_r=-0.005039 | combo_n=15 | pick=exploit",
vwap_clone,XRP-USDT-SWAP,long,2026-10-01T15:15:00+00:00,2026-10-01T15:30:00+00:00,1.48604265,1.479112255,1636.738229,2432.262815,1.479852181,10.13217671,10,243.2262815,2.669250314,2.426588965,0,-14.01249234,stop,"VWAP sapma-dönüş (kaynak kuralları): kümülatif VWAP=1.50311 (300 bar), σ=0.00427825; bu bar -4.89σ ile bandın dışında kapandı ve kapanış long yönünde döndü; stop 2.5×0.5σ (1.47985), hedef VWAP mesafesinin %75'i (1.49863); yönetim: breakeven 1R, kısmi %50 @ 1.5R, takip geri verme %50 | arm=vwap_revert_src | combo=band2_tp1 | combo_r=0.2464 | combo_n=19 | pick=exploit",
vwap_clone,LINK-USDT-SWAP,long,2026-10-01T15:15:00+00:00,2026-10-01T15:30:00+00:00,14.359176,14.3258335,84.64922295,1215.493091,14.31467724,3.766785783,10,121.5493091,1.33549007,1.21408148,0,-4.157906787,stop,"VWAP sapma-dönüş (kaynak kuralları): kümülatif VWAP=14.7784 (300 bar), σ=0.0484304; bu bar -9.63σ ile bandın dışında kapandı ve kapanış long yönünde döndü; stop 1.5×0.5σ (14.3147), hedef VWAP mesafesinin %100'i (14.7784); yönetim: breakeven 1R, kısmi %50 @ 1.5R, takip geri verme %50 | arm=vwap_revert_src | combo=band0_tp2 | combo_r=-0.2234 | combo_n=9 | pick=explore",exit_rule=partial
vwap_clone,XRP-USDT-SWAP,long,2026-10-01T16:00:00+00:00,2026-10-01T16:30:00+00:00,1.48724325,1.481720449,1626.115274,2418.428965,1.48246168,7.775384625,10,241.8428965,2.65533247,2.413936967,0,-11.63604388,stop,"VWAP sapma-dönüş (kaynak kuralları): kümülatif VWAP=1.50268 (300 bar), σ=0.00403832; bu bar -4.32σ ile bandın dışında kapandı ve kapanış long yönünde döndü; stop 2×0.5σ (1.48246), hedef VWAP mesafesinin %75'i (1.49863); yönetim: breakeven 1R, kısmi %50 @ 1.5R, takip geri verme %50 | arm=vwap_revert_src | combo=band1_tp1 | combo_r=-0.12 | combo_n=20 | pick=explore",
vwap_clone,AVAX-USDT-SWAP,long,2026-10-01T16:00:00+00:00,2026-10-01T16:30:00+00:00,10.901448,10.84469826,221.7283054,2417.159592,10.85012332,11.38013373,10,241.7159592,2.651954888,2.410865537,0,-15.23497835,stop,"VWAP sapma-dönüş (kaynak kuralları): kümülatif VWAP=11.0916 (300 bar), σ=0.0458767; bu bar -4.68σ ile bandın dışında kapandı ve kapanış long yönünde döndü; stop 2×0.5σ (10.8501), hedef VWAP mesafesinin %75'i (11.0427); yönetim: breakeven 1R, kısmi %50 @ 1.5R, takip geri verme %50 | arm=vwap_revert_src | combo=band1_tp1 | combo_r=0.7546 | combo_n=21 | pick=exploit",
vwap_clone,BTC-USDT-SWAP,short,2026-10-01T16:30:00+00:00,2026-10-01T16:30:00+00:00,84230.0639,84593.35982,0.02871184089,2418.400193,84466.65983,6.793104808,10,241.8400193,2.665977204,4.847594945,0,-13.09687196,stop,"VWAP sapma-dönüş (kaynak kuralları): kümülatif VWAP=83797.4 (300 bar), σ=194.56; bu bar +2.58σ ile bandın dışında kapandı ve kapanış short yönünde döndü; stop 2×0.5σ (84466.7), hedef VWAP mesafesinin %50'i (84034.7); yönetim: breakeven 1R, kısmi %50 @ 1.5R, takip geri verme %50 | arm=vwap_revert_src | combo=band1_tp0 | combo_r=-0.3386 | combo_n=63 | pick=exploit",
vwap_clone,SOL-USDT-SWAP,long,2026-10-01T16:00:00+00:00,2026-10-01T16:45:00+00:00,117.37866,117.171385,20.61447119,2419.699005,116.9437671,8.965086765,10,241.9699005,2.659318829,2.417562108,0,-6.932183345,stop,"VWAP sapma-dönüş (kaynak kuralları): kümülatif VWAP=118.952 (300 bar), σ=0.300986; bu bar -5.57σ ile bandın dışında kapandı ve kapanış long yönünde döndü; stop 2.5×0.5σ (116.944), hedef VWAP mesafesinin %100'i (118.952); yönetim: breakeven 1R, kısmi %50 @ 1.5R, takip geri verme %50 | arm=vwap_revert_src | combo=band2_tp2 | combo_r=-0.09324 | combo_n=16 | pick=exploit",exit_rule=breakeven
vwap_clone,BTC-USDT-SWAP,short,2026-10-01T17:00:00+00:00,2026-10-01T17:00:00+00:00,84126.81555,84461.60802,0.0284837712,2396.248966,84335.10537,5.932879471,10,239.6248966,2.641118746,4.801996613,0,-12.17727099,stop,"VWAP sapma-dönüş (kaynak kuralları): kümülatif VWAP=83807 (300 bar), σ=221.607; bu bar +1.73σ ile bandın dışında kapandı ve kapanış short yönünde döndü; stop 1.5×0.5σ (84335.1), hedef VWAP mesafesinin %50'i (83988); yönetim: breakeven 1R, kısmi %50 @ 1.5R, takip geri verme %50 | arm=vwap_revert_src | combo=band0_tp0 | combo_r=-0.5788 | combo_n=6 | pick=explore",
vwap_clone,SOL-USDT-SWAP,long,2026-10-01T17:15:00+00:00,2026-10-01T17:15:00+00:00,117.73884,118.2864338,10.15026278,1195.080165,117.334329,4.105893343,10,119.5080165,1.317645203,1.197860964,0,4.24057531,partial,"VWAP sapma-dönüş (kaynak kuralları): kümülatif VWAP=118.917 (300 bar), σ=0.268537; bu bar -5.34σ ile bandın dışında kapandı ve kapanış long yönünde döndü; stop 2.5×0.5σ (117.334), hedef VWAP mesafesinin %100'i (118.917); yönetim: breakeven 1R, kısmi %50 @ 1.5R, takip geri verme %50 | arm=vwap_revert_src | combo=band2_tp2 | combo_r=-0.1332 | combo_n=17 | pick=exploit",
vwap_clone,XRP-USDT-SWAP,long,2026-10-01T17:15:00+00:00,2026-10-01T17:15:00+00:00,1.49184555,1.498768614,800.6545298,1194.452897,1.486730335,4.095520184,10,119.4452897,1.316946827,1.197226073,0,4.22603536,partial,"VWAP sapma-dönüş (kaynak kuralları): kümülatif VWAP=1.50198 (300 bar), σ=0.00349573; bu bar -4.10σ ile bandın dışında kapandı ve kapanış long yönünde döndü; stop 2.5×0.5σ (1.48673), hedef VWAP mesafesinin %75'i (1.49926); yönetim: breakeven 1R, kısmi %50 @ 1.5R, takip geri verme %50 | arm=vwap_revert_src | combo=band2_tp1 | combo_r=0.165 | combo_n=20 | pick=exploit",
vwap_clone,XRP-USDT-SWAP,long,2026-10-01T17:15:00+00:00,2026-10-01T17:15:00+00:00,1.49184555,1.498510965,800.6545298,1194.452897,1.486730335,4.095520184,10,119.4452897,1.316833369,1.197122878,0,4.01986131,tp,"VWAP sapma-dönüş (kaynak kuralları): kümülatif VWAP=1.50198 (300 bar), σ=0.00349573; bu bar -4.10σ ile bandın dışında kapandı ve kapanış long yönünde döndü; stop 2.5×0.5σ (1.48673), hedef VWAP mesafesinin %75'i (1.49926); yönetim: breakeven 1R, kısmi %50 @ 1.5R, takip geri verme %50 | arm=vwap_revert_src | combo=band2_tp1 | combo_r=0.165 | combo_n=20 | pick=exploit",
vwap_clone,AVAX-USDT-SWAP,long,2026-10-01T17:15:00+00:00,2026-10-01T17:15:00+00:00,10.8484215,10.93168108,110.0460522,1193.825959,10.7892694,6.509455318,10,119.3825959,1.318247868,1.198409743,0,7.844140038,partial,"VWAP sapma-dönüş (kaynak kuralları): kümülatif VWAP=11.0991 (300 bar), σ=0.0527306; bu bar -5.33σ ile bandın dışında kapandı ve kapanış long yönünde döndü; stop 2×0.5σ (10.7893), hedef VWAP mesafesinin %75'i (11.0348); yönetim: breakeven 1R, kısmi %50 @ 1.5R, takip geri verme %50 | arm=vwap_revert_src | combo=band1_tp1 | combo_r=0.6595 | combo_n=22 | pick=exploit",
vwap_clone,SOL-USDT-SWAP,long,2026-10-01T17:15:00+00:00,2026-10-01T17:30:00+00:00,117.73884,118.2864338,10.15026278,1195.080165,117.334329,4.105893343,10,119.5080165,1.317645203,1.197860964,0,4.24057531,stop,"VWAP sapma-dönüş (kaynak kuralları): kümülatif VWAP=118.917 (300 bar), σ=0.268537; bu bar -5.34σ ile bandın dışında kapandı ve kapanış long yönünde döndü; stop 2.5×0.5σ (117.334), hedef VWAP mesafesinin %100'i (118.917); yönetim: breakeven 1R, kısmi %50 @ 1.5R, takip geri verme %50 | arm=vwap_revert_src | combo=band2_tp2 | combo_r=-0.1332 | combo_n=17 | pick=exploit",exit_rule=partial
vwap_clone,AVAX-USDT-SWAP,long,2026-10-01T17:15:00+00:00,2026-10-01T17:30:00+00:00,10.8484215,10.93168108,110.0460522,1193.825959,10.7892694,6.509455318,10,119.3825959,1.318247868,1.198409743,0,7.844140038,stop,"VWAP sapma-dönüş (kaynak kuralları): kümülatif VWAP=11.0991 (300 bar), σ=0.0527306; bu bar -5.33σ ile bandın dışında kapandı ve kapanış long yönünde döndü; stop 2×0.5σ (10.7893), hedef VWAP mesafesinin %75'i (11.0348); yönetim: breakeven 1R, kısmi %50 @ 1.5R, takip geri verme %50 | arm=vwap_revert_src | combo=band1_tp1 | combo_r=0.6595 | combo_n=22 | pick=exploit",exit_rule=partial
vwap_clone,LINK-USDT-SWAP,long,2026-10-01T17:30:00+00:00,2026-10-01T17:30:00+00:00,14.3801865,14.30761574,167.5429039,2409.298206,14.31477313,10.9595463,10,240.9298206,2.643540732,2.403216409,0,-14.80225636,stop,"VWAP sapma-dönüş (kaynak kuralları): kümülatif VWAP=14.7839 (300 bar), σ=0.0457815; bu bar -9.94σ ile bandın dışında kapandı ve kapanış long yönünde döndü; stop 2.5×0.5σ (14.3148), hedef VWAP mesafesinin %100'i (14.7839); yönetim: breakeven 1R, kısmi %50 @ 1.5R, takip geri verme %50 | arm=vwap_revert_src | combo=band2_tp2 | combo_r=0.03093 | combo_n=12 | pick=exploit",
vwap_clone,AVAX-USDT-SWAP,long,2026-10-01T17:45:00+00:00,2026-10-01T17:45:00+00:00,10.9844895,10.92694683,218.2811598,2397.707108,10.93241303,11.36731183,10,239.7707108,2.630569554,2.391424325,0,-15.19105129,stop,"VWAP sapma-dönüş (kaynak kuralları): kümülatif VWAP=11.1059 (300 bar), σ=0.048587; bu bar -2.94σ ile bandın dışında kapandı ve kapanış long yönünde döndü; stop 2×0.5σ (10.9324), hedef VWAP mesafesinin %75'i (11.0747); yönetim: breakeven 1R, kısmi %50 @ 1.5R, takip geri verme %50 | arm=vwap_revert_src | combo=band1_tp1 | combo_r=0.7049 | combo_n=24 | pick=exploit",
vwap_clone,LINK-USDT-SWAP,long,2026-10-01T17:45:00+00:00,2026-10-01T17:45:00+00:00,14.38719,14.32002781,166.5682188,2396.448611,14.3271914,9.993859794,10,239.6448611,2.629940575,2.390852869,0,-13.81702774,stop,"VWAP sapma-dönüş (kaynak kuralları): kümülatif VWAP=14.788 (300 bar), σ=0.0438469; bu bar -9.59σ ile bandın dışında kapandı ve kapanış long yönünde döndü; stop 2.5×0.5σ (14.3272), hedef VWAP mesafesinin %100'i (14.788); yönetim: breakeven 1R, kısmi %50 @ 1.5R, takip geri verme %50 | arm=vwap_revert_src | combo=band2_tp2 | combo_r=-0.07535 | combo_n=13 | pick=exploit",
vwap_clone,BNB-USDT-SWAP,short,2026-10-01T17:45:00+00:00,2026-10-01T18:00:00+00:00,773.0133,770.6516267,1.551698312,1199.483433,774.8445043,2.841476695,10,119.9483433,1.317416244,1.197652346,0,2.34718819,partial,"VWAP sapma-dönüş (kaynak kuralları): kümülatif VWAP=764.567 (300 bar), σ=2.05934; bu bar +4.13σ ile bandın dışında kapandı ve kapanış short yönünde döndü; stop 1.5×0.5σ (774.845), hedef VWAP mesafesinin %75'i (766.75); yönetim: breakeven 1R, kısmi %50 @ 1.5R, takip geri verme %50 | arm=vwap_revert_src | combo=band0_tp1 | combo_r=-0.4446 | combo_n=17 | pick=exploit",
vwap_clone,BNB-USDT-SWAP,short,2026-10-01T17:45:00+00:00,2026-10-01T18:15:00+00:00,773.0133,772.05635,1.551698312,1199.483433,774.8445043,2.841476695,10,119.9483433,1.318615082,2.394348081,0,0.1662826174,stop,"VWAP sapma-dönüş (kaynak kuralları): kümülatif VWAP=764.567 (300 bar), σ=2.05934; bu bar +4.13σ ile bandın dışında kapandı ve kapanış short yönünde döndü; stop 1.5×0.5σ (774.845), hedef VWAP mesafesinin %75'i (766.75); yönetim: breakeven 1R, kısmi %50 @ 1.5R, takip geri verme %50 | arm=vwap_revert_src | combo=band0_tp1 | combo_r=-0.4446 | combo_n=17 | pick=exploit",exit_rule=partial
vwap_clone,BNB-USDT-SWAP,short,2026-10-01T18:30:00+00:00,2026-10-01T18:30:00+00:00,769.91485,773.1244289,3.09367367,2381.8653,771.9664792,6.347071117,10,238.18653,2.625512994,4.773846971,0,-12.55490267,stop,"VWAP sapma-dönüş (kaynak kuralları): kümülatif VWAP=764.792 (300 bar), σ=2.35531; bu bar +2.34σ ile bandın dışında kapandı ve kapanış short yönünde döndü; stop 1.5×0.5σ (771.966), hedef VWAP mesafesinin %75'i (766.144); yönetim: breakeven 1R, kısmi %50 @ 1.5R, takip geri verme %50 | arm=vwap_revert_src | combo=band0_tp1 | combo_r=-0.3512 | combo_n=19 | pick=exploit",
vwap_clone,NEAR-USDT-SWAP,long,2026-10-01T18:15:00+00:00,2026-10-01T18:45:00+00:00,4.90245,4.899998775,486.1192566,2383.17535,4.859099406,21.07355859,10,238.317535,2.620837511,2.382579853,0,-3.812425186,stop,"VWAP sapma-dönüş (kaynak kuralları): kümülatif VWAP=5.0394 (300 bar), σ=0.0335205; bu bar -4.16σ ile bandın dışında kapandı ve kapanış long yönünde döndü; stop 2.5×0.5σ (4.8591), hedef VWAP mesafesinin %75'i (5.0048); yönetim: breakeven 1R, kısmi %50 @ 1.5R, takip geri verme %50 | arm=vwap_revert_src | combo=band2_tp1 | combo_r=0.4408 | combo_n=39 | pick=exploit",exit_rule=breakeven
vwap_clone,ETHFI-USDT-SWAP,long,2026-10-01T18:15:00+00:00,2026-10-01T19:00:00+00:00,0.7375686,0.7312668384,3232.82048,2384.426876,0.7316326547,19.1898455,10,238.4426876,2.611664708,2.374236144,0,-22.98412872,stop,"VWAP sapma-dönüş (kaynak kuralları): kümülatif VWAP=0.758239 (300 bar), σ=0.00445388; bu bar -4.81σ ile bandın dışında kapandı ve kapanış long yönünde döndü; stop 2.5×0.5σ (0.731633), hedef VWAP mesafesinin %75'i (0.75298); yönetim: breakeven 1R, kısmi %50 @ 1.5R, takip geri verme %50 | arm=vwap_revert_src | combo=band2_tp1 | combo_r=0.5323 | combo_n=30 | pick=exploit",
vwap_clone,PENGU-USDT-SWAP,long,2026-10-01T17:45:00+00:00,2026-10-01T19:15:00+00:00,0.0095537745,0.009448757455,250706.2288,2395.190775,0.009453484197,25.14340357,10,239.5190775,2.620229218,2.382020575,0,-28.94865647,stop,"VWAP sapma-dönüş (kaynak kuralları): kümülatif VWAP=0.00975814 (300 bar), σ=7.64126e-05; bu bar -3.13σ ile bandın dışında kapandı ve kapanış long yönünde döndü; stop 2.5×0.5σ (0.00945348), hedef VWAP mesafesinin %75'i (0.00970585); yönetim: breakeven 1R, kısmi %50 @ 1.5R, takip geri verme %50 | arm=vwap_revert_src | combo=band2_tp1 | combo_r=0.5478 | combo_n=18 | pick=exploit",
vwap_clone,AVAX-USDT-SWAP,long,2026-10-01T19:00:00+00:00,2026-10-01T19:15:00+00:00,10.997496,10.99199725,215.3439081,2368.243769,10.94203797,11.94254952,10,236.8243769,2.604416878,2.367652003,0,-3.788538763,stop,"VWAP sapma-dönüş (kaynak kuralları): kümülatif VWAP=11.1209 (300 bar), σ=0.049962; bu bar -3.00σ ile bandın dışında kapandı ve kapanış long yönünde döndü; stop 2×0.5σ (10.942), hedef VWAP mesafesinin %75'i (11.0886); yönetim: breakeven 1R, kısmi %50 @ 1.5R, takip geri verme %50 | arm=vwap_revert_src | combo=band1_tp1 | combo_r=0.6233 | combo_n=25 | pick=exploit",exit_rule=breakeven
vwap_clone,LINK-USDT-SWAP,long,2026-10-01T19:15:00+00:00,2026-10-01T19:15:00+00:00,14.451222,14.3958557,163.5670135,2363.743224,14.40305722,7.878168409,10,236.3743224,2.595136691,2.3592135,0,-11.65123763,stop,"VWAP sapma-dönüş (kaynak kuralları): kümülatif VWAP=14.8059 (300 bar), σ=0.0545904; bu bar -6.98σ ile bandın dışında kapandı ve kapanış long yönünde döndü; stop 1.5×0.5σ (14.4031), hedef VWAP mesafesinin %75'i (14.7154); yönetim: breakeven 1R, kısmi %50 @ 1.5R, takip geri verme %50 | arm=vwap_revert_src | combo=band0_tp1 | combo_r=-1.075 | combo_n=3 | pick=explore",
vwap_clone,AVAX-USDT-SWAP,long,2026-10-01T19:45:00+00:00,2026-10-01T21:00:00+00:00,10.9704825,10.96499726,213.971599,2347.371682,10.90834277,13.29613785,10,234.7371682,2.581463323,2.346785132,0,-3.755149164,stop,"VWAP sapma-dönüş (kaynak kuralları): kümülatif VWAP=11.1259 (300 bar), σ=0.0566572; bu bar -2.85σ ile bandın dışında kapandı ve kapanış long yönünde döndü; stop 2×0.5σ (10.9083), hedef VWAP mesafesinin %75'i (11.0857); yönetim: breakeven 1R, kısmi %50 @ 1.5R, takip geri verme %50 | arm=vwap_revert_src | combo=band1_tp1 | combo_r=0.5871 | combo_n=26 | pick=exploit",exit_rule=breakeven
vwap_clone,ETHFI-USDT-SWAP,long,2026-10-01T19:45:00+00:00,2026-10-01T21:00:00+00:00,0.73066515,0.7302998174,3210.964154,2346.139605,0.7239935427,21.42229186,10,234.6139605,2.580108377,2.345553363,0,-3.75317818,stop,"VWAP sapma-dönüş (kaynak kuralları): kümülatif VWAP=0.759378 (300 bar), σ=0.00504517; bu bar -5.88σ ile bandın dışında kapandı ve kapanış long yönünde döndü; stop 2.5×0.5σ (0.723994), hedef VWAP mesafesinin %75'i (0.752108); yönetim: breakeven 1R, kısmi %50 @ 1.5R, takip geri verme %50 | arm=vwap_revert_src | combo=band2_tp1 | combo_r=0.4765 | combo_n=31 | pick=exploit",exit_rule=breakeven
vwap_clone,SOL-USDT-SWAP,long,2026-10-01T22:00:00+00:00,2026-10-01T23:30:00+00:00,117.628785,118.3302892,9.913523581,1166.115734,117.1216524,5.027471299,10,116.6115734,1.286552215,1.169594954,0,5.667826263,partial,"VWAP sapma-dönüş (kaynak kuralları): kümülatif VWAP=118.888 (300 bar), σ=0.366678; bu bar -3.73σ ile bandın dışında kapandı ve kapanış long yönünde döndü; stop 2.5×0.5σ (117.122), hedef VWAP mesafesinin %100'i (118.888); yönetim: breakeven 1R, kısmi %50 @ 1.5R, takip geri verme %50 | arm=vwap_revert_src | combo=band2_tp2 | combo_r=-0.0105 | combo_n=19 | pick=exploit",
vwap_clone,SOL-USDT-SWAP,long,2026-10-01T22:00:00+00:00,2026-10-01T23:45:00+00:00,117.628785,118.24085,9.913523581,1166.115734,117.1216524,5.027471299,10,116.6115734,1.286064554,1.169151404,0,4.781656257,stop,"VWAP sapma-dönüş (kaynak kuralları): kümülatif VWAP=118.888 (300 bar), σ=0.366678; bu bar -3.73σ ile bandın dışında kapandı ve kapanış long yönünde döndü; stop 2.5×0.5σ (117.122), hedef VWAP mesafesinin %100'i (118.888); yönetim: breakeven 1R, kısmi %50 @ 1.5R, takip geri verme %50 | arm=vwap_revert_src | combo=band2_tp2 | combo_r=-0.0105 | combo_n=19 | pick=exploit",exit_rule=partial
vwap_clone,BNB-USDT-SWAP,short,2026-10-01T19:00:00+00:00,2026-10-02T00:15:00+00:00,769.615,772.8508929,3.078796601,2369.488046,771.6933529,6.398825859,10,236.9488046,2.611916312,4.749166999,0.09635076797,-12.47822171,stop,"VWAP sapma-dönüş (kaynak kuralları): kümülatif VWAP=764.852 (300 bar), σ=2.39114; bu bar +2.06σ ile bandın dışında kapandı ve kapanış short yönünde döndü; stop 1.5×0.5σ (771.693), hedef VWAP mesafesinin %75'i (766.114); yönetim: breakeven 1R, kısmi %50 @ 1.5R, takip geri verme %50 | arm=vwap_revert_src | combo=band0_tp1 | combo_r=-0.4326 | combo_n=20 | pick=exploit",
vwap_clone,SOL-USDT-SWAP,long,2026-10-02T00:00:00+00:00,2026-10-02T00:30:00+00:00,118.389165,118.7983231,9.891465704,1171.042365,118.0767737,3.090007875,10,117.1042365,1.290372547,1.173067257,0,2.756800577,partial,"VWAP sapma-dönüş (kaynak kuralları): kümülatif VWAP=118.887 (300 bar), σ=0.253226; bu bar -2.26σ ile bandın dışında kapandı ve kapanış long yönünde döndü; stop 2×0.5σ (118.077), hedef VWAP mesafesinin %100'i (118.887); yönetim: breakeven 1R, kısmi %50 @ 1.5R, takip geri verme %50 | arm=vwap_revert_src | combo=band1_tp2 | combo_r=-0.5342 | combo_n=14 | pick=explore",
vwap_clone,SOL-USDT-SWAP,long,2026-10-02T00:00:00+00:00,2026-10-02T00:30:00+00:00,118.389165,118.8274082,9.891465704,1171.042365,118.0767737,3.090007875,10,117.1042365,1.290530779,1.173211176,0,3.044336918,tp,"VWAP sapma-dönüş (kaynak kuralları): kümülatif VWAP=118.887 (300 bar), σ=0.253226; bu bar -2.26σ ile bandın dışında kapandı ve kapanış long yönünde döndü; stop 2×0.5σ (118.077), hedef VWAP mesafesinin %100'i (118.887); yönetim: breakeven 1R, kısmi %50 @ 1.5R, takip geri verme %50 | arm=vwap_revert_src | combo=band1_tp2 | combo_r=-0.5342 | combo_n=14 | pick=explore",
vwap_clone,BNB-USDT-SWAP,short,2026-10-02T00:45:00+00:00,2026-10-02T00:45:00+00:00,770.4146,772.5454184,3.045656335,2346.418107,771.3883359,2.965664829,10,234.6418107,2.584629275,4.69787161,0,-9.074369762,stop,"VWAP sapma-dönüş (kaynak kuralları): kümülatif VWAP=764.886 (300 bar), σ=0.784448; bu bar +7.67σ ile bandın dışında kapandı ve kapanış short yönünde döndü; stop 1.5×0.5σ (771.388), hedef VWAP mesafesinin %75'i (766.364); yönetim: breakeven 1R, kısmi %50 @ 1.5R, takip geri verme %50 | arm=vwap_revert_src | combo=band0_tp1 | combo_r=-0.5048 | combo_n=21 | pick=exploit",
vwap_clone,XRP-USDT-SWAP,long,2026-10-01T22:00:00+00:00,2026-10-02T01:00:00+00:00,1.4903448,1.489599628,1564.072514,2331.007338,1.483607947,10.53692731,10,233.1007338,2.563467044,2.330424877,-0.2336098707,-3.962580584,stop,"VWAP sapma-dönüş (kaynak kuralları): kümülatif VWAP=1.50226 (300 bar), σ=0.00479364; bu bar -2.55σ ile bandın dışında kapandı ve kapanış long yönünde döndü; stop 2.5×0.5σ (1.48361), hedef VWAP mesafesinin %75'i (1.4991); yönetim: breakeven 1R, kısmi %50 @ 1.5R, takip geri verme %50 | arm=vwap_revert_src | combo=band2_tp1 | combo_r=0.2415 | combo_n=22 | pick=exploit",exit_rule=breakeven
vwap_clone,BNB-USDT-SWAP,short,2026-10-02T01:15:00+00:00,2026-10-02T01:30:00+00:00,769.4151,770.7544,3.021934096,2325.121725,770.5564946,3.449219123,10,232.5121725,2.559859899,4.651663154,0,-6.607136234,stop,"VWAP sapma-dönüş (kaynak kuralları): kümülatif VWAP=764.934 (300 bar), σ=0.756495; bu bar +7.14σ ile bandın dışında kapandı ve kapanış short yönünde döndü; stop 2×0.5σ (770.556), hedef VWAP mesafesinin %50'i (767.367); yönetim: breakeven 1R, kısmi %50 @ 1.5R, takip geri verme %50 | arm=vwap_revert_src | combo=band1_tp0 | combo_r=-0.5171 | combo_n=9 | pick=exploit",exit_rule=breakeven
vwap_clone,NEAR-USDT-SWAP,long,2026-10-02T00:45:00+00:00,2026-10-02T01:45:00+00:00,4.836417,4.886927465,242.4507589,1172.592972,4.801113566,8.559344381,10,117.2592972,1.296587735,1.178719479,0,10.94971284,partial,"VWAP sapma-dönüş (kaynak kuralları): kümülatif VWAP=5.04429 (300 bar), σ=0.0263091; bu bar -8.20σ ile bandın dışında kapandı ve kapanış long yönünde döndü; stop 2.5×0.5σ (4.80111), hedef VWAP mesafesinin %75'i (4.99172); yönetim: breakeven 1R, kısmi %50 @ 1.5R, takip geri verme %50 | arm=vwap_revert_src | combo=band2_tp1 | combo_r=0.4252 | combo_n=40 | pick=exploit",
vwap_clone,BNB-USDT-SWAP,short,2026-10-02T01:45:00+00:00,2026-10-02T01:45:00+00:00,768.6155,770.7270119,3.021642345,2322.481142,769.5726529,2.892173778,10,232.2481142,2.558238385,4.649881455,0,-8.938472136,stop,"VWAP sapma-dönüş (kaynak kuralları): kümülatif VWAP=764.967 (300 bar), σ=0.763537; bu bar +5.76σ ile bandın dışında kapandı ve kapanış short yönünde döndü; stop 1.5×0.5σ (769.573), hedef VWAP mesafesinin %50'i (766.984); yönetim: breakeven 1R, kısmi %50 @ 1.5R, takip geri verme %50 | arm=vwap_revert_src | combo=band0_tp0 | combo_r=-0.968 | combo_n=36 | pick=explore",
vwap_clone,NEAR-USDT-SWAP,long,2026-10-02T00:45:00+00:00,2026-10-02T02:00:00+00:00,4.836417,4.873562,242.4507589,1172.592972,4.801113566,8.559344381,10,117.2592972,1.294805478,1.177098435,0,7.711027963,stop,"VWAP sapma-dönüş (kaynak kuralları): kümülatif VWAP=5.04429 (300 bar), σ=0.0263091; bu bar -8.20σ ile bandın dışında kapandı ve kapanış long yönünde döndü; stop 2.5×0.5σ (4.80111), hedef VWAP mesafesinin %75'i (4.99172); yönetim: breakeven 1R, kısmi %50 @ 1.5R, takip geri verme %50 | arm=vwap_revert_src | combo=band2_tp1 | combo_r=0.4252 | combo_n=40 | pick=exploit",exit_rule=partial
vwap_clone,ETHFI-USDT-SWAP,long,2026-10-02T01:30:00+00:00,2026-10-02T02:15:00+00:00,0.72526245,0.7248998188,3220.796394,2335.922683,0.7204350972,15.54792061,10,233.5922683,2.568872573,2.335338995,0,-3.736833915,stop,"VWAP sapma-dönüş (kaynak kuralları): kümülatif VWAP=0.759969 (300 bar), σ=0.00365192; bu bar -9.89σ ile bandın dışında kapandı ve kapanış long yönünde döndü; stop 2.5×0.5σ (0.720435), hedef VWAP mesafesinin %75'i (0.751227); yönetim: breakeven 1R, kısmi %50 @ 1.5R, takip geri verme %50 | arm=vwap_revert_src | combo=band2_tp1 | combo_r=0.4562 | combo_n=32 | pick=exploit",exit_rule=breakeven
vwap_clone,AVAX-USDT-SWAP,long,2026-10-02T02:15:00+00:00,2026-10-02T02:15:00+00:00,11.02551,10.97857287,213.3468367,2352.257682,10.9840649,8.842181084,10,235.2257682,2.581975811,2.347248821,0,-12.59586465,stop,"VWAP sapma-dönüş (kaynak kuralları): kümülatif VWAP=11.1462 (300 bar), σ=0.0349351; bu bar -4.63σ ile bandın dışında kapandı ve kapanış long yönünde döndü; stop 2×0.5σ (10.9841), hedef VWAP mesafesinin %75'i (11.1144); yönetim: breakeven 1R, kısmi %50 @ 1.5R, takip geri verme %50 | arm=vwap_revert_src | combo=band1_tp1 | combo_r=0.5549 | combo_n=27 | pick=exploit",
vwap_clone,ETH-USDT-SWAP,short,2026-10-02T02:30:00+00:00,2026-10-02T02:45:00+00:00,2708.994825,2722.226343,0.8607545597,2331.779648,2718.149119,7.87960069,10,233.1779648,2.571221612,4.675961933,0,-13.96031117,stop,"VWAP sapma-dönüş (kaynak kuralları): kümülatif VWAP=2694.27 (300 bar), σ=6.2473; bu bar +2.94σ ile bandın dışında kapandı ve kapanış short yönünde döndü; stop 2.5×0.5σ (2718.15), hedef VWAP mesafesinin %75'i (2698.29); yönetim: breakeven 1R, kısmi %50 @ 1.5R, takip geri verme %50 | arm=vwap_revert_src | combo=band2_tp1 | combo_r=-0.05013 | combo_n=42 | pick=exploit",
vwap_clone,BNB-USDT-SWAP,short,2026-10-02T02:30:00+00:00,2026-10-02T02:45:00+00:00,771.2142,773.8009345,3.021929798,2330.555172,772.6419715,4.314625263,10,233.0555172,2.567910001,4.668165212,0,-10.38483996,stop,"VWAP sapma-dönüş (kaynak kuralları): kümülatif VWAP=765.028 (300 bar), σ=0.833577; bu bar +7.88σ ile bandın dışında kapandı ve kapanış short yönünde döndü; stop 2.5×0.5σ (772.642), hedef VWAP mesafesinin %100'i (765.028); yönetim: breakeven 1R, kısmi %50 @ 1.5R, takip geri verme %50 | arm=vwap_revert_src | combo=band2_tp2 | combo_r=-0.5551 | combo_n=6 | pick=exploit",
vwap_clone,BTC-USDT-SWAP,short,2026-10-01T18:00:00+00:00,2026-10-02T03:00:00+00:00,84817.27015,85364.59191,0.0281026862,2383.593127,85236.7368,11.78813971,10,238.3593127,2.630412107,4.785464661,0.007672577582,-18.00395114,stop,"VWAP sapma-dönüş (kaynak kuralları): kümülatif VWAP=83857.8 (300 bar), σ=377.137; bu bar +2.71σ ile bandın dışında kapandı ve kapanış short yönünde döndü; stop 2×0.5σ (85236.7), hedef VWAP mesafesinin %50'i (84358.7); yönetim: breakeven 1R, kısmi %50 @ 1.5R, takip geri verme %50 | arm=vwap_revert_src | combo=band1_tp0 | combo_r=-0.3635 | combo_n=64 | pick=exploit",
vwap_clone,NEAR-USDT-SWAP,long,2026-10-02T02:30:00+00:00,2026-10-02T03:00:00+00:00,4.926462,5.012739237,236.41016,1164.665669,4.867272093,13.99309541,10,116.4665669,1.292350485,1.17486947,0,19.10446497,partial,"VWAP sapma-dönüş (kaynak kuralları): kümülatif VWAP=5.04453 (300 bar), σ=0.0461823; bu bar -2.51σ ile bandın dışında kapandı ve kapanış long yönünde döndü; stop 2.5×0.5σ (4.86727), hedef VWAP mesafesinin %75'i (5.01465); yönetim: breakeven 1R, kısmi %50 @ 1.5R, takip geri verme %50 | arm=vwap_revert_src | combo=band2_tp1 | combo_r=0.4569 | combo_n=42 | pick=exploit",
vwap_clone,NEAR-USDT-SWAP,long,2026-10-02T02:30:00+00:00,2026-10-02T03:00:00+00:00,4.926462,5.012139086,236.41016,1164.665669,4.867272093,13.99309541,10,116.4665669,1.29227245,1.174798494,0,18.96266121,tp,"VWAP sapma-dönüş (kaynak kuralları): kümülatif VWAP=5.04453 (300 bar), σ=0.0461823; bu bar -2.51σ ile bandın dışında kapandı ve kapanış long yönünde döndü; stop 2.5×0.5σ (4.86727), hedef VWAP mesafesinin %75'i (5.01465); yönetim: breakeven 1R, kısmi %50 @ 1.5R, takip geri verme %50 | arm=vwap_revert_src | combo=band2_tp1 | combo_r=0.4569 | combo_n=42 | pick=exploit",
vwap_clone,AVAX-USDT-SWAP,long,2026-10-02T03:00:00+00:00,2026-10-02T03:15:00+00:00,11.021508,10.96931065,211.7359852,2333.649855,10.97479805,9.890177057,10,233.3649855,2.560936209,2.328121645,0,-13.6129931,stop,"VWAP sapma-dönüş (kaynak kuralları): kümülatif VWAP=11.1476 (300 bar), σ=0.0337616; bu bar -4.21σ ile bandın dışında kapandı ve kapanış long yönünde döndü; stop 2.5×0.5σ (10.9748), hedef VWAP mesafesinin %100'i (11.1476); yönetim: breakeven 1R, kısmi %50 @ 1.5R, takip geri verme %50 | arm=vwap_revert_src | combo=band2_tp2 | combo_r=-0.3892 | combo_n=9 | pick=explore",
vwap_clone,BNB-USDT-SWAP,short,2026-10-02T03:30:00+00:00,2026-10-02T03:30:00+00:00,773.2132,775.7690934,3.001128399,2320.512093,774.6071827,4.183520945,10,232.0512093,2.556782112,4.647879885,0,-10.22734648,stop,"VWAP sapma-dönüş (kaynak kuralları): kümülatif VWAP=765.194 (300 bar), σ=1.34291; bu bar +6.38σ ile bandın dışında kapandı ve kapanış short yönünde döndü; stop 1.5×0.5σ (774.607), hedef VWAP mesafesinin %75'i (767.295); yönetim: breakeven 1R, kısmi %50 @ 1.5R, takip geri verme %50 | arm=vwap_revert_src | combo=band0_tp1 | combo_r=-0.621 | combo_n=22 | pick=explore",
vwap_clone,BTC-USDT-SWAP,short,2026-10-02T03:30:00+00:00,2026-10-02T03:45:00+00:00,85195.28105,85602.73638,0.02725187667,2321.731292,85474.5246,7.609910676,10,232.1731292,2.560011578,4.655458173,0,-13.66393406,stop,"VWAP sapma-dönüş (kaynak kuralları): kümülatif VWAP=83969.2 (300 bar), σ=189.3; bu bar +6.65σ ile bandın dışında kapandı ve kapanış short yönünde döndü; stop 2.5×0.5σ (85474.5), hedef VWAP mesafesinin %100'i (83969.2); yönetim: breakeven 1R, kısmi %50 @ 1.5R, takip geri verme %50 | arm=vwap_revert_src | combo=band2_tp2 | combo_r=-0.4492 | combo_n=17 | pick=explore",
vwap_clone,PENGU-USDT-SWAP,long,2026-10-01T19:45:00+00:00,2026-10-02T04:00:00+00:00,0.009448722,0.009655586354,124085.9968,1172.454087,0.009307592292,17.51222047,10,117.2454087,1.303817429,1.185295286,-0.05860581627,24.30654626,partial,"VWAP sapma-dönüş (kaynak kuralları): kümülatif VWAP=0.00977102 (300 bar), σ=0.000109126; bu bar -3.12σ ile bandın dışında kapandı ve kapanış long yönünde döndü; stop 2.5×0.5σ (0.00930759), hedef VWAP mesafesinin %75'i (0.00968927); yönetim: breakeven 1R, kısmi %50 @ 1.5R, takip geri verme %50 | arm=vwap_revert_src | combo=band2_tp1 | combo_r=0.4584 | combo_n=19 | pick=exploit",
vwap_clone,PENGU-USDT-SWAP,long,2026-10-01T19:45:00+00:00,2026-10-02T04:15:00+00:00,0.009448722,0.0095902025,124085.9968,1172.454087,0.009307592292,17.51222047,10,117.2454087,1.299355158,1.181236646,-0.05860581627,16.19778789,stop,"VWAP sapma-dönüş (kaynak kuralları): kümülatif VWAP=0.00977102 (300 bar), σ=0.000109126; bu bar -3.12σ ile bandın dışında kapandı ve kapanış long yönünde döndü; stop 2.5×0.5σ (0.00930759), hedef VWAP mesafesinin %75'i (0.00968927); yönetim: breakeven 1R, kısmi %50 @ 1.5R, takip geri verme %50 | arm=vwap_revert_src | combo=band2_tp1 | combo_r=0.4584 | combo_n=19 | pick=exploit",exit_rule=partial
vwap_clone,ETH-USDT-SWAP,short,2026-10-02T03:15:00+00:00,2026-10-02T04:15:00+00:00,2715.291675,2728.770197,0.8593710433,2333.44304,2724.683172,8.070780941,10,233.344304,2.573158022,4.679575903,0,-14.15620969,stop,"VWAP sapma-dönüş (kaynak kuralları): kümülatif VWAP=2694.6 (300 bar), σ=6.42654; bu bar +3.91σ ile bandın dışında kapandı ve kapanış short yönünde döndü; stop 2.5×0.5σ (2724.68), hedef VWAP mesafesinin %75'i (2700.11); yönetim: breakeven 1R, kısmi %50 @ 1.5R, takip geri verme %50 | arm=vwap_revert_src | combo=band2_tp1 | combo_r=-0.09016 | combo_n=43 | pick=exploit",
vwap_clone,AVAX-USDT-SWAP,long,2026-10-02T03:45:00+00:00,2026-10-02T04:15:00+00:00,10.9964955,11.05563964,105.3437404,1158.411968,10.95337902,4.542051559,10,115.8411968,1.27767992,1.161529048,0,4.952784895,partial,"VWAP sapma-dönüş (kaynak kuralları): kümülatif VWAP=11.1547 (300 bar), σ=0.037621; bu bar -4.52σ ile bandın dışında kapandı ve kapanış long yönünde döndü; stop 2×0.5σ (10.9534), hedef VWAP mesafesinin %100'i (11.1547); yönetim: breakeven 1R, kısmi %50 @ 1.5R, takip geri verme %50 | arm=vwap_revert_src | combo=band1_tp2 | combo_r=0.4137 | combo_n=17 | pick=explore",
vwap_clone,AVAX-USDT-SWAP,long,2026-10-02T03:45:00+00:00,2026-10-02T04:15:00+00:00,10.9964955,11.14912594,105.3437404,1158.411968,10.95337902,4.542051559,10,115.8411968,1.283096428,1.16645561,0,14.79556495,tp,"VWAP sapma-dönüş (kaynak kuralları): kümülatif VWAP=11.1547 (300 bar), σ=0.037621; bu bar -4.52σ ile bandın dışında kapandı ve kapanış long yönünde döndü; stop 2×0.5σ (10.9534), hedef VWAP mesafesinin %100'i (11.1547); yönetim: breakeven 1R, kısmi %50 @ 1.5R, takip geri verme %50 | arm=vwap_revert_src | combo=band1_tp2 | combo_r=0.4137 | combo_n=17 | pick=explore",
vwap_clone,LINK-USDT-SWAP,long,2026-10-02T03:45:00+00:00,2026-10-02T04:15:00+00:00,14.431212,14.57430653,80.22915513,1157.803946,14.33095511,8.04352545,10,115.7803946,1.279898535,1.163547284,0,10.20045502,partial,"VWAP sapma-dönüş (kaynak kuralları): kümülatif VWAP=14.656 (300 bar), σ=0.0744359; bu bar -3.38σ ile bandın dışında kapandı ve kapanış long yönünde döndü; stop 2.5×0.5σ (14.331), hedef VWAP mesafesinin %100'i (14.656); yönetim: breakeven 1R, kısmi %50 @ 1.5R, takip geri verme %50 | arm=vwap_revert_src | combo=band2_tp2 | combo_r=-0.1687 | combo_n=14 | pick=exploit",
vwap_clone,BTC-USDT-SWAP,short,2026-10-02T04:15:00+00:00,2026-10-02T04:15:00+00:00,85378.4894,85816.06816,0.02719800942,2322.124959,85687.53685,8.405475475,10,232.2124959,2.560883154,4.657438953,0,-14.46215428,stop,"VWAP sapma-dönüş (kaynak kuralları): kümülatif VWAP=83993.2 (300 bar), σ=266.437; bu bar +5.52σ ile bandın dışında kapandı ve kapanış short yönünde döndü; stop 2×0.5σ (85687.5), hedef VWAP mesafesinin %50'i (84707.2); yönetim: breakeven 1R, kısmi %50 @ 1.5R, takip geri verme %50 | arm=vwap_revert_src | combo=band1_tp0 | combo_r=-0.3814 | combo_n=65 | pick=exploit",
vwap_clone,LINK-USDT-SWAP,long,2026-10-02T03:45:00+00:00,2026-10-02T04:30:00+00:00,14.431212,14.566713,80.22915513,1157.803946,14.33095511,8.04352545,10,115.7803946,1.279563463,1.16324252,0,9.591567286,stop,"VWAP sapma-dönüş (kaynak kuralları): kümülatif VWAP=14.656 (300 bar), σ=0.0744359; bu bar -3.38σ ile bandın dışında kapandı ve kapanış long yönünde döndü; stop 2.5×0.5σ (14.331), hedef VWAP mesafesinin %100'i (14.656); yönetim: breakeven 1R, kısmi %50 @ 1.5R, takip geri verme %50 | arm=vwap_revert_src | combo=band2_tp2 | combo_r=-0.1687 | combo_n=14 | pick=exploit",exit_rule=partial
vwap_clone,ETHFI-USDT-SWAP,long,2026-10-02T04:30:00+00:00,2026-10-02T05:00:00+00:00,0.73926945,0.7388998153,3157.560672,2334.288141,0.7356283098,11.49712094,10,233.4288141,2.567075026,2.333704861,0,-3.734219096,stop,"VWAP sapma-dönüş (kaynak kuralları): kümülatif VWAP=0.760246 (300 bar), σ=0.00253735; bu bar -10.66σ ile bandın dışında kapandı ve kapanış long yönünde döndü; stop 2.5×0.5σ (0.735628), hedef VWAP mesafesinin %75'i (0.754885); yönetim: breakeven 1R, kısmi %50 @ 1.5R, takip geri verme %50 | arm=vwap_revert_src | combo=band2_tp1 | combo_r=0.4351 | combo_n=33 | pick=exploit",exit_rule=breakeven
vwap_clone,ETH-USDT-SWAP,short,2026-10-02T04:45:00+00:00,2026-10-02T05:30:00+00:00,2737.460585,2717.848211,0.4267228285,1168.136924,2751.440998,5.965761266,10,116.8136924,1.28034764,1.163954783,0,7.088700118,partial,"VWAP sapma-dönüş (kaynak kuralları): kümülatif VWAP=2696.3 (300 bar), σ=10.0888; bu bar +4.35σ ile bandın dışında kapandı ve kapanış short yönünde döndü; stop 2.5×0.5σ (2751.44), hedef VWAP mesafesinin %75'i (2706.93); yönetim: breakeven 1R, kısmi %50 @ 1.5R, takip geri verme %50 | arm=vwap_revert_src | combo=band2_tp1 | combo_r=-0.128 | combo_n=44 | pick=exploit",
vwap_clone,BNB-USDT-SWAP,short,2026-10-02T05:00:00+00:00,2026-10-02T05:30:00+00:00,781.2092,775.8980685,1.492368627,1165.852101,785.0084578,5.669893094,10,116.5852101,1.27807792,1.16189129,0,6.64808809,partial,"VWAP sapma-dönüş (kaynak kuralları): kümülatif VWAP=765.99 (300 bar), σ=3.40846; bu bar +4.60σ ile bandın dışında kapandı ve kapanış short yönünde döndü; stop 2×0.5σ (785.008), hedef VWAP mesafesinin %50'i (773.795); yönetim: breakeven 1R, kısmi %50 @ 1.5R, takip geri verme %50 | arm=vwap_revert_src | combo=band1_tp0 | combo_r=-0.6569 | combo_n=10 | pick=exploit",
vwap_clone,ETHFI-USDT-SWAP,long,2026-10-02T05:30:00+00:00,2026-10-02T05:30:00+00:00,0.7405701,0.7314878052,3160.604452,2340.649155,0.731853732,27.54899144,10,234.0649155,2.558926023,2.326289789,0,-31.26446755,stop,"VWAP sapma-dönüş (kaynak kuralları): kümülatif VWAP=0.760715 (300 bar), σ=0.00675701; bu bar -3.09σ ile bandın dışında kapandı ve kapanış long yönünde döndü; stop 2.5×0.5σ (0.731854), hedef VWAP mesafesinin %75'i (0.755611); yönetim: breakeven 1R, kısmi %50 @ 1.5R, takip geri verme %50 | arm=vwap_revert_src | combo=band2_tp1 | combo_r=0.4127 | combo_n=34 | pick=exploit",
vwap_clone,ETH-USDT-SWAP,short,2026-10-02T04:45:00+00:00,2026-10-02T05:45:00+00:00,2737.460585,2723.09853,0.4267228285,1168.136924,2751.440998,5.965761266,10,116.8136924,1.281579877,2.3247625,0,4.847036856,stop,"VWAP sapma-dönüş (kaynak kuralları): kümülatif VWAP=2696.3 (300 bar), σ=10.0888; bu bar +4.35σ ile bandın dışında kapandı ve kapanış short yönünde döndü; stop 2.5×0.5σ (2751.44), hedef VWAP mesafesinin %75'i (2706.93); yönetim: breakeven 1R, kısmi %50 @ 1.5R, takip geri verme %50 | arm=vwap_revert_src | combo=band2_tp1 | combo_r=-0.128 | combo_n=44 | pick=exploit",exit_rule=partial
vwap_clone,BNB-USDT-SWAP,short,2026-10-02T05:00:00+00:00,2026-10-02T05:45:00+00:00,781.2092,778.5661,1.492368627,1165.852101,785.0084578,5.669893094,10,116.5852101,1.280267847,2.323468715,0,2.66421167,stop,"VWAP sapma-dönüş (kaynak kuralları): kümülatif VWAP=765.99 (300 bar), σ=3.40846; bu bar +4.60σ ile bandın dışında kapandı ve kapanış short yönünde döndü; stop 2×0.5σ (785.008), hedef VWAP mesafesinin %50'i (773.795); yönetim: breakeven 1R, kısmi %50 @ 1.5R, takip geri verme %50 | arm=vwap_revert_src | combo=band1_tp0 | combo_r=-0.6569 | combo_n=10 | pick=exploit",exit_rule=partial
vwap_clone,ETH-USDT-SWAP,short,2026-10-02T07:00:00+00:00,2026-10-02T07:45:00+00:00,2726.626005,2738.535247,0.8528085068,2325.289852,2734.433597,6.658380909,10,232.5289852,2.563404804,4.661148889,0,-12.71970806,stop,"VWAP sapma-dönüş (kaynak kuralları): kümülatif VWAP=2698.23 (300 bar), σ=8.59146; bu bar +3.56σ ile bandın dışında kapandı ve kapanış short yönünde döndü; stop 1.5×0.5σ (2734.43), hedef VWAP mesafesinin %50'i (2713.11); yönetim: breakeven 1R, kısmi %50 @ 1.5R, takip geri verme %50 | arm=vwap_revert_src | combo=band0_tp0 | combo_r=-0.674 | combo_n=3 | pick=explore",
vwap_clone,BTC-USDT-SWAP,short,2026-10-02T04:45:00+00:00,2026-10-02T08:15:00+00:00,86451.05285,86580.72943,0.02703843679,2337.501328,86986.13181,14.46769877,10,233.7501328,2.573179899,4.675587323,0.1651736666,-5.914258225,stop,"VWAP sapma-dönüş (kaynak kuralları): kümülatif VWAP=84117.2 (300 bar), σ=491.932; bu bar +5.00σ ile bandın dışında kapandı ve kapanış short yönünde döndü; stop 2×0.5σ (86986.1), hedef VWAP mesafesinin %50'i (85305.7); yönetim: breakeven 1R, kısmi %50 @ 1.5R, takip geri verme %50 | arm=vwap_revert_src | combo=band1_tp0 | combo_r=-0.4017 | combo_n=66 | pick=exploit",exit_rule=breakeven
vwap_clone,AVAX-USDT-SWAP,long,2026-10-02T07:45:00+00:00,2026-10-02T08:15:00+00:00,11.055525,11.14326303,105.4424133,1165.721236,10.9933167,6.559393409,10,116.5721236,1.287381581,1.170349497,-0.09359764243,7.870330728,partial,"VWAP sapma-dönüş (kaynak kuralları): kümülatif VWAP=11.1883 (300 bar), σ=0.0566833; bu bar -2.73σ ile bandın dışında kapandı ve kapanış long yönünde döndü; stop 2×0.5σ (10.9933), hedef VWAP mesafesinin %100'i (11.1883); yönetim: breakeven 1R, kısmi %50 @ 1.5R, takip geri verme %50 | arm=vwap_revert_src | combo=band1_tp2 | combo_r=0.5989 | combo_n=19 | pick=exploit",
vwap_clone,AVAX-USDT-SWAP,long,2026-10-02T07:45:00+00:00,2026-10-02T08:30:00+00:00,11.055525,11.124435,105.4424133,1165.721236,10.9933167,6.559393409,10,116.5721236,1.28628968,1.169356364,-0.09359764243,5.886149379,stop,"VWAP sapma-dönüş (kaynak kuralları): kümülatif VWAP=11.1883 (300 bar), σ=0.0566833; bu bar -2.73σ ile bandın dışında kapandı ve kapanış long yönünde döndü; stop 2×0.5σ (10.9933), hedef VWAP mesafesinin %100'i (11.1883); yönetim: breakeven 1R, kısmi %50 @ 1.5R, takip geri verme %50 | arm=vwap_revert_src | combo=band1_tp2 | combo_r=0.5989 | combo_n=19 | pick=exploit",exit_rule=partial
vwap_clone,LINK-USDT-SWAP,long,2026-10-02T08:00:00+00:00,2026-10-02T08:45:00+00:00,14.3701815,14.36299641,162.0982786,2329.381684,14.26246861,17.46007444,10,232.9381684,2.561679273,2.32879963,0,-3.726370115,stop,"VWAP sapma-dönüş (kaynak kuralları): kümülatif VWAP=14.5942 (300 bar), σ=0.0796251; bu bar -2.95σ ile bandın dışında kapandı ve kapanış long yönünde döndü; stop 2.5×0.5σ (14.2625), hedef VWAP mesafesinin %100'i (14.5942); yönetim: breakeven 1R, kısmi %50 @ 1.5R, takip geri verme %50 | arm=vwap_revert_src | combo=band2_tp2 | combo_r=0.006161 | combo_n=16 | pick=explore",exit_rule=breakeven
vwap_clone,AVAX-USDT-SWAP,long,2026-10-02T09:15:00+00:00,2026-10-02T09:45:00+00:00,11.1025485,11.15302213,104.520684,1160.445964,11.06517988,3.905793901,10,116.0445964,1.279392106,1.163085343,0,3.996146418,partial,"VWAP sapma-dönüş (kaynak kuralları): kümülatif VWAP=11.1994 (300 bar), σ=0.0328201; bu bar -3.38σ ile bandın dışında kapandı ve kapanış long yönünde döndü; stop 2×0.5σ (11.0652), hedef VWAP mesafesinin %100'i (11.1994); yönetim: breakeven 1R, kısmi %50 @ 1.5R, takip geri verme %50 | arm=vwap_revert_src | combo=band1_tp2 | combo_r=0.6418 | combo_n=21 | pick=exploit",
vwap_clone,AVAX-USDT-SWAP,long,2026-10-02T09:15:00+00:00,2026-10-02T10:00:00+00:00,11.1025485,11.146424,104.520684,1160.445964,11.06517988,3.905793901,10,116.0445964,1.279012804,1.16274035,0,3.306884469,stop,"VWAP sapma-dönüş (kaynak kuralları): kümülatif VWAP=11.1994 (300 bar), σ=0.0328201; bu bar -3.38σ ile bandın dışında kapandı ve kapanış long yönünde döndü; stop 2×0.5σ (11.0652), hedef VWAP mesafesinin %100'i (11.1994); yönetim: breakeven 1R, kısmi %50 @ 1.5R, takip geri verme %50 | arm=vwap_revert_src | combo=band1_tp2 | combo_r=0.6418 | combo_n=21 | pick=exploit",exit_rule=partial
vwap_clone,LINK-USDT-SWAP,long,2026-10-02T10:30:00+00:00,2026-10-02T12:00:00+00:00,14.3701815,14.36299641,162.10883,2329.53331,14.30830578,10.03060094,10,232.953331,2.561846019,2.328951217,0,-3.726612674,stop,"VWAP sapma-dönüş (kaynak kuralları): kümülatif VWAP=14.5713 (300 bar), σ=0.0453554; bu bar -5.01σ ile bandın dışında kapandı ve kapanış long yönünde döndü; stop 2.5×0.5σ (14.3083), hedef VWAP mesafesinin %100'i (14.5713); yönetim: breakeven 1R, kısmi %50 @ 1.5R, takip geri verme %50 | arm=vwap_revert_src | combo=band2_tp2 | combo_r=-0.006756 | combo_n=17 | pick=exploit",exit_rule=breakeven
vwap_clone,BTC-USDT-SWAP,short,2026-10-02T08:45:00+00:00,2026-10-02T12:15:00+00:00,86244.856,86727.92493,0.02695837589,2325.021247,86598.02789,9.520940507,10,232.5021247,2.564685886,4.664905451,0,-15.58743967,stop,"VWAP sapma-dönüş (kaynak kuralları): kümülatif VWAP=84274.1 (300 bar), σ=309.928; bu bar +6.60σ ile bandın dışında kapandı ve kapanış short yönünde döndü; stop 2×0.5σ (86598), hedef VWAP mesafesinin %50'i (85281.1); yönetim: breakeven 1R, kısmi %50 @ 1.5R, takip geri verme %50 | arm=vwap_revert_src | combo=band1_tp0 | combo_r=-0.4018 | combo_n=67 | pick=exploit",
vwap_clone,BNB-USDT-SWAP,short,2026-10-02T06:00:00+00:00,2026-10-02T12:30:00+00:00,776.2117,781.4969578,3.005240739,2332.703023,780.3264681,12.36586879,10,233.2703023,2.574709235,4.684538316,0.07181509194,-18.38636627,stop,"VWAP sapma-dönüş (kaynak kuralları): kümülatif VWAP=766.273 (300 bar), σ=3.62647; bu bar +2.87σ ile bandın dışında kapandı ve kapanış short yönünde döndü; stop 2×0.5σ (780.326), hedef VWAP mesafesinin %50'i (771.487); yönetim: breakeven 1R, kısmi %50 @ 1.5R, takip geri verme %50 | arm=vwap_revert_src | combo=band1_tp0 | combo_r=-0.4106 | combo_n=12 | pick=exploit",
vwap_clone,ETH-USDT-SWAP,short,2026-10-02T08:45:00+00:00,2026-10-02T12:30:00+00:00,2756.730945,2760.866041,0.8429550676,2323.80032,2772.186948,13.02871591,10,232.380032,2.558097487,4.648181881,0,-6.043797967,stop,"VWAP sapma-dönüş (kaynak kuralları): kümülatif VWAP=2701.05 (300 bar), σ=11.2536; bu bar +5.10σ ile bandın dışında kapandı ve kapanış short yönünde döndü; stop 2.5×0.5σ (2772.19), hedef VWAP mesafesinin %75'i (2715.31); yönetim: breakeven 1R, kısmi %50 @ 1.5R, takip geri verme %50 | arm=vwap_revert_src | combo=band2_tp1 | combo_r=-0.07892 | combo_n=46 | pick=exploit",exit_rule=breakeven
vwap_clone,NEAR-USDT-SWAP,long,2026-10-02T12:15:00+00:00,2026-10-02T12:30:00+00:00,4.852425,4.849998787,479.0248964,2324.432383,4.822213861,14.47188777,10,232.4432383,2.556236402,2.323851565,0,-3.718452594,stop,"VWAP sapma-dönüş (kaynak kuralları): kümülatif VWAP=5.07415 (300 bar), σ=0.0383815; bu bar -6.10σ ile bandın dışında kapandı ve kapanış long yönünde döndü; stop 1.5×0.5σ (4.82221), hedef VWAP mesafesinin %50'i (4.96257); yönetim: breakeven 1R, kısmi %50 @ 1.5R, takip geri verme %50 | arm=vwap_revert_src | combo=band0_tp0 | combo_r=0.09429 | combo_n=3 | pick=explore",exit_rule=breakeven
vwap_clone,LINK-USDT-SWAP,long,2026-10-02T12:30:00+00:00,2026-10-02T12:30:00+00:00,14.389191,14.45893481,80.80625023,1162.736569,14.33787307,4.146809261,10,116.2736569,1.28210988,1.165556137,0,4.35362562,partial,"VWAP sapma-dönüş (kaynak kuralları): kümülatif VWAP=14.54 (300 bar), σ=0.0361015; bu bar -4.66σ ile bandın dışında kapandı ve kapanış long yönünde döndü; stop 2.5×0.5σ (14.3379), hedef VWAP mesafesinin %100'i (14.54); yönetim: breakeven 1R, kısmi %50 @ 1.5R, takip geri verme %50 | arm=vwap_revert_src | combo=band2_tp2 | combo_r=-0.02702 | combo_n=18 | pick=exploit",
vwap_clone,LINK-USDT-SWAP,long,2026-10-02T12:30:00+00:00,2026-10-02T12:45:00+00:00,14.389191,14.340826,80.80625023,1162.736569,14.33787307,4.146809261,10,116.2736569,1.276860719,1.160781785,0,-5.185055011,stop,"VWAP sapma-dönüş (kaynak kuralları): kümülatif VWAP=14.54 (300 bar), σ=0.0361015; bu bar -4.66σ ile bandın dışında kapandı ve kapanış long yönünde döndü; stop 2.5×0.5σ (14.3379), hedef VWAP mesafesinin %100'i (14.54); yönetim: breakeven 1R, kısmi %50 @ 1.5R, takip geri verme %50 | arm=vwap_revert_src | combo=band2_tp2 | combo_r=-0.02702 | combo_n=18 | pick=exploit",exit_rule=partial
vwap_clone,BTC-USDT-SWAP,short,2026-10-02T12:45:00+00:00,2026-10-02T12:45:00+00:00,86395.48065,86687.00408,0.02668118336,2305.13366,86557.16833,4.314018558,10,230.513366,2.539925031,4.61731492,0,-10.31811511,stop,"VWAP sapma-dönüş (kaynak kuralları): kümülatif VWAP=84426.9 (300 bar), σ=118.468; bu bar +19.05σ ile bandın dışında kapandı ve kapanış short yönünde döndü; stop 2×0.5σ (86557.2), hedef VWAP mesafesinin %50'i (85432.8); yönetim: breakeven 1R, kısmi %50 @ 1.5R, takip geri verme %50 | arm=vwap_revert_src | combo=band1_tp0 | combo_r=-0.4199 | combo_n=68 | pick=exploit",
vwap_clone,ETH-USDT-SWAP,short,2026-10-02T12:45:00+00:00,2026-10-02T12:45:00+00:00,2738.440095,2750.952162,0.8413268492,2303.923177,2746.831914,7.060262476,10,230.3923177,2.5401052,4.619013016,0,-13.06684283,stop,"VWAP sapma-dönüş (kaynak kuralları): kümülatif VWAP=2703.43 (300 bar), σ=5.61753; bu bar +7.91σ ile bandın dışında kapandı ve kapanış short yönünde döndü; stop 2.5×0.5σ (2746.83), hedef VWAP mesafesinin %75'i (2712.52); yönetim: breakeven 1R, kısmi %50 @ 1.5R, takip geri verme %50 | arm=vwap_revert_src | combo=band2_tp1 | combo_r=-0.08711 | combo_n=47 | pick=exploit",
vwap_clone,SOL-USDT-SWAP,short,2026-10-02T12:45:00+00:00,2026-10-02T12:45:00+00:00,121.649145,122.1652483,18.92913698,2302.713329,121.9822749,6.30586164,10,230.2713329,2.538357827,4.615461417,0,-12.30774825,stop,"VWAP sapma-dönüş (kaynak kuralları): kümülatif VWAP=119.587 (300 bar), σ=0.21782; bu bar +11.83σ ile bandın dışında kapandı ve kapanış short yönünde döndü; stop 2.5×0.5σ (121.982), hedef VWAP mesafesinin %100'i (119.587); yönetim: breakeven 1R, kısmi %50 @ 1.5R, takip geri verme %50 | arm=vwap_revert_src | combo=band2_tp2 | combo_r=0.08948 | combo_n=21 | pick=exploit",
vwap_clone,ETHFI-USDT-SWAP,long,2026-10-02T06:00:00+00:00,2026-10-02T13:00:00+00:00,0.7351674,0.7483198537,1585.678352,1165.739031,0.7261495328,14.29943681,10,116.5739031,1.293783493,1.176172319,-0.05841639047,19.50336124,partial,"VWAP sapma-dönüş (kaynak kuralları): kümülatif VWAP=0.760893 (300 bar), σ=0.00700037; bu bar -3.85σ ile bandın dışında kapandı ve kapanış long yönünde döndü; stop 2.5×0.5σ (0.72615), hedef VWAP mesafesinin %75'i (0.754395); yönetim: breakeven 1R, kısmi %50 @ 1.5R, takip geri verme %50 | arm=vwap_revert_src | combo=band2_tp1 | combo_r=0.3685 | combo_n=35 | pick=exploit",
vwap_clone,LINK-USDT-SWAP,long,2026-10-02T13:00:00+00:00,2026-10-02T13:00:00+00:00,14.439216,14.38857543,158.728252,2291.911516,14.39577332,6.895580488,10,229.1911516,2.516681719,2.287891034,0,-10.55477017,stop,"VWAP sapma-dönüş (kaynak kuralları): kümülatif VWAP=14.5272 (300 bar), σ=0.0289813; bu bar -4.18σ ile bandın dışında kapandı ve kapanış long yönünde döndü; stop 2.5×0.5σ (14.3958), hedef VWAP mesafesinin %100'i (14.5272); yönetim: breakeven 1R, kısmi %50 @ 1.5R, takip geri verme %50 | arm=vwap_revert_src | combo=band2_tp2 | combo_r=-0.03434 | combo_n=20 | pick=exploit",
vwap_clone,ETHFI-USDT-SWAP,long,2026-10-02T06:00:00+00:00,2026-10-02T13:15:00+00:00,0.7351674,0.74512725,1585.678352,1165.739031,0.7261495328,14.29943681,10,116.5739031,1.290999149,1.173639832,-0.05841639047,14.44370299,stop,"VWAP sapma-dönüş (kaynak kuralları): kümülatif VWAP=0.760893 (300 bar), σ=0.00700037; bu bar -3.85σ ile bandın dışında kapandı ve kapanış long yönünde döndü; stop 2.5×0.5σ (0.72615), hedef VWAP mesafesinin %75'i (0.754395); yönetim: breakeven 1R, kısmi %50 @ 1.5R, takip geri verme %50 | arm=vwap_revert_src | combo=band2_tp1 | combo_r=0.3685 | combo_n=35 | pick=exploit",exit_rule=partial
vwap_clone,BTC-USDT-SWAP,short,2026-10-02T13:15:00+00:00,2026-10-02T13:30:00+00:00,86606.77495,86928.78706,0.0264995108,2295.037168,86798.58918,5.082983288,10,229.5037168,2.529234125,4.598272857,0,-11.06239764,stop,"VWAP sapma-dönüş (kaynak kuralları): kümülatif VWAP=84447.9 (300 bar), σ=118.791; bu bar +19.18σ ile bandın dışında kapandı ve kapanış short yönünde döndü; stop 2.5×0.5σ (86798.6), hedef VWAP mesafesinin %50'i (85549); yönetim: breakeven 1R, kısmi %50 @ 1.5R, takip geri verme %50 | arm=vwap_revert_src | combo=band2_tp0 | combo_r=-0.4436 | combo_n=17 | pick=exploit",
vwap_clone,ETH-USDT-SWAP,short,2026-10-02T13:15:00+00:00,2026-10-02T13:30:00+00:00,2747.32565,2759.097358,0.8349326868,2293.831986,2754.964911,6.378268398,10,229.3831986,2.528620906,4.59780512,0,-12.35720469,stop,"VWAP sapma-dönüş (kaynak kuralları): kümülatif VWAP=2703.77 (300 bar), σ=5.01193; bu bar +9.59σ ile bandın dışında kapandı ve kapanış short yönünde döndü; stop 2.5×0.5σ (2754.96), hedef VWAP mesafesinin %75'i (2715); yönetim: breakeven 1R, kısmi %50 @ 1.5R, takip geri verme %50 | arm=vwap_revert_src | combo=band2_tp1 | combo_r=-0.1239 | combo_n=48 | pick=exploit",
vwap_clone,SOL-USDT-SWAP,short,2026-10-02T13:15:00+00:00,2026-10-02T13:30:00+00:00,122.27883,122.8127468,18.74917709,2292.627438,122.6288036,6.56171636,10,229.2627438,2.527395957,4.595670894,0,-12.53789605,stop,"VWAP sapma-dönüş (kaynak kuralları): kümülatif VWAP=119.61 (300 bar), σ=0.231043; bu bar +12.60σ ile bandın dışında kapandı ve kapanış short yönünde döndü; stop 2.5×0.5σ (122.629), hedef VWAP mesafesinin %100'i (119.61); yönetim: breakeven 1R, kısmi %50 @ 1.5R, takip geri verme %50 | arm=vwap_revert_src | combo=band2_tp2 | combo_r=-0.00331 | combo_n=22 | pick=exploit",
vwap_clone,NEAR-USDT-SWAP,long,2026-10-02T13:00:00+00:00,2026-10-02T13:45:00+00:00,4.928463,4.925998769,464.7916701,2290.708549,4.880452311,22.31496846,10,229.0708549,2.519149459,2.290136158,0,-3.664503733,stop,"VWAP sapma-dönüş (kaynak kuralları): kümülatif VWAP=5.07301 (300 bar), σ=0.0364382; bu bar -4.63σ ile bandın dışında kapandı ve kapanış long yönünde döndü; stop 2.5×0.5σ (4.88045), hedef VWAP mesafesinin %75'i (5.03626); yönetim: breakeven 1R, kısmi %50 @ 1.5R, takip geri verme %50 | arm=vwap_revert_src | combo=band2_tp1 | combo_r=0.498 | combo_n=44 | pick=exploit",exit_rule=breakeven
vwap_clone,LINK-USDT-SWAP,long,2026-10-02T13:45:00+00:00,2026-10-02T13:45:00+00:00,14.4182055,14.3683898,158.192605,2280.853488,14.37557759,6.743419755,10,228.0853488,2.504604575,2.276911849,0,-10.38507936,stop,"VWAP sapma-dönüş (kaynak kuralları): kümülatif VWAP=14.5002 (300 bar), σ=0.0283379; bu bar -3.51σ ile bandın dışında kapandı ve kapanış long yönünde döndü; stop 2.5×0.5σ (14.3756), hedef VWAP mesafesinin %100'i (14.5002); yönetim: breakeven 1R, kısmi %50 @ 1.5R, takip geri verme %50 | arm=vwap_revert_src | combo=band2_tp2 | combo_r=-0.1056 | combo_n=21 | pick=exploit",
vwap_clone,BTC-USDT-SWAP,short,2026-10-02T14:00:00+00:00,2026-10-02T14:00:00+00:00,86486.1353,86793.14368,0.02625678554,2270.847907,86663.14896,4.647809586,10,227.0847907,2.502366277,4.549235524,0,-10.56341944,stop,"VWAP sapma-dönüş (kaynak kuralları): kümülatif VWAP=84494.8 (300 bar), σ=133.849; bu bar +15.99σ ile bandın dışında kapandı ve kapanış short yönünde döndü; stop 2×0.5σ (86663.1), hedef VWAP mesafesinin %50'i (85512.1); yönetim: breakeven 1R, kısmi %50 @ 1.5R, takip geri verme %50 | arm=vwap_revert_src | combo=band1_tp0 | combo_r=-0.4485 | combo_n=69 | pick=explore",
vwap_clone,ETH-USDT-SWAP,short,2026-10-02T14:00:00+00:00,2026-10-02T14:00:00+00:00,2741.978325,2751.384214,0.8277437523,2269.655428,2747.263319,4.37462037,10,226.9655428,2.500903086,4.546440483,0,-10.28656853,stop,"VWAP sapma-dönüş (kaynak kuralları): kümülatif VWAP=2704.62 (300 bar), σ=3.13065; bu bar +14.14σ ile bandın dışında kapandı ve kapanış short yönünde döndü; stop 2.5×0.5σ (2747.26), hedef VWAP mesafesinin %75'i (2714.3); yönetim: breakeven 1R, kısmi %50 @ 1.5R, takip geri verme %50 | arm=vwap_revert_src | combo=band2_tp1 | combo_r=-0.1609 | combo_n=49 | pick=exploit",
vwap_clone,SOL-USDT-SWAP,short,2026-10-02T14:00:00+00:00,2026-10-02T14:00:00+00:00,121.948995,122.3744422,18.60174063,2268.463575,122.1911554,4.504605496,10,226.8463575,2.499662664,4.544251457,0,-10.41372043,stop,"VWAP sapma-dönüş (kaynak kuralları): kümülatif VWAP=119.657 (300 bar), σ=0.241541; bu bar +10.88σ ile bandın dışında kapandı ve kapanış short yönünde döndü; stop 1.5×0.5σ (122.191), hedef VWAP mesafesinin %50'i (120.833); yönetim: breakeven 1R, kısmi %50 @ 1.5R, takip geri verme %50 | arm=vwap_revert_src | combo=band0_tp0 | combo_r=-1.188 | combo_n=5 | pick=explore",
vwap_clone,BTC-USDT-SWAP,short,2026-10-02T14:15:00+00:00,2026-10-02T14:15:00+00:00,86267.34475,86567.787,0.02614217534,2255.216053,86438.12981,4.46469286,10,225.5216053,2.485057475,4.51769323,0,-10.33927145,stop,"VWAP sapma-dönüş (kaynak kuralları): kümülatif VWAP=84510.3 (300 bar), σ=127.63; bu bar +15.27σ ile bandın dışında kapandı ve kapanış short yönünde döndü; stop 2×0.5σ (86438.1), hedef VWAP mesafesinin %50'i (85410.4); yönetim: breakeven 1R, kısmi %50 @ 1.5R, takip geri verme %50 | arm=vwap_revert_src | combo=band1_tp0 | combo_r=-0.4746 | combo_n=70 | pick=exploit",
vwap_clone,ETH-USDT-SWAP,short,2026-10-02T14:15:00+00:00,2026-10-02T14:15:00+00:00,2731.883375,2741.308249,0.8250834581,2254.031782,2737.202445,4.388676738,10,225.4031782,2.483711929,4.515210369,0,-10.26001936,stop,"VWAP sapma-dönüş (kaynak kuralları): kümülatif VWAP=2704.84 (300 bar), σ=3.96245; bu bar +8.38σ ile bandın dışında kapandı ve kapanış short yönünde döndü; stop 2×0.5σ (2737.2), hedef VWAP mesafesinin %100'i (2704.84); yönetim: breakeven 1R, kısmi %50 @ 1.5R, takip geri verme %50 | arm=vwap_revert_src | combo=band1_tp2 | combo_r=-0.1671 | combo_n=81 | pick=exploit",
vwap_clone,SOL-USDT-SWAP,short,2026-10-02T14:15:00+00:00,2026-10-02T14:15:00+00:00,121.689125,122.2510506,18.51314268,2252.848133,122.0679487,7.013217658,10,225.2848133,2.483854602,4.516779587,0,-12.88686429,stop,"VWAP sapma-dönüş (kaynak kuralları): kümülatif VWAP=119.676 (300 bar), σ=0.246359; bu bar +9.19σ ile bandın dışında kapandı ve kapanış short yönünde döndü; stop 2.5×0.5σ (122.068), hedef VWAP mesafesinin %100'i (119.676); yönetim: breakeven 1R, kısmi %50 @ 1.5R, takip geri verme %50 | arm=vwap_revert_src | combo=band2_tp2 | combo_r=-0.08624 | combo_n=23 | pick=exploit",
vwap_clone,BTC-USDT-SWAP,short,2026-10-02T14:30:00+00:00,2026-10-02T14:30:00+00:00,86008.5742,85770.36001,0.01301308036,1119.236487,86195.9595,2.438459904,10,111.9236487,1.229455191,1.117687592,0,1.870445266,partial,"VWAP sapma-dönüş (kaynak kuralları): kümülatif VWAP=84523.8 (300 bar), σ=144.359; bu bar +11.83σ ile bandın dışında kapandı ve kapanış short yönünde döndü; stop 2×0.5σ (86196), hedef VWAP mesafesinin %50'i (85287.7); yönetim: breakeven 1R, kısmi %50 @ 1.5R, takip geri verme %50 | arm=vwap_revert_src | combo=band1_tp0 | combo_r=-0.5005 | combo_n=71 | pick=exploit",
vwap_clone,SOL-USDT-SWAP,short,2026-10-02T14:30:00+00:00,2026-10-02T14:30:00+00:00,121.55919,121.0441519,9.197670023,1118.061318,121.9428766,3.529022665,10,111.8061318,1.227262017,1.115694206,0,3.509888089,partial,"VWAP sapma-dönüş (kaynak kuralları): kümülatif VWAP=119.686 (300 bar), σ=0.258301; bu bar +8.25σ ile bandın dışında kapandı ve kapanış short yönünde döndü; stop 2.5×0.5σ (121.943), hedef VWAP mesafesinin %100'i (119.686); yönetim: breakeven 1R, kısmi %50 @ 1.5R, takip geri verme %50 | arm=vwap_revert_src | combo=band2_tp2 | combo_r=-0.1592 | combo_n=24 | pick=exploit",
vwap_clone,BTC-USDT-SWAP,short,2026-10-02T14:30:00+00:00,2026-10-02T14:45:00+00:00,86008.5742,86053.6872,0.01301308036,1119.236487,86195.9595,2.438459904,10,111.9236487,1.231483019,2.237117683,0,-1.818542113,stop,"VWAP sapma-dönüş (kaynak kuralları): kümülatif VWAP=84523.8 (300 bar), σ=144.359; bu bar +11.83σ ile bandın dışında kapandı ve kapanış short yönünde döndü; stop 2×0.5σ (86196), hedef VWAP mesafesinin %50'i (85287.7); yönetim: breakeven 1R, kısmi %50 @ 1.5R, takip geri verme %50 | arm=vwap_revert_src | combo=band1_tp0 | combo_r=-0.5005 | combo_n=71 | pick=exploit",exit_rule=partial
vwap_clone,ETH-USDT-SWAP,short,2026-10-02T14:30:00+00:00,2026-10-02T14:45:00+00:00,2726.35614,2730.445674,0.8206182105,2237.297497,2734.523,6.701874355,10,223.7297497,2.462873017,4.475154598,0,-5.818819262,stop,"VWAP sapma-dönüş (kaynak kuralları): kümülatif VWAP=2704.99 (300 bar), σ=5.4424; bu bar +5.07σ ile bandın dışında kapandı ve kapanış short yönünde döndü; stop 2.5×0.5σ (2734.52), hedef VWAP mesafesinin %75'i (2710.67); yönetim: breakeven 1R, kısmi %50 @ 1.5R, takip geri verme %50 | arm=vwap_revert_src | combo=band2_tp1 | combo_r=-0.2047 | combo_n=50 | pick=exploit",exit_rule=breakeven
vwap_clone,SOL-USDT-SWAP,short,2026-10-02T14:30:00+00:00,2026-10-02T14:45:00+00:00,121.55919,121.56207,9.197670023,1118.061318,121.9428766,3.529022665,10,111.8061318,1.229882019,2.233930095,0,-1.256371308,stop,"VWAP sapma-dönüş (kaynak kuralları): kümülatif VWAP=119.686 (300 bar), σ=0.258301; bu bar +8.25σ ile bandın dışında kapandı ve kapanış short yönünde döndü; stop 2.5×0.5σ (121.943), hedef VWAP mesafesinin %100'i (119.686); yönetim: breakeven 1R, kısmi %50 @ 1.5R, takip geri verme %50 | arm=vwap_revert_src | combo=band2_tp2 | combo_r=-0.1592 | combo_n=24 | pick=exploit",exit_rule=partial
vwap_clone,AVAX-USDT-SWAP,long,2026-10-02T14:45:00+00:00,2026-10-02T14:45:00+00:00,11.1245595,11.07575928,201.5329138,2241.96489,11.08129993,8.718228134,10,224.196489,2.460752211,2.237045565,0,-12.29560368,stop,"VWAP sapma-dönüş (kaynak kuralları): kümülatif VWAP=11.169 (300 bar), σ=0.0367001; bu bar -2.13σ ile bandın dışında kapandı ve kapanış long yönünde döndü; stop 2×0.5σ (11.0813), hedef VWAP mesafesinin %100'i (11.169); yönetim: breakeven 1R, kısmi %50 @ 1.5R, takip geri verme %50 | arm=vwap_revert_src | combo=band1_tp2 | combo_r=0.6673 | combo_n=23 | pick=exploit",
vwap_clone,LINK-USDT-SWAP,long,2026-10-02T14:45:00+00:00,2026-10-02T14:45:00+00:00,14.3061495,14.24172605,156.6311144,2240.788139,14.24885048,8.974809398,10,224.0788139,2.459317059,2.235740817,0,-12.55003312,stop,"VWAP sapma-dönüş (kaynak kuralları): kümülatif VWAP=14.4847 (300 bar), σ=0.0417196; bu bar -4.96σ ile bandın dışında kapandı ve kapanış long yönünde döndü; stop 2.5×0.5σ (14.2489), hedef VWAP mesafesinin %100'i (14.4847); yönetim: breakeven 1R, kısmi %50 @ 1.5R, takip geri verme %50 | arm=vwap_revert_src | combo=band2_tp2 | combo_r=-0.1708 | combo_n=22 | pick=exploit",
vwap_clone,BNB-USDT-SWAP,short,2026-10-02T15:00:00+00:00,2026-10-02T15:15:00+00:00,774.6125,776.1625,2.869983927,2223.125425,776.6783584,5.928980359,10,222.3125425,2.447884628,4.448475087,0,-6.896359715,stop,"VWAP sapma-dönüş (kaynak kuralları): kümülatif VWAP=768.055 (300 bar), σ=1.77836; bu bar +4.09σ ile bandın dışında kapandı ve kapanış short yönünde döndü; stop 2×0.5σ (776.678), hedef VWAP mesafesinin %50'i (771.477); yönetim: breakeven 1R, kısmi %50 @ 1.5R, takip geri verme %50 | arm=vwap_revert_src | combo=band1_tp0 | combo_r=-0.4934 | combo_n=13 | pick=exploit",exit_rule=breakeven
vwap_clone,ADA-USDT-SWAP,short,2026-10-02T15:00:00+00:00,2026-10-02T15:15:00+00:00,0.2520739,0.2525783,8814.708725,2221.958006,0.2532167082,10.07352109,10,222.1958006,2.446599183,4.446139081,0,-6.892738264,stop,"VWAP sapma-dönüş (kaynak kuralları): kümülatif VWAP=0.24836 (300 bar), σ=0.00122228; bu bar +3.61σ ile bandın dışında kapandı ve kapanış short yönünde döndü; stop 1.5×0.5σ (0.253217), hedef VWAP mesafesinin %100'i (0.24836); yönetim: breakeven 1R, kısmi %50 @ 1.5R, takip geri verme %50 | arm=vwap_revert_src | combo=band0_tp2 | combo_r=0.6742 | combo_n=5 | pick=explore",exit_rule=breakeven
vwap_clone,LINK-USDT-SWAP,long,2026-10-02T15:30:00+00:00,2026-10-02T15:30:00+00:00,14.251122,14.18698967,155.6230303,2217.802791,14.19408671,8.876004631,10,221.7802791,2.434093812,2.212810615,0,-12.41456184,stop,"VWAP sapma-dönüş (kaynak kuralları): kümülatif VWAP=14.4667 (300 bar), σ=0.0678844; bu bar -3.49σ ile bandın dışında kapandı ve kapanış long yönünde döndü; stop 1.5×0.5σ (14.1941), hedef VWAP mesafesinin %100'i (14.4667); yönetim: breakeven 1R, kısmi %50 @ 1.5R, takip geri verme %50 | arm=vwap_revert_src | combo=band0_tp2 | combo_r=-0.1938 | combo_n=11 | pick=exploit",
vwap_clone,NEAR-USDT-SWAP,long,2026-10-02T15:30:00+00:00,2026-10-02T15:30:00+00:00,4.856427,4.813808185,456.194495,2215.475263,4.816216293,18.34390308,10,221.5475263,2.426329431,2.205749719,0,-21.86879819,stop,"VWAP sapma-dönüş (kaynak kuralları): kümülatif VWAP=5.07362 (300 bar), σ=0.030227; bu bar -7.66σ ile bandın dışında kapandı ve kapanış long yönünde döndü; stop 2.5×0.5σ (4.81622), hedef VWAP mesafesinin %75'i (5.01871); yönetim: breakeven 1R, kısmi %50 @ 1.5R, takip geri verme %50 | arm=vwap_revert_src | combo=band2_tp1 | combo_r=0.4832 | combo_n=45 | pick=exploit",
vwap_clone,BTC-USDT-SWAP,short,2026-10-02T15:00:00+00:00,2026-10-02T15:45:00+00:00,85610.67325,85147.76633,0.02598149708,2224.293457,85952.45704,8.880054587,10,222.4293457,2.440107944,2.218283511,0,9.586906968,tp,"VWAP sapma-dönüş (kaynak kuralları): kümülatif VWAP=84556.9 (300 bar), σ=298.957; bu bar +3.73σ ile bandın dışında kapandı ve kapanış short yönünde döndü; stop 2×0.5σ (85952.5), hedef VWAP mesafesinin %50'i (85105.2); yönetim: breakeven 1R, kısmi %50 @ 1.5R, takip geri verme %50 | arm=vwap_revert_src | combo=band1_tp0 | combo_r=-0.4865 | combo_n=73 | pick=exploit",
vwap_clone,ETHFI-USDT-SWAP,long,2026-10-02T15:30:00+00:00,2026-10-02T15:45:00+00:00,0.74587275,0.7375222034,2971.872509,2216.638721,0.737891149,23.72030055,10,221.6638721,2.424653376,2.204224688,0,-27.24141313,stop,"VWAP sapma-dönüş (kaynak kuralları): kümülatif VWAP=0.763828 (300 bar), σ=0.0102785; bu bar -1.94σ ile bandın dışında kapandı ve kapanış long yönünde döndü; stop 1.5×0.5σ (0.737891), hedef VWAP mesafesinin %100'i (0.763828); yönetim: breakeven 1R, kısmi %50 @ 1.5R, takip geri verme %50 | arm=vwap_revert_src | combo=band0_tp2 | combo_r=0.01842 | combo_n=4 | pick=explore",
vwap_clone,LINK-USDT-SWAP,long,2026-10-02T16:00:00+00:00,2026-10-02T16:30:00+00:00,14.239116,14.14950241,153.8855147,2191.193694,14.1565807,12.70098684,10,219.1193694,2.402728435,2.184295676,0,-16.19296163,stop,"VWAP sapma-dönüş (kaynak kuralları): kümülatif VWAP=14.4578 (300 bar), σ=0.0764193; bu bar -3.00σ ile bandın dışında kapandı ve kapanış long yönünde döndü; stop 2×0.5σ (14.1566), hedef VWAP mesafesinin %100'i (14.4578); yönetim: breakeven 1R, kısmi %50 @ 1.5R, takip geri verme %50 | arm=vwap_revert_src | combo=band1_tp2 | combo_r=-0.2234 | combo_n=13 | pick=explore",
vwap_clone,NEAR-USDT-SWAP,long,2026-10-02T16:15:00+00:00,2026-10-02T16:30:00+00:00,4.824411,4.81759,453.1913896,2186.381525,4.778952858,20.6012384,10,218.6381525,2.403319507,2.184835689,0,-5.494537976,stop,"VWAP sapma-dönüş (kaynak kuralları): kümülatif VWAP=5.07334 (300 bar), σ=0.0344377; bu bar -7.22σ ile bandın dışında kapandı ve kapanış long yönünde döndü; stop 2.5×0.5σ (4.77895), hedef VWAP mesafesinin %75'i (5.0105); yönetim: breakeven 1R, kısmi %50 @ 1.5R, takip geri verme %50 | arm=vwap_revert_src | combo=band2_tp1 | combo_r=0.4468 | combo_n=46 | pick=exploit",exit_rule=breakeven
vwap_clone,ADA-USDT-SWAP,short,2026-10-02T16:30:00+00:00,2026-10-02T17:15:00+00:00,0.2522738,0.25049968,8663.504294,2185.57515,0.2544704691,19.03085243,10,218.557515,2.395679112,2.177894489,0,12.9744168,tp,"VWAP sapma-dönüş (kaynak kuralları): kümülatif VWAP=0.248349 (300 bar), σ=0.00207047; bu bar +2.26σ ile bandın dışında kapandı ve kapanış short yönünde döndü; stop 2×0.5σ (0.25447), hedef VWAP mesafesinin %50'i (0.250374); yönetim: breakeven 1R, kısmi %50 @ 1.5R, takip geri verme %50 | arm=vwap_revert_src | combo=band1_tp0 | combo_r=-1.091 | combo_n=3 | pick=explore",
vwap_clone,NEAR-USDT-SWAP,long,2026-10-02T16:45:00+00:00,2026-10-02T17:30:00+00:00,4.8234105,4.820998795,451.4091146,2177.331463,4.775042355,21.83382173,10,217.7331463,2.394465843,2.176787402,0,-3.483131575,stop,"VWAP sapma-dönüş (kaynak kuralları): kümülatif VWAP=5.07398 (300 bar), σ=0.0367661; bu bar -7.02σ ile bandın dışında kapandı ve kapanış long yönünde döndü; stop 2.5×0.5σ (4.77504), hedef VWAP mesafesinin %75'i (5.01074); yönetim: breakeven 1R, kısmi %50 @ 1.5R, takip geri verme %50 | arm=vwap_revert_src | combo=band2_tp1 | combo_r=0.4316 | combo_n=47 | pick=exploit",exit_rule=breakeven
vwap_clone,LINK-USDT-SWAP,long,2026-10-02T17:30:00+00:00,2026-10-02T18:15:00+00:00,14.159076,14.03312375,154.8653952,2192.750901,14.04014382,18.41847868,10,219.2750901,2.401297886,2.182993748,0,-21.90694277,stop,"VWAP sapma-dönüş (kaynak kuralları): kümülatif VWAP=14.4299 (300 bar), σ=0.0878849; bu bar -3.24σ ile bandın dışında kapandı ve kapanış long yönünde döndü; stop 2.5×0.5σ (14.0401), hedef VWAP mesafesinin %100'i (14.4299); yönetim: breakeven 1R, kısmi %50 @ 1.5R, takip geri verme %50 | arm=vwap_revert_src | combo=band2_tp2 | combo_r=-0.2242 | combo_n=23 | pick=exploit",
vwap_clone,PENGU-USDT-SWAP,long,2026-10-02T18:00:00+00:00,2026-10-02T18:15:00+00:00,0.0093536745,0.009190379808,233127.5774,2180.599476,0.009194977297,36.99669446,10,218.0599476,2.377721751,2.161556252,0,-40.4462176,stop,"VWAP sapma-dönüş (kaynak kuralları): kümülatif VWAP=0.00982584 (300 bar), σ=0.000154023; bu bar -3.03σ ile bandın dışında kapandı ve kapanış long yönünde döndü; stop 2×0.5σ (0.00919498), hedef VWAP mesafesinin %75'i (0.00970663); yönetim: breakeven 1R, kısmi %50 @ 1.5R, takip geri verme %50 | arm=vwap_revert_src | combo=band1_tp1 | combo_r=0.367 | combo_n=10 | pick=explore",
vwap_clone,BNB-USDT-SWAP,short,2026-10-02T15:30:00+00:00,2026-10-02T18:30:00+00:00,773.2132,768.6808606,1.434900508,1109.484013,776.4908585,4.703113895,10,110.9484013,1.216855514,1.106234188,0.06801457673,5.354615235,partial,"VWAP sapma-dönüş (kaynak kuralları): kümülatif VWAP=768.123 (300 bar), σ=2.23269; bu bar +2.60σ ile bandın dışında kapandı ve kapanış short yönünde döndü; stop 2.5×0.5σ (776.491), hedef VWAP mesafesinin %100'i (768.123); yönetim: breakeven 1R, kısmi %50 @ 1.5R, takip geri verme %50 | arm=vwap_revert_src | combo=band2_tp2 | combo_r=-0.8196 | combo_n=7 | pick=explore",
vwap_clone,BNB-USDT-SWAP,short,2026-10-02T15:30:00+00:00,2026-10-02T18:30:00+00:00,773.2132,768.507558,1.434900508,1109.484013,776.4908585,4.703113895,10,110.9484013,1.216718744,1.106109914,0.06801457673,5.603423906,tp,"VWAP sapma-dönüş (kaynak kuralları): kümülatif VWAP=768.123 (300 bar), σ=2.23269; bu bar +2.60σ ile bandın dışında kapandı ve kapanış short yönünde döndü; stop 2.5×0.5σ (776.491), hedef VWAP mesafesinin %100'i (768.123); yönetim: breakeven 1R, kısmi %50 @ 1.5R, takip geri verme %50 | arm=vwap_revert_src | combo=band2_tp2 | combo_r=-0.8196 | combo_n=7 | pick=explore",
vwap_clone,ETHFI-USDT-SWAP,long,2026-10-02T18:00:00+00:00,2026-10-02T18:30:00+00:00,0.7097547,0.6887315834,3073.941771,2181.74462,0.6890761214,63.56474642,10,218.174462,2.364375972,2.149417083,0,-66.98821232,stop,"VWAP sapma-dönüş (kaynak kuralları): kümülatif VWAP=0.759558 (300 bar), σ=0.0164991; bu bar -3.08σ ile bandın dışında kapandı ve kapanış long yönünde döndü; stop 2.5×0.5σ (0.689076), hedef VWAP mesafesinin %75'i (0.747094); yönetim: breakeven 1R, kısmi %50 @ 1.5R, takip geri verme %50 | arm=vwap_revert_src | combo=band2_tp1 | combo_r=0.4127 | combo_n=37 | pick=explore",
vwap_clone,AVAX-USDT-SWAP,long,2026-10-02T19:00:00+00:00,2026-10-03T00:15:00+00:00,10.5862905,10.81522268,100.3141219,1061.954435,10.43006217,15.67190752,10,106.1954435,1.1807807,1.07344301,0.2329398822,22.01728931,partial,"VWAP sapma-dönüş (kaynak kuralları): kümülatif VWAP=11.0756 (300 bar), σ=0.151938; bu bar -3.56σ ile bandın dışında kapandı ve kapanış long yönünde döndü; stop 2×0.5σ (10.4301), hedef VWAP mesafesinin %100'i (11.0756); yönetim: breakeven 1R, kısmi %50 @ 1.5R, takip geri verme %50 | arm=vwap_revert_src | combo=band1_tp2 | combo_r=0.5807 | combo_n=24 | pick=exploit",
vwap_clone,XRP-USDT-SWAP,long,2026-10-02T19:00:00+00:00,2026-10-03T01:15:00+00:00,1.46383155,1.491772984,1452.448679,2126.140201,1.441264601,32.77733513,10,212.6140201,2.361075145,2.146442633,0.1962749449,38.41869831,tp,"VWAP sapma-dönüş (kaynak kuralları): kümülatif VWAP=1.50236 (300 bar), σ=0.0173883; bu bar -2.56σ ile bandın dışında kapandı ve kapanış long yönünde döndü; stop 2.5×0.5σ (1.44126), hedef VWAP mesafesinin %75'i (1.49252); yönetim: breakeven 1R, kısmi %50 @ 1.5R, takip geri verme %50 | arm=vwap_revert_src | combo=band2_tp1 | combo_r=0.2146 | combo_n=23 | pick=exploit",
vwap_clone,ETH-USDT-SWAP,long,2026-10-03T01:45:00+00:00,2026-10-03T04:15:00+00:00,2680.91979,2671.518923,0.8194800788,2196.960361,2672.855351,6.608647313,10,219.6960361,2.412419294,2.193107071,0,-10.11624246,stop,"VWAP sapma-dönüş (kaynak kuralları): kümülatif VWAP=2701.84 (300 bar), σ=6.71465; bu bar -3.30σ ile bandın dışında kapandı ve kapanış long yönünde döndü; stop 2×0.5σ (2672.86), hedef VWAP mesafesinin %100'i (2701.84); yönetim: breakeven 1R, kısmi %50 @ 1.5R, takip geri verme %50 | arm=vwap_revert_src | combo=band1_tp2 | combo_r=-1.723 | combo_n=3 | pick=explore",
vwap_clone,BTC-USDT-SWAP,long,2026-10-03T04:45:00+00:00,2026-10-03T06:00:00+00:00,84567.2625,84579.14379,0.02584800339,2185.894888,84472.07555,2.460392553,10,218.5894888,2.404653286,2.186049065,0,-2.097545536,tp,"VWAP sapma-dönüş (kaynak kuralları): kümülatif VWAP=84717.9 (300 bar), σ=52.9244; bu bar -3.89σ ile bandın dışında kapandı ve kapanış long yönünde döndü; stop 2×0.5σ (84472.1), hedef VWAP mesafesinin %50'i (84621.5); yönetim: breakeven 1R, kısmi %50 @ 1.5R, takip geri verme %50 | arm=vwap_revert_src | combo=band1_tp0 | combo_r=-0.4653 | combo_n=74 | pick=exploit",
vwap_clone,BTC-USDT-SWAP,long,2026-10-03T06:30:00+00:00,2026-10-03T06:45:00+00:00,84648.20295,84523.28132,0.02582258268,2185.83522,84565.5641,2.133948584,10,218.583522,2.402644552,2.18422206,0,-5.628443771,stop,"VWAP sapma-dönüş (kaynak kuralları): kümülatif VWAP=84729.9 (300 bar), σ=40.4359; bu bar -2.97σ ile bandın dışında kapandı ve kapanış long yönünde döndü; stop 2×0.5σ (84565.6), hedef VWAP mesafesinin %50'i (84668); yönetim: breakeven 1R, kısmi %50 @ 1.5R, takip geri verme %50 | arm=vwap_revert_src | combo=band1_tp0 | combo_r=-0.4705 | combo_n=75 | pick=exploit",
vwap_clone,ETH-USDT-SWAP,long,2026-10-03T07:00:00+00:00,2026-10-03T09:45:00+00:00,2680.21944,2678.87933,0.8145673799,2183.219327,2676.219,3.258627534,10,218.3219327,2.400940874,2.182673795,-0.09601635659,-3.588566894,stop,"VWAP sapma-dönüş (kaynak kuralları): kümülatif VWAP=2702.37 (300 bar), σ=2.1288; bu bar -11.11σ ile bandın dışında kapandı ve kapanış long yönünde döndü; stop 2.5×0.5σ (2676.22), hedef VWAP mesafesinin %75'i (2696.5); yönetim: breakeven 1R, kısmi %50 @ 1.5R, takip geri verme %50 | arm=vwap_revert_src | combo=band2_tp1 | combo_r=-0.2177 | combo_n=51 | pick=exploit",exit_rule=breakeven
vwap_clone,AVAX-USDT-SWAP,long,2026-10-02T19:00:00+00:00,2026-10-03T11:30:00+00:00,10.5862905,11.07010502,100.3141219,1061.954435,10.43006217,15.67190752,10,106.1954435,1.194843265,1.086233554,0.1238884003,47.46247358,tp,"VWAP sapma-dönüş (kaynak kuralları): kümülatif VWAP=11.0756 (300 bar), σ=0.151938; bu bar -3.56σ ile bandın dışında kapandı ve kapanış long yönünde döndü; stop 2×0.5σ (10.4301), hedef VWAP mesafesinin %100'i (11.0756); yönetim: breakeven 1R, kısmi %50 @ 1.5R, takip geri verme %50 | arm=vwap_revert_src | combo=band1_tp2 | combo_r=0.5807 | combo_n=24 | pick=exploit",
vwap_clone,ETH-USDT-SWAP,long,2026-10-03T11:45:00+00:00,2026-10-03T12:00:00+00:00,2685.251955,2680.448323,0.8146492272,2187.53843,2681.789218,2.820916295,10,218.753843,2.404139972,2.185581361,0,-6.317415024,stop,"VWAP sapma-dönüş (kaynak kuralları): kümülatif VWAP=2703.31 (300 bar), σ=1.69663; bu bar -11.55σ ile bandın dışında kapandı ve kapanış long yönünde döndü; stop 2.5×0.5σ (2681.79), hedef VWAP mesafesinin %100'i (2703.31); yönetim: breakeven 1R, kısmi %50 @ 1.5R, takip geri verme %50 | arm=vwap_revert_src | combo=band2_tp2 | combo_r=-0.2285 | combo_n=20 | pick=exploit",
vwap_clone,BTC-USDT-SWAP,long,2026-10-03T10:00:00+00:00,2026-10-03T12:15:00+00:00,84588.17295,84645.04606,0.01289821591,1091.036518,84522.02841,0.8531465057,10,109.1036518,1.200543629,1.091403755,0,-0.4669819895,partial,"VWAP sapma-dönüş (kaynak kuralları): kümülatif VWAP=84760.8 (300 bar), σ=23.8716; bu bar -9.07σ ile bandın dışında kapandı ve kapanış long yönünde döndü; stop 2×0.5σ (84522), hedef VWAP mesafesinin %50'i (84653.4); yönetim: breakeven 1R, kısmi %50 @ 1.5R, takip geri verme %50 | arm=vwap_revert_src | combo=band1_tp0 | combo_r=-0.499 | combo_n=76 | pick=exploit",
vwap_clone,BTC-USDT-SWAP,long,2026-10-03T10:00:00+00:00,2026-10-03T12:15:00+00:00,84588.17295,84611.03348,0.01289821591,1091.036518,84522.02841,0.8531465057,10,109.1036518,1.200302343,1.091184295,0,-0.9054422938,tp,"VWAP sapma-dönüş (kaynak kuralları): kümülatif VWAP=84760.8 (300 bar), σ=23.8716; bu bar -9.07σ ile bandın dışında kapandı ve kapanış long yönünde döndü; stop 2×0.5σ (84522), hedef VWAP mesafesinin %50'i (84653.4); yönetim: breakeven 1R, kısmi %50 @ 1.5R, takip geri verme %50 | arm=vwap_revert_src | combo=band1_tp0 | combo_r=-0.499 | combo_n=76 | pick=exploit",
vwap_clone,SOL-USDT-SWAP,long,2026-10-03T12:15:00+00:00,2026-10-03T12:15:00+00:00,119.449695,119.6395051,9.151515963,1093.145791,119.2832551,1.523177057,10,109.3145791,1.203415747,1.094015023,0,0.5336345598,partial,"VWAP sapma-dönüş (kaynak kuralları): kümülatif VWAP=119.711 (300 bar), σ=0.0853959; bu bar -4.15σ ile bandın dışında kapandı ve kapanış long yönünde döndü; stop 2.5×0.5σ (119.283), hedef VWAP mesafesinin %100'i (119.711); yönetim: breakeven 1R, kısmi %50 @ 1.5R, takip geri verme %50 | arm=vwap_revert_src | combo=band2_tp2 | combo_r=-0.1224 | combo_n=26 | pick=exploit",
vwap_clone,SOL-USDT-SWAP,long,2026-10-03T12:15:00+00:00,2026-10-03T12:30:00+00:00,119.449695,119.330305,9.151515963,1093.145791,119.2832551,1.523177057,10,109.3145791,1.20185944,1.092599491,0,-2.294458931,stop,"VWAP sapma-dönüş (kaynak kuralları): kümülatif VWAP=119.711 (300 bar), σ=0.0853959; bu bar -4.15σ ile bandın dışında kapandı ve kapanış long yönünde döndü; stop 2.5×0.5σ (119.283), hedef VWAP mesafesinin %100'i (119.711); yönetim: breakeven 1R, kısmi %50 @ 1.5R, takip geri verme %50 | arm=vwap_revert_src | combo=band2_tp2 | combo_r=-0.1224 | combo_n=26 | pick=exploit",exit_rule=partial
vwap_clone,ETH-USDT-SWAP,long,2026-10-03T13:00:00+00:00,2026-10-03T13:00:00+00:00,2682.68067,2678.09245,0.8136573997,2182.782978,2679.432166,2.643169038,10,218.2782978,2.399007995,2.180915971,0,-6.132246937,stop,"VWAP sapma-dönüş (kaynak kuralları): kümülatif VWAP=2703.61 (300 bar), σ=1.52627; bu bar -14.71σ ile bandın dışında kapandı ve kapanış long yönünde döndü; stop 2.5×0.5σ (2679.43), hedef VWAP mesafesinin %75'i (2698.04); yönetim: breakeven 1R, kısmi %50 @ 1.5R, takip geri verme %50 | arm=vwap_revert_src | combo=band2_tp1 | combo_r=-0.2347 | combo_n=52 | pick=explore",
vwap_clone,SOL-USDT-SWAP,long,2026-10-03T13:00:00+00:00,2026-10-03T13:15:00+00:00,119.469705,119.2282984,18.26100843,2181.63729,119.2879423,3.319169459,10,218.163729,2.397376438,2.179432568,0,-6.805704958,stop,"VWAP sapma-dönüş (kaynak kuralları): kümülatif VWAP=119.718 (300 bar), σ=0.0896461; bu bar -3.66σ ile bandın dışında kapandı ve kapanış long yönünde döndü; stop 2.5×0.5σ (119.288), hedef VWAP mesafesinin %100'i (119.718); yönetim: breakeven 1R, kısmi %50 @ 1.5R, takip geri verme %50 | arm=vwap_revert_src | combo=band2_tp2 | combo_r=-0.1549 | combo_n=28 | pick=exploit",
vwap_clone,PENGU-USDT-SWAP,long,2026-10-03T13:30:00+00:00,2026-10-03T14:15:00+00:00,0.009066531,0.009165607712,119889.4095,1086.981048,0.008997423128,8.285301987,10,108.6981048,1.202212189,1.092923415,0,10.67603629,partial,"VWAP sapma-dönüş (kaynak kuralları): kümülatif VWAP=0.00956782 (300 bar), σ=5.24615e-05; bu bar -9.86σ ile bandın dışında kapandı ve kapanış long yönünde döndü; stop 2.5×0.5σ (0.00899742), hedef VWAP mesafesinin %75'i (0.00944161); yönetim: breakeven 1R, kısmi %50 @ 1.5R, takip geri verme %50 | arm=vwap_revert_src | combo=band2_tp1 | combo_r=0.5249 | combo_n=21 | pick=exploit",
vwap_clone,LINK-USDT-SWAP,long,2026-10-03T13:15:00+00:00,2026-10-03T15:00:00+00:00,13.8759345,13.86899653,156.939281,2177.679183,13.82729178,7.63395369,10,217.7679183,2.39484824,2.177135036,0,-3.483687832,stop,"VWAP sapma-dönüş (kaynak kuralları): kümülatif VWAP=14.2242 (300 bar), σ=0.0333666; bu bar -10.69σ ile bandın dışında kapandı ve kapanış long yönünde döndü; stop 2.5×0.5σ (13.8273), hedef VWAP mesafesinin %100'i (14.2242); yönetim: breakeven 1R, kısmi %50 @ 1.5R, takip geri verme %50 | arm=vwap_revert_src | combo=band2_tp2 | combo_r=-0.2644 | combo_n=24 | pick=exploit",exit_rule=breakeven
vwap_clone,PENGU-USDT-SWAP,long,2026-10-03T13:30:00+00:00,2026-10-03T15:00:00+00:00,0.009066531,0.009179673367,119889.4095,1086.981048,0.008997423128,8.285301987,10,108.6981048,1.203139667,1.093766998,0,12.36143193,stop,"VWAP sapma-dönüş (kaynak kuralları): kümülatif VWAP=0.00956782 (300 bar), σ=5.24615e-05; bu bar -9.86σ ile bandın dışında kapandı ve kapanış long yönünde döndü; stop 2.5×0.5σ (0.00899742), hedef VWAP mesafesinin %75'i (0.00944161); yönetim: breakeven 1R, kısmi %50 @ 1.5R, takip geri verme %50 | arm=vwap_revert_src | combo=band2_tp1 | combo_r=0.5249 | combo_n=21 | pick=exploit",exit_rule=giveback
vwap_clone,ETHFI-USDT-SWAP,long,2026-10-03T15:30:00+00:00,2026-10-03T15:30:00+00:00,0.70325145,0.700171954,3123.510588,2196.61335,0.7005222151,8.524794116,10,219.661335,2.410984324,2.191802074,0,-12.02982272,stop,"VWAP sapma-dönüş (kaynak kuralları): kümülatif VWAP=0.74426 (300 bar), σ=0.00237778; bu bar -18.07σ ile bandın dışında kapandı ve kapanış long yönünde döndü; stop 2×0.5σ (0.700522), hedef VWAP mesafesinin %100'i (0.74426); yönetim: breakeven 1R, kısmi %50 @ 1.5R, takip geri verme %50 | arm=vwap_revert_src | combo=band1_tp2 | combo_r=-0.4044 | combo_n=6 | pick=explore",
vwap_clone,AVAX-USDT-SWAP,short,2026-10-03T15:00:00+00:00,2026-10-03T16:15:00+00:00,11.1454245,11.04883861,98.85083055,1101.734469,11.2134962,6.728943884,10,110.1734469,1.206656738,1.096963332,0.1095761457,8.450514707,partial,"VWAP sapma-dönüş (kaynak kuralları): kümülatif VWAP=10.9774 (300 bar), σ=0.0614962; bu bar +2.90σ ile bandın dışında kapandı ve kapanış short yönünde döndü; stop 2×0.5σ (11.2135), hedef VWAP mesafesinin %100'i (10.9774); yönetim: breakeven 1R, kısmi %50 @ 1.5R, takip geri verme %50 | arm=vwap_revert_src | combo=band1_tp2 | combo_r=0.7065 | combo_n=26 | pick=exploit",
vwap_clone,XRP-USDT-SWAP,long,2026-10-03T15:30:00+00:00,2026-10-03T16:15:00+00:00,1.4899446,1.485928187,1475.066189,2197.766903,1.486671523,4.828005093,10,219.7766903,2.414285132,2.194803733,0.03810809248,-8.300651582,stop,"VWAP sapma-dönüş (kaynak kuralları): kümülatif VWAP=1.50101 (300 bar), σ=0.00202278; bu bar -6.13σ ile bandın dışında kapandı ve kapanış long yönünde döndü; stop 2.5×0.5σ (1.48667), hedef VWAP mesafesinin %75'i (1.49805); yönetim: breakeven 1R, kısmi %50 @ 1.5R, takip geri verme %50 | arm=vwap_revert_src | combo=band2_tp1 | combo_r=0.2545 | combo_n=24 | pick=exploit",
vwap_clone,AVAX-USDT-SWAP,short,2026-10-03T15:00:00+00:00,2026-10-03T16:30:00+00:00,11.1454245,11.064572,98.85083055,1101.734469,11.2134962,6.728943884,10,110.1734469,1.20751213,2.18929877,0.1095761457,6.894400792,stop,"VWAP sapma-dönüş (kaynak kuralları): kümülatif VWAP=10.9774 (300 bar), σ=0.0614962; bu bar +2.90σ ile bandın dışında kapandı ve kapanış short yönünde döndü; stop 2×0.5σ (11.2135), hedef VWAP mesafesinin %100'i (10.9774); yönetim: breakeven 1R, kısmi %50 @ 1.5R, takip geri verme %50 | arm=vwap_revert_src | combo=band1_tp2 | combo_r=0.7065 | combo_n=26 | pick=exploit",exit_rule=partial
vwap_clone,BNB-USDT-SWAP,short,2026-10-03T17:00:00+00:00,2026-10-03T17:00:00+00:00,779.51005,784.9518205,2.799003801,2181.851593,783.7761563,11.94084765,10,218.1851593,2.408414097,4.382160193,0,-17.63995041,stop,"VWAP sapma-dönüş (kaynak kuralları): kümülatif VWAP=770.862 (300 bar), σ=3.10093; bu bar +2.94σ ile bandın dışında kapandı ve kapanış short yönünde döndü; stop 2.5×0.5σ (783.776), hedef VWAP mesafesinin %100'i (770.862); yönetim: breakeven 1R, kısmi %50 @ 1.5R, takip geri verme %50 | arm=vwap_revert_src | combo=band2_tp2 | combo_r=-0.3786 | combo_n=9 | pick=exploit",
vwap_clone,ETH-USDT-SWAP,long,2026-10-03T16:30:00+00:00,2026-10-03T17:45:00+00:00,2680.71969,2684.385893,0.4076595873,1092.821082,2677.380312,1.361329455,10,109.2821082,1.2029252,1.093569011,0,0.2916374434,partial,"VWAP sapma-dönüş (kaynak kuralları): kümülatif VWAP=2702.35 (300 bar), σ=1.59975; bu bar -14.79σ ile bandın dışında kapandı ve kapanış long yönünde döndü; stop 2.5×0.5σ (2677.38), hedef VWAP mesafesinin %50'i (2690.86); yönetim: breakeven 1R, kısmi %50 @ 1.5R, takip geri verme %50 | arm=vwap_revert_src | combo=band2_tp0 | combo_r=-0.2604 | combo_n=4 | pick=exploit",
vwap_clone,ETH-USDT-SWAP,long,2026-10-03T16:30:00+00:00,2026-10-03T18:00:00+00:00,2680.71969,2684.385893,0.4076595873,1092.821082,2677.380312,1.361329455,10,109.2821082,1.2029252,1.093569011,0,0.2916374434,stop,"VWAP sapma-dönüş (kaynak kuralları): kümülatif VWAP=2702.35 (300 bar), σ=1.59975; bu bar -14.79σ ile bandın dışında kapandı ve kapanış long yönünde döndü; stop 2.5×0.5σ (2677.38), hedef VWAP mesafesinin %50'i (2690.86); yönetim: breakeven 1R, kısmi %50 @ 1.5R, takip geri verme %50 | arm=vwap_revert_src | combo=band2_tp0 | combo_r=-0.2604 | combo_n=4 | pick=exploit",exit_rule=partial
vwap_clone,BNB-USDT-SWAP,short,2026-10-03T17:30:00+00:00,2026-10-03T19:15:00+00:00,789.2052,794.0185011,2.759541873,2177.844796,792.8292572,10.00073759,10,217.7844796,2.402934654,4.371235432,0,-15.68544054,stop,"VWAP sapma-dönüş (kaynak kuralları): kümülatif VWAP=771.99 (300 bar), σ=4.43901; bu bar +4.01σ ile bandın dışında kapandı ve kapanış short yönünde döndü; stop 1.5×0.5σ (792.829), hedef VWAP mesafesinin %75'i (776.367); yönetim: breakeven 1R, kısmi %50 @ 1.5R, takip geri verme %50 | arm=vwap_revert_src | combo=band0_tp1 | combo_r=-0.7003 | combo_n=23 | pick=explore",
vwap_clone,AVAX-USDT-SWAP,short,2026-10-03T17:45:00+00:00,2026-10-03T20:00:00+00:00,11.1094425,11.18036292,195.8197618,2175.448384,11.16361749,10.60853389,10,217.5448384,2.400631413,4.367353703,0,-16.28825068,stop,"VWAP sapma-dönüş (kaynak kuralları): kümülatif VWAP=10.9629 (300 bar), σ=0.038894; bu bar +4.21σ ile bandın dışında kapandı ve kapanış short yönünde döndü; stop 2.5×0.5σ (11.1636), hedef VWAP mesafesinin %50'i (11.039); yönetim: breakeven 1R, kısmi %50 @ 1.5R, takip geri verme %50 | arm=vwap_revert_src | combo=band2_tp0 | combo_r=-1.33 | combo_n=3 | pick=explore",
vwap_clone,ETHFI-USDT-SWAP,long,2026-10-03T18:15:00+00:00,2026-10-03T20:00:00+00:00,0.70945455,0.7199731077,1533.074245,1087.646499,0.7022020671,11.11859478,10,108.7646499,1.2052803,1.095713669,0,14.92044968,partial,"VWAP sapma-dönüş (kaynak kuralları): kümülatif VWAP=0.740465 (300 bar), σ=0.00543835; bu bar -5.71σ ile bandın dışında kapandı ve kapanış long yönünde döndü; stop 2.5×0.5σ (0.702202), hedef VWAP mesafesinin %75'i (0.732599); yönetim: breakeven 1R, kısmi %50 @ 1.5R, takip geri verme %50 | arm=vwap_revert_src | combo=band2_tp1 | combo_r=0.3741 | combo_n=38 | pick=exploit",
vwap_clone,PENGU-USDT-SWAP,long,2026-10-03T15:45:00+00:00,2026-10-03T21:00:00+00:00,0.0092136045,0.009208997698,237707.1463,2190.139633,0.00914151572,17.13601824,10,219.0139633,2.408551308,2.189592372,-0.1097612748,-3.6133824,stop,"VWAP sapma-dönüş (kaynak kuralları): kümülatif VWAP=0.00951368 (300 bar), σ=8.86457e-05; bu bar -3.41σ ile bandın dışında kapandı ve kapanış long yönünde döndü; stop 1.5×0.5σ (0.00914152), hedef VWAP mesafesinin %75'i (0.00943726); yönetim: breakeven 1R, kısmi %50 @ 1.5R, takip geri verme %50 | arm=vwap_revert_src | combo=band0_tp1 | combo_r=-0.5858 | combo_n=5 | pick=explore",exit_rule=breakeven
vwap_clone,ETHFI-USDT-SWAP,long,2026-10-03T18:15:00+00:00,2026-10-03T21:00:00+00:00,0.70945455,0.7199731077,1533.074245,1087.646499,0.7022020671,11.11859478,10,108.7646499,1.2052803,1.095713669,0,14.92044968,stop,"VWAP sapma-dönüş (kaynak kuralları): kümülatif VWAP=0.740465 (300 bar), σ=0.00543835; bu bar -5.71σ ile bandın dışında kapandı ve kapanış long yönünde döndü; stop 2.5×0.5σ (0.702202), hedef VWAP mesafesinin %75'i (0.732599); yönetim: breakeven 1R, kısmi %50 @ 1.5R, takip geri verme %50 | arm=vwap_revert_src | combo=band2_tp1 | combo_r=0.3741 | combo_n=38 | pick=exploit",exit_rule=partial
vwap_clone,AVAX-USDT-SWAP,short,2026-10-03T20:15:00+00:00,2026-10-03T22:00:00+00:00,11.1194375,11.07570757,97.87660334,1088.332774,11.15228084,3.214594983,10,108.8332774,1.194811976,1.086194047,0,3.085325058,partial,"VWAP sapma-dönüş (kaynak kuralları): kümülatif VWAP=10.9663 (300 bar), σ=0.0262808; bu bar +6.50σ ile bandın dışında kapandı ve kapanış short yönünde döndü; stop 2×0.5σ (11.1523), hedef VWAP mesafesinin %100'i (10.9663); yönetim: breakeven 1R, kısmi %50 @ 1.5R, takip geri verme %50 | arm=vwap_revert_src | combo=band1_tp2 | combo_r=0.7375 | combo_n=28 | pick=exploit",
vwap_clone,AVAX-USDT-SWAP,short,2026-10-03T20:15:00+00:00,2026-10-03T22:15:00+00:00,11.1194375,11.110641,97.87660334,1088.332774,11.15228084,3.214594983,10,108.8332774,1.196692517,2.173203162,0,-0.3357209753,stop,"VWAP sapma-dönüş (kaynak kuralları): kümülatif VWAP=10.9663 (300 bar), σ=0.0262808; bu bar +6.50σ ile bandın dışında kapandı ve kapanış short yönünde döndü; stop 2×0.5σ (11.1523), hedef VWAP mesafesinin %100'i (10.9663); yönetim: breakeven 1R, kısmi %50 @ 1.5R, takip geri verme %50 | arm=vwap_revert_src | combo=band1_tp2 | combo_r=0.7375 | combo_n=28 | pick=exploit",exit_rule=partial
vwap_clone,NEAR-USDT-SWAP,long,2026-10-03T21:15:00+00:00,2026-10-03T23:15:00+00:00,4.7593785,4.853171967,229.0534988,1090.152297,4.695230989,14.6932119,10,109.0152297,1.210983574,1.100899805,0,20.27273821,partial,"VWAP sapma-dönüş (kaynak kuralları): kümülatif VWAP=4.97229 (300 bar), σ=0.0494152; bu bar -4.45σ ile bandın dışında kapandı ve kapanış long yönünde döndü; stop 2.5×0.5σ (4.69523), hedef VWAP mesafesinin %75'i (4.91847); yönetim: breakeven 1R, kısmi %50 @ 1.5R, takip geri verme %50 | arm=vwap_revert_src | combo=band2_tp1 | combo_r=0.4193 | combo_n=48 | pick=exploit",
vwap_clone,AVAX-USDT-SWAP,short,2026-10-03T22:45:00+00:00,2026-10-03T23:15:00+00:00,11.09445,11.120656,196.6318267,2181.521969,11.11839761,4.708863217,10,218.1521969,2.40250828,4.366406343,0,-7.555441929,stop,"VWAP sapma-dönüş (kaynak kuralları): kümülatif VWAP=10.9676 (300 bar), σ=0.0155181; bu bar +8.81σ ile bandın dışında kapandı ve kapanış short yönünde döndü; stop 2.5×0.5σ (11.1184), hedef VWAP mesafesinin %75'i (11.0005); yönetim: breakeven 1R, kısmi %50 @ 1.5R, takip geri verme %50 | arm=vwap_revert_src | combo=band2_tp1 | combo_r=-1.126 | combo_n=3 | pick=explore",exit_rule=breakeven
vwap_clone,NEAR-USDT-SWAP,long,2026-10-03T21:15:00+00:00,2026-10-03T23:30:00+00:00,4.7593785,4.791603,229.0534988,1090.152297,4.695230989,14.6932119,10,109.0152297,1.203227151,1.093844983,0,6.17790732,stop,"VWAP sapma-dönüş (kaynak kuralları): kümülatif VWAP=4.97229 (300 bar), σ=0.0494152; bu bar -4.45σ ile bandın dışında kapandı ve kapanış long yönünde döndü; stop 2.5×0.5σ (4.69523), hedef VWAP mesafesinin %75'i (4.91847); yönetim: breakeven 1R, kısmi %50 @ 1.5R, takip geri verme %50 | arm=vwap_revert_src | combo=band2_tp1 | combo_r=0.4193 | combo_n=48 | pick=exploit",exit_rule=partial
vwap_clone,BTC-USDT-SWAP,long,2026-10-03T23:45:00+00:00,2026-10-03T23:45:00+00:00,84796.1769,84642.19312,0.02579109639,2186.986372,84684.53539,2.879356957,10,218.6986372,2.403500733,2.18500022,0,-6.374911197,stop,"VWAP sapma-dönüş (kaynak kuralları): kümülatif VWAP=84949 (300 bar), σ=69.2646; bu bar -3.06σ ile bandın dışında kapandı ve kapanış long yönünde döndü; stop 2×0.5σ (84684.5), hedef VWAP mesafesinin %75'i (84900.2); yönetim: breakeven 1R, kısmi %50 @ 1.5R, takip geri verme %50 | arm=vwap_revert_src | combo=band1_tp1 | combo_r=-1.443 | combo_n=5 | pick=explore",
vwap_clone,AVAX-USDT-SWAP,short,2026-10-04T00:00:00+00:00,2026-10-04T00:45:00+00:00,11.1174385,11.08957094,98.19475748,1091.674177,11.13971155,2.187096383,10,109.1674177,1.199336549,1.09030691,0,1.53711126,partial,"VWAP sapma-dönüş (kaynak kuralları): kümülatif VWAP=10.9691 (300 bar), σ=0.0167115; bu bar +9.11σ ile bandın dışında kapandı ve kapanış short yönünde döndü; stop 2×0.5σ (11.1397), hedef VWAP mesafesinin %100'i (10.9691); yönetim: breakeven 1R, kısmi %50 @ 1.5R, takip geri verme %50 | arm=vwap_revert_src | combo=band1_tp2 | combo_r=0.7169 | combo_n=30 | pick=exploit",
vwap_clone,PENGU-USDT-SWAP,long,2026-10-04T00:00:00+00:00,2026-10-04T00:45:00+00:00,0.009252624,0.009213076398,235846.8067,2182.201824,0.00921768524,8.240194895,10,218.2201824,2.395292059,2.177536448,0,-11.72246777,stop,"VWAP sapma-dönüş (kaynak kuralları): kümülatif VWAP=0.00939932 (300 bar), σ=2.42518e-05; bu bar -6.34σ ile bandın dışında kapandı ve kapanış long yönünde döndü; stop 2.5×0.5σ (0.00921769), hedef VWAP mesafesinin %75'i (0.00936149); yönetim: breakeven 1R, kısmi %50 @ 1.5R, takip geri verme %50 | arm=vwap_revert_src | combo=band2_tp1 | combo_r=0.6001 | combo_n=23 | pick=exploit",
vwap_clone,BNB-USDT-SWAP,short,2026-10-03T19:30:00+00:00,2026-10-04T01:00:00+00:00,789.8049,784.2680003,1.3786689,1088.879453,793.7574585,5.449269483,10,108.8879453,1.193568945,1.085064857,0.108432309,6.548414814,partial,"VWAP sapma-dönüş (kaynak kuralları): kümülatif VWAP=773.2 (300 bar), σ=4.87661; bu bar +3.66σ ile bandın dışında kapandı ve kapanış short yönünde döndü; stop 1.5×0.5σ (793.757), hedef VWAP mesafesinin %50'i (781.65); yönetim: breakeven 1R, kısmi %50 @ 1.5R, takip geri verme %50 | arm=vwap_revert_src | combo=band0_tp0 | combo_r=-1.06 | combo_n=40 | pick=explore",
vwap_clone,ETH-USDT-SWAP,long,2026-10-03T21:15:00+00:00,2026-10-04T01:00:00+00:00,2687.26296,2692.503334,0.4058868849,1090.724792,2682.871428,1.782465429,10,109.0724792,1.20096712,1.091789096,-0.03982784037,0.8862039375,partial,"VWAP sapma-dönüş (kaynak kuralları): kümülatif VWAP=2703.76 (300 bar), σ=2.43886; bu bar -7.72σ ile bandın dışında kapandı ve kapanış long yönünde döndü; stop 2.5×0.5σ (2682.87), hedef VWAP mesafesinin %50'i (2694.84); yönetim: breakeven 1R, kısmi %50 @ 1.5R, takip geri verme %50 | arm=vwap_revert_src | combo=band2_tp0 | combo_r=-0.1022 | combo_n=6 | pick=exploit",
vwap_clone,AVAX-USDT-SWAP,short,2026-10-04T00:00:00+00:00,2026-10-04T01:00:00+00:00,11.1174385,11.10065497,98.19475748,1091.674177,11.13971155,2.187096383,10,109.1674177,1.199935165,2.178700443,0,0.4481191106,stop,"VWAP sapma-dönüş (kaynak kuralları): kümülatif VWAP=10.9691 (300 bar), σ=0.0167115; bu bar +9.11σ ile bandın dışında kapandı ve kapanış short yönünde döndü; stop 2×0.5σ (11.1397), hedef VWAP mesafesinin %100'i (10.9691); yönetim: breakeven 1R, kısmi %50 @ 1.5R, takip geri verme %50 | arm=vwap_revert_src | combo=band1_tp2 | combo_r=0.7169 | combo_n=30 | pick=exploit",exit_rule=partial
vwap_clone,ETH-USDT-SWAP,long,2026-10-03T21:15:00+00:00,2026-10-04T01:15:00+00:00,2687.26296,2691.023815,0.4058868849,1090.724792,2682.871428,1.782465429,10,109.0724792,1.200636836,1.091488687,-0.03982784037,0.2860170443,stop,"VWAP sapma-dönüş (kaynak kuralları): kümülatif VWAP=2703.76 (300 bar), σ=2.43886; bu bar -7.72σ ile bandın dışında kapandı ve kapanış long yönünde döndü; stop 2.5×0.5σ (2682.87), hedef VWAP mesafesinin %50'i (2694.84); yönetim: breakeven 1R, kısmi %50 @ 1.5R, takip geri verme %50 | arm=vwap_revert_src | combo=band2_tp0 | combo_r=-0.1022 | combo_n=6 | pick=exploit",exit_rule=partial
vwap_clone,BTC-USDT-SWAP,long,2026-10-04T01:00:00+00:00,2026-10-04T01:15:00+00:00,84803.3805,84675.55813,0.02576653769,2185.0895,84717.91709,2.202096279,10,218.50895,2.401787003,2.183442452,0,-5.695326984,stop,"VWAP sapma-dönüş (kaynak kuralları): kümülatif VWAP=84954 (300 bar), σ=57.4439; bu bar -3.21σ ile bandın dışında kapandı ve kapanış long yönünde döndü; stop 1.5×0.5σ (84717.9), hedef VWAP mesafesinin %100'i (84954); yönetim: breakeven 1R, kısmi %50 @ 1.5R, takip geri verme %50 | arm=vwap_revert_src | combo=band0_tp2 | combo_r=-1.311 | combo_n=5 | pick=explore",
vwap_clone,BNB-USDT-SWAP,short,2026-10-03T19:30:00+00:00,2026-10-04T01:45:00+00:00,789.8049,785.0518763,1.3786689,1088.879453,793.7574585,5.449269483,10,108.8879453,1.194163333,2.165770405,0.108432309,5.467114877,stop,"VWAP sapma-dönüş (kaynak kuralları): kümülatif VWAP=773.2 (300 bar), σ=4.87661; bu bar +3.66σ ile bandın dışında kapandı ve kapanış short yönünde döndü; stop 1.5×0.5σ (793.757), hedef VWAP mesafesinin %50'i (781.65); yönetim: breakeven 1R, kısmi %50 @ 1.5R, takip geri verme %50 | arm=vwap_revert_src | combo=band0_tp0 | combo_r=-1.06 | combo_n=40 | pick=explore",exit_rule=partial
vwap_clone,SOL-USDT-SWAP,short,2026-10-04T01:15:00+00:00,2026-10-04T02:00:00+00:00,120.01996,120.4256061,18.1919042,2183.391615,120.2452383,4.098240347,10,218.3391615,2.405789487,4.373476711,0,-9.785264617,stop,"VWAP sapma-dönüş (kaynak kuralları): kümülatif VWAP=119.681 (300 bar), σ=0.175238; bu bar +2.70σ ile bandın dışında kapandı ve kapanış short yönünde döndü; stop 2×0.5σ (120.245), hedef VWAP mesafesinin %75'i (119.778); yönetim: breakeven 1R, kısmi %50 @ 1.5R, takip geri verme %50 | arm=vwap_revert_src | combo=band1_tp1 | combo_r=-0.599 | combo_n=6 | pick=explore",
vwap_clone,ETH-USDT-SWAP,long,2026-10-04T02:00:00+00:00,2026-10-04T02:45:00+00:00,2694.936795,2689.521379,0.8075786557,2176.373434,2690.866813,3.286830733,10,217.6373434,2.391605422,2.174186197,0,-6.764979456,stop,"VWAP sapma-dönüş (kaynak kuralları): kümülatif VWAP=2704.32 (300 bar), σ=2.73319; bu bar -4.21σ ile bandın dışında kapandı ve kapanış long yönünde döndü; stop 2×0.5σ (2690.87), hedef VWAP mesafesinin %75'i (2701.64); yönetim: breakeven 1R, kısmi %50 @ 1.5R, takip geri verme %50 | arm=vwap_revert_src | combo=band1_tp1 | combo_r=-0.4753 | combo_n=9 | pick=explore",
vwap_clone,AVAX-USDT-SWAP,short,2026-10-04T01:30:00+00:00,2026-10-04T03:30:00+00:00,11.0654645,11.0820627,196.9101411,2178.902176,11.08612777,4.068807289,10,217.8902176,2.398589988,4.35834935,0,-5.666943252,stop,"VWAP sapma-dönüş (kaynak kuralları): kümülatif VWAP=10.9708 (300 bar), σ=0.0151278; bu bar +6.93σ ile bandın dışında kapandı ve kapanış short yönünde döndü; stop 2×0.5σ (11.0861), hedef VWAP mesafesinin %100'i (10.9708); yönetim: breakeven 1R, kısmi %50 @ 1.5R, takip geri verme %50 | arm=vwap_revert_src | combo=band1_tp2 | combo_r=0.7004 | combo_n=32 | pick=exploit",exit_rule=breakeven
vwap_clone,BNB-USDT-SWAP,short,2026-10-04T02:15:00+00:00,2026-10-04T05:00:00+00:00,782.6085,786.6029604,2.775255094,2171.938226,785.4248232,7.816015287,10,217.1938226,2.395229154,4.356143731,0,-13.4808758,stop,"VWAP sapma-dönüş (kaynak kuralları): kümülatif VWAP=774.463 (300 bar), σ=1.85986; bu bar +4.73σ ile bandın dışında kapandı ve kapanış short yönünde döndü; stop 2.5×0.5σ (785.425), hedef VWAP mesafesinin %100'i (774.463); yönetim: breakeven 1R, kısmi %50 @ 1.5R, takip geri verme %50 | arm=vwap_revert_src | combo=band2_tp2 | combo_r=-0.4885 | combo_n=10 | pick=exploit",
vwap_clone,AVAX-USDT-SWAP,short,2026-10-04T05:15:00+00:00,2026-10-04T05:30:00+00:00,11.052471,11.09915529,195.3518202,2159.120328,11.08253149,5.872371548,10,215.9120328,2.380048284,4.327589263,0,-11.49990888,stop,"VWAP sapma-dönüş (kaynak kuralları): kümülatif VWAP=10.9754 (300 bar), σ=0.0245315; bu bar +3.71σ ile bandın dışında kapandı ve kapanış short yönünde döndü; stop 2×0.5σ (11.0825), hedef VWAP mesafesinin %100'i (10.9754); yönetim: breakeven 1R, kısmi %50 @ 1.5R, takip geri verme %50 | arm=vwap_revert_src | combo=band1_tp2 | combo_r=0.637 | combo_n=33 | pick=exploit",
vwap_clone,BTC-USDT-SWAP,long,2026-10-04T01:45:00+00:00,2026-10-04T06:15:00+00:00,84785.1714,84882.52191,0.01284868161,1089.377673,84691.96274,1.197608459,10,108.9377673,1.199003394,1.090003671,0,0.05182225214,partial,"VWAP sapma-dönüş (kaynak kuralları): kümülatif VWAP=84957.3 (300 bar), σ=40.5898; bu bar -5.39σ ile bandın dışında kapandı ve kapanış long yönünde döndü; stop 2.5×0.5σ (84692), hedef VWAP mesafesinin %75'i (84903.6); yönetim: breakeven 1R, kısmi %50 @ 1.5R, takip geri verme %50 | arm=vwap_revert_src | combo=band2_tp1 | combo_r=-1.86 | combo_n=5 | pick=explore",
vwap_clone,BTC-USDT-SWAP,long,2026-10-04T01:45:00+00:00,2026-10-04T06:15:00+00:00,84785.1714,84861.18895,0.01284868161,1089.377673,84691.96274,1.197608459,10,108.9377673,1.198852639,1.089866552,0,-0.2221273637,tp,"VWAP sapma-dönüş (kaynak kuralları): kümülatif VWAP=84957.3 (300 bar), σ=40.5898; bu bar -5.39σ ile bandın dışında kapandı ve kapanış long yönünde döndü; stop 2.5×0.5σ (84692), hedef VWAP mesafesinin %75'i (84903.6); yönetim: breakeven 1R, kısmi %50 @ 1.5R, takip geri verme %50 | arm=vwap_revert_src | combo=band2_tp1 | combo_r=-1.86 | combo_n=5 | pick=explore",
vwap_clone,BNB-USDT-SWAP,short,2026-10-04T06:00:00+00:00,2026-10-04T06:15:00+00:00,786.10675,788.6898597,2.740495295,2154.32185,787.5085968,3.841754659,10,215.432185,2.373647485,4.314945182,0,-9.452647552,stop,"VWAP sapma-dönüş (kaynak kuralları): kümülatif VWAP=774.905 (300 bar), σ=1.1086; bu bar +10.52σ ile bandın dışında kapandı ve kapanış short yönünde döndü; stop 2×0.5σ (787.509), hedef VWAP mesafesinin %50'i (780.652); yönetim: breakeven 1R, kısmi %50 @ 1.5R, takip geri verme %50 | arm=vwap_revert_src | combo=band1_tp0 | combo_r=-0.5412 | combo_n=14 | pick=exploit",
vwap_clone,XRP-USDT-SWAP,long,2026-10-04T06:30:00+00:00,2026-10-04T06:45:00+00:00,1.49244585,1.495386848,719.7959055,1074.256412,1.489986473,1.770249289,10,107.4256412,1.182846358,1.075315669,0,0.9340716822,partial,"VWAP sapma-dönüş (kaynak kuralları): kümülatif VWAP=1.49881 (300 bar), σ=0.00145082; bu bar -4.28σ ile bandın dışında kapandı ve kapanış long yönünde döndü; stop 2.5×0.5σ (1.48999), hedef VWAP mesafesinin %75'i (1.49706); yönetim: breakeven 1R, kısmi %50 @ 1.5R, takip geri verme %50 | arm=vwap_revert_src | combo=band2_tp1 | combo_r=0.1756 | combo_n=25 | pick=exploit",
vwap_clone,XRP-USDT-SWAP,long,2026-10-04T06:30:00+00:00,2026-10-04T06:45:00+00:00,1.49244585,1.496312326,719.7959055,1074.256412,1.489986473,1.770249289,10,107.4256412,1.183212744,1.075648913,0,1.599860831,tp,"VWAP sapma-dönüş (kaynak kuralları): kümülatif VWAP=1.49881 (300 bar), σ=0.00145082; bu bar -4.28σ ile bandın dışında kapandı ve kapanış long yönünde döndü; stop 2.5×0.5σ (1.48999), hedef VWAP mesafesinin %75'i (1.49706); yönetim: breakeven 1R, kısmi %50 @ 1.5R, takip geri verme %50 | arm=vwap_revert_src | combo=band2_tp1 | combo_r=0.1756 | combo_n=25 | pick=exploit",
vwap_clone,SOL-USDT-SWAP,short,2026-10-04T04:00:00+00:00,2026-10-04T07:00:00+00:00,120.65964,121.3205141,17.92314426,2162.600134,121.1388059,8.588159129,10,216.2600134,2.385374865,4.338623427,0,-14.23031643,stop,"VWAP sapma-dönüş (kaynak kuralları): kümülatif VWAP=119.729 (300 bar), σ=0.335045; bu bar +3.09σ ile bandın dışında kapandı ve kapanış short yönünde döndü; stop 2.5×0.5σ (121.139), hedef VWAP mesafesinin %50'i (120.224); yönetim: breakeven 1R, kısmi %50 @ 1.5R, takip geri verme %50 | arm=vwap_revert_src | combo=band2_tp0 | combo_r=-0.1631 | combo_n=17 | pick=exploit",
vwap_clone,ADA-USDT-SWAP,long,2026-10-04T07:00:00+00:00,2026-10-04T07:15:00+00:00,0.24442215,0.2442999389,8797.779796,2150.372253,0.2437221688,6.158280888,10,215.0372253,2.364818126,2.149834929,0,-3.440004252,stop,"VWAP sapma-dönüş (kaynak kuralları): kümülatif VWAP=0.247541 (300 bar), σ=0.000542265; bu bar -5.67σ ile bandın dışında kapandı ve kapanış long yönünde döndü; stop 2.5×0.5σ (0.243722), hedef VWAP mesafesinin %100'i (0.247541); yönetim: breakeven 1R, kısmi %50 @ 1.5R, takip geri verme %50 | arm=vwap_revert_src | combo=band2_tp2 | combo_r=0.8056 | combo_n=10 | pick=exploit",exit_rule=breakeven
vwap_clone,AVAX-USDT-SWAP,short,2026-10-04T07:15:00+00:00,2026-10-04T07:30:00+00:00,11.008493,10.97993579,97.63673578,1074.833322,11.03118929,2.215991864,10,107.4833322,1.180783126,1.073440171,0,1.607450002,partial,"VWAP sapma-dönüş (kaynak kuralları): kümülatif VWAP=10.9732 (300 bar), σ=0.0161893; bu bar +2.91σ ile bandın dışında kapandı ve kapanış short yönünde döndü; stop 2×0.5σ (11.0312), hedef VWAP mesafesinin %100'i (10.9732); yönetim: breakeven 1R, kısmi %50 @ 1.5R, takip geri verme %50 | arm=vwap_revert_src | combo=band1_tp2 | combo_r=0.5607 | combo_n=34 | pick=exploit",
vwap_clone,ETH-USDT-SWAP,long,2026-10-04T03:00:00+00:00,2026-10-04T07:45:00+00:00,2692.735695,2698.75436,0.4024627351,1083.725773,2687.823217,1.977089476,10,108.3725773,1.193430609,1.084937794,0,1.228857902,partial,"VWAP sapma-dönüş (kaynak kuralları): kümülatif VWAP=2704.36 (300 bar), σ=2.86143; bu bar -4.45σ ile bandın dışında kapandı ve kapanış long yönünde döndü; stop 2.5×0.5σ (2687.82), hedef VWAP mesafesinin %50'i (2697.88); yönetim: breakeven 1R, kısmi %50 @ 1.5R, takip geri verme %50 | arm=vwap_revert_src | combo=band2_tp0 | combo_r=0.005543 | combo_n=8 | pick=exploit",
vwap_clone,ETH-USDT-SWAP,long,2026-10-04T03:00:00+00:00,2026-10-04T07:45:00+00:00,2692.735695,2696.530554,0.4024627351,1083.725773,2687.823217,1.977089476,10,108.3725773,1.192938359,1.08449007,0,0.3343510177,tp,"VWAP sapma-dönüş (kaynak kuralları): kümülatif VWAP=2704.36 (300 bar), σ=2.86143; bu bar -4.45σ ile bandın dışında kapandı ve kapanış long yönünde döndü; stop 2.5×0.5σ (2687.82), hedef VWAP mesafesinin %50'i (2697.88); yönetim: breakeven 1R, kısmi %50 @ 1.5R, takip geri verme %50 | arm=vwap_revert_src | combo=band2_tp0 | combo_r=0.005543 | combo_n=8 | pick=exploit",
vwap_clone,AVAX-USDT-SWAP,short,2026-10-04T07:15:00+00:00,2026-10-04T07:45:00+00:00,11.008493,11.014497,97.63673578,1074.833322,11.03118929,2.215991864,10,107.4833322,1.182639071,2.148398734,0,-1.768850032,stop,"VWAP sapma-dönüş (kaynak kuralları): kümülatif VWAP=10.9732 (300 bar), σ=0.0161893; bu bar +2.91σ ile bandın dışında kapandı ve kapanış short yönünde döndü; stop 2×0.5σ (11.0312), hedef VWAP mesafesinin %100'i (10.9732); yönetim: breakeven 1R, kısmi %50 @ 1.5R, takip geri verme %50 | arm=vwap_revert_src | combo=band1_tp2 | combo_r=0.5607 | combo_n=34 | pick=exploit",exit_rule=partial
vwap_clone,LINK-USDT-SWAP,long,2026-10-04T08:00:00+00:00,2026-10-04T08:00:00+00:00,14.097045,14.0606956,152.4026733,2148.427343,14.06772946,4.467766185,10,214.8427343,2.360223217,2.145656622,0,-7.899969191,stop,"VWAP sapma-dönüş (kaynak kuralları): kümülatif VWAP=14.1154 (300 bar), σ=0.0194164; bu bar -2.63σ ile bandın dışında kapandı ve kapanış long yönünde döndü; stop 2.5×0.5σ (14.0677), hedef VWAP mesafesinin %100'i (14.1154); yönetim: breakeven 1R, kısmi %50 @ 1.5R, takip geri verme %50 | arm=vwap_revert_src | combo=band2_tp2 | combo_r=-0.2721 | combo_n=25 | pick=exploit",
vwap_clone,ADA-USDT-SWAP,long,2026-10-04T08:00:00+00:00,2026-10-04T08:30:00+00:00,0.2459229,0.2449363167,8740.770345,2149.555591,0.2450588462,7.552496178,10,214.9555591,2.359768227,2.145242223,0,-10.98326595,stop,"VWAP sapma-dönüş (kaynak kuralları): kümülatif VWAP=0.247448 (300 bar), σ=0.000854872; bu bar -2.32σ ile bandın dışında kapandı ve kapanış long yönünde döndü; stop 1.5×0.5σ (0.245059), hedef VWAP mesafesinin %50'i (0.246574); yönetim: breakeven 1R, kısmi %50 @ 1.5R, takip geri verme %50 | arm=vwap_revert_src | combo=band0_tp0 | combo_r=-0.9575 | combo_n=42 | pick=explore",
vwap_clone,BNB-USDT-SWAP,short,2026-10-04T06:45:00+00:00,2026-10-04T08:45:00+00:00,787.4061,790.6811583,2.728046077,2148.080122,789.496913,5.703834078,10,214.8080122,2.367802115,4.305253285,0.2148609091,-11.08745122,stop,"VWAP sapma-dönüş (kaynak kuralları): kümülatif VWAP=775.024 (300 bar), σ=1.43753; bu bar +8.77σ ile bandın dışında kapandı ve kapanış short yönünde döndü; stop 2.5×0.5σ (789.497), hedef VWAP mesafesinin %100'i (775.024); yönetim: breakeven 1R, kısmi %50 @ 1.5R, takip geri verme %50 | arm=vwap_revert_src | combo=band2_tp2 | combo_r=-0.6009 | combo_n=11 | pick=exploit",
vwap_clone,SOL-USDT-SWAP,short,2026-10-04T07:30:00+00:00,2026-10-04T09:15:00+00:00,120.99947,121.5601653,17.7240302,2144.598261,121.3780982,6.710817417,10,214.4598261,2.364523866,4.299799165,0.2146380057,-12.08766689,stop,"VWAP sapma-dönüş (kaynak kuralları): kümülatif VWAP=119.796 (300 bar), σ=0.262479; bu bar +4.99σ ile bandın dışında kapandı ve kapanış short yönünde döndü; stop 2.5×0.5σ (121.378), hedef VWAP mesafesinin %75'i (120.109); yönetim: breakeven 1R, kısmi %50 @ 1.5R, takip geri verme %50 | arm=vwap_revert_src | combo=band2_tp1 | combo_r=-0.18 | combo_n=24 | pick=exploit",
vwap_clone,LINK-USDT-SWAP,long,2026-10-04T09:00:00+00:00,2026-10-04T09:15:00+00:00,14.0520225,14.0948975,75.88259517,1066.303935,14.01873852,2.52567477,10,106.6303935,1.174723734,1.067931748,0,2.078742197,partial,"VWAP sapma-dönüş (kaynak kuralları): kümülatif VWAP=14.112 (300 bar), σ=0.0262615; bu bar -2.53σ ile bandın dışında kapandı ve kapanış long yönünde döndü; stop 2×0.5σ (14.0187), hedef VWAP mesafesinin %75'i (14.0952); yönetim: breakeven 1R, kısmi %50 @ 1.5R, takip geri verme %50 | arm=vwap_revert_src | combo=band1_tp1 | combo_r=-0.2892 | combo_n=7 | pick=exploit",
vwap_clone,LINK-USDT-SWAP,long,2026-10-04T09:00:00+00:00,2026-10-04T09:15:00+00:00,14.0520225,14.08818516,75.88259517,1066.303935,14.01873852,2.52567477,10,106.6303935,1.174443592,1.067676946,0,1.569672862,tp,"VWAP sapma-dönüş (kaynak kuralları): kümülatif VWAP=14.112 (300 bar), σ=0.0262615; bu bar -2.53σ ile bandın dışında kapandı ve kapanış long yönünde döndü; stop 2×0.5σ (14.0187), hedef VWAP mesafesinin %75'i (14.0952); yönetim: breakeven 1R, kısmi %50 @ 1.5R, takip geri verme %50 | arm=vwap_revert_src | combo=band1_tp1 | combo_r=-0.2892 | combo_n=7 | pick=exploit",
vwap_clone,NEAR-USDT-SWAP,long,2026-10-04T09:30:00+00:00,2026-10-04T09:45:00+00:00,4.784391,4.758609171,445.5006001,2131.449061,4.760989666,10.42530827,10,213.1449061,2.338276767,2.125703811,0,-13.82409691,stop,"VWAP sapma-dönüş (kaynak kuralları): kümülatif VWAP=4.88534 (300 bar), σ=0.0210103; bu bar -5.00σ ile bandın dışında kapandı ve kapanış long yönünde döndü; stop 2×0.5σ (4.76099), hedef VWAP mesafesinin %100'i (4.88534); yönetim: breakeven 1R, kısmi %50 @ 1.5R, takip geri verme %50 | arm=vwap_revert_src | combo=band1_tp2 | combo_r=-0.1678 | combo_n=98 | pick=explore",
vwap_clone,NEAR-USDT-SWAP,long,2026-10-04T10:00:00+00:00,2026-10-04T10:00:00+00:00,4.8214095,4.866015647,220.5033379,1063.136888,4.790049252,6.915039418,10,106.3136888,1.174860269,1.068057516,0,8.660944134,partial,"VWAP sapma-dönüş (kaynak kuralları): kümülatif VWAP=4.88031 (300 bar), σ=0.0223606; bu bar -3.83σ ile bandın dışında kapandı ve kapanış long yönünde döndü; stop 2.5×0.5σ (4.79005), hedef VWAP mesafesinin %75'i (4.86473); yönetim: breakeven 1R, kısmi %50 @ 1.5R, takip geri verme %50 | arm=vwap_revert_src | combo=band2_tp1 | combo_r=0.4386 | combo_n=50 | pick=exploit",
vwap_clone,NEAR-USDT-SWAP,long,2026-10-04T10:00:00+00:00,2026-10-04T10:00:00+00:00,4.8214095,4.862299982,220.5033379,1063.136888,4.790049252,6.915039418,10,106.3136888,1.174409645,1.067647653,0,7.842078132,tp,"VWAP sapma-dönüş (kaynak kuralları): kümülatif VWAP=4.88031 (300 bar), σ=0.0223606; bu bar -3.83σ ile bandın dışında kapandı ve kapanış long yönünde döndü; stop 2.5×0.5σ (4.79005), hedef VWAP mesafesinin %75'i (4.86473); yönetim: breakeven 1R, kısmi %50 @ 1.5R, takip geri verme %50 | arm=vwap_revert_src | combo=band2_tp1 | combo_r=0.4386 | combo_n=50 | pick=exploit",
vwap_clone,BNB-USDT-SWAP,short,2026-10-04T09:45:00+00:00,2026-10-04T10:15:00+00:00,792.4036,790.0463502,1.341991385,1063.398805,794.2383171,2.462174502,10,106.3398805,1.16799881,1.061818157,0,1.995410171,partial,"VWAP sapma-dönüş (kaynak kuralları): kümülatif VWAP=775.887 (300 bar), σ=2.05109; bu bar +8.57σ ile bandın dışında kapandı ve kapanış short yönünde döndü; stop 1.5×0.5σ (794.238), hedef VWAP mesafesinin %50'i (784.294); yönetim: breakeven 1R, kısmi %50 @ 1.5R, takip geri verme %50 | arm=vwap_revert_src | combo=band0_tp0 | combo_r=-0.6659 | combo_n=4 | pick=explore",
vwap_clone,BNB-USDT-SWAP,short,2026-10-04T09:45:00+00:00,2026-10-04T10:30:00+00:00,792.4036,791.9862,1.341991385,1063.398805,794.2383171,2.462174502,10,106.3398805,1.169430604,2.123835566,0,-0.6092834002,stop,"VWAP sapma-dönüş (kaynak kuralları): kümülatif VWAP=775.887 (300 bar), σ=2.05109; bu bar +8.57σ ile bandın dışında kapandı ve kapanış short yönünde döndü; stop 1.5×0.5σ (794.238), hedef VWAP mesafesinin %50'i (784.294); yönetim: breakeven 1R, kısmi %50 @ 1.5R, takip geri verme %50 | arm=vwap_revert_src | combo=band0_tp0 | combo_r=-0.6659 | combo_n=4 | pick=explore",exit_rule=partial
vwap_clone,AVAX-USDT-SWAP,short,2026-10-04T08:15:00+00:00,2026-10-04T11:00:00+00:00,11.01449,11.03101174,194.3902409,2141.109365,11.04340782,5.621342796,10,214.1109365,2.356986717,4.282754275,0,-5.568650764,stop,"VWAP sapma-dönüş (kaynak kuralları): kümülatif VWAP=10.9717 (300 bar), σ=0.0234078; bu bar +2.69σ ile bandın dışında kapandı ve kapanış short yönünde döndü; stop 2×0.5σ (11.0434), hedef VWAP mesafesinin %100'i (10.9717); yönetim: breakeven 1R, kısmi %50 @ 1.5R, takip geri verme %50 | arm=vwap_revert_src | combo=band1_tp2 | combo_r=0.5275 | combo_n=36 | pick=exploit",exit_rule=breakeven
vwap_clone,DOGE-USDT-SWAP,long,2026-10-02T19:00:00+00:00,2026-10-04T11:15:00+00:00,0.09108552,0.09355485995,11664.99485,1062.512121,0.08940809281,19.5671795,10,106.2512121,1.184605994,1.076922011,-0.2678042161,27.3524276,partial,"VWAP sapma-dönüş (kaynak kuralları): kümülatif VWAP=0.0948067 (300 bar), σ=0.00129753; bu bar -3.05σ ile bandın dışında kapandı ve kapanış long yönünde döndü; stop 2.5×0.5σ (0.0894081), hedef VWAP mesafesinin %100'i (0.0948067); yönetim: breakeven 1R, kısmi %50 @ 1.5R, takip geri verme %50 | arm=vwap_revert_src | combo=band2_tp2 | combo_r=0.4248 | combo_n=30 | pick=exploit",
vwap_clone,DOGE-USDT-SWAP,long,2026-10-02T19:00:00+00:00,2026-10-04T11:30:00+00:00,0.09108552,0.09355485995,11664.99485,1062.512121,0.08940809281,19.5671795,10,106.2512121,1.184605994,1.076922011,-0.2678042161,27.3524276,stop,"VWAP sapma-dönüş (kaynak kuralları): kümülatif VWAP=0.0948067 (300 bar), σ=0.00129753; bu bar -3.05σ ile bandın dışında kapandı ve kapanış long yönünde döndü; stop 2.5×0.5σ (0.0894081), hedef VWAP mesafesinin %100'i (0.0948067); yönetim: breakeven 1R, kısmi %50 @ 1.5R, takip geri verme %50 | arm=vwap_revert_src | combo=band2_tp2 | combo_r=0.4248 | combo_n=30 | pick=exploit",exit_rule=partial
vwap_clone,SOL-USDT-SWAP,short,2026-10-04T10:30:00+00:00,2026-10-04T12:00:00+00:00,121.169385,121.6356918,17.62828354,2136.008275,121.4535115,5.008662544,10,213.6008275,2.354130206,4.280063814,0,-10.57431816,stop,"VWAP sapma-dönüş (kaynak kuralları): kümülatif VWAP=119.884 (300 bar), σ=0.178809; bu bar +8.16σ ile bandın dışında kapandı ve kapanış short yönünde döndü; stop 2.5×0.5σ (121.454), hedef VWAP mesafesinin %50'i (120.557); yönetim: breakeven 1R, kısmi %50 @ 1.5R, takip geri verme %50 | arm=vwap_revert_src | combo=band2_tp0 | combo_r=-0.2461 | combo_n=18 | pick=explore",
vwap_clone,BNB-USDT-SWAP,short,2026-10-04T10:45:00+00:00,2026-10-04T12:00:00+00:00,788.8054,789.9886081,2.704311519,2133.175529,790.5628452,4.752679354,10,213.3175529,2.348252952,4.26688462,0,-5.548016246,stop,"VWAP sapma-dönüş (kaynak kuralları): kümülatif VWAP=776.409 (300 bar), σ=1.81713; bu bar +7.22σ ile bandın dışında kapandı ve kapanış short yönünde döndü; stop 1.5×0.5σ (790.563), hedef VWAP mesafesinin %50'i (782.805); yönetim: breakeven 1R, kısmi %50 @ 1.5R, takip geri verme %50 | arm=vwap_revert_src | combo=band0_tp0 | combo_r=-0.3501 | combo_n=6 | pick=exploit",exit_rule=breakeven
vwap_clone,DOGE-USDT-SWAP,long,2026-10-04T12:00:00+00:00,2026-10-04T12:15:00+00:00,0.093476715,0.093363295,22813.26583,2132.509148,0.09323240755,5.573450739,10,213.2509148,2.344336949,2.131215294,0,-4.931817559,stop,"VWAP sapma-dönüş (kaynak kuralları): kümülatif VWAP=0.0941688 (300 bar), σ=0.000158074; bu bar -4.65σ ile bandın dışında kapandı ve kapanış long yönünde döndü; stop 2.5×0.5σ (0.0932324), hedef VWAP mesafesinin %100'i (0.0941688); yönetim: breakeven 1R, kısmi %50 @ 1.5R, takip geri verme %50 | arm=vwap_revert_src | combo=band2_tp2 | combo_r=0.4856 | combo_n=32 | pick=exploit",exit_rule=breakeven
vwap_clone,ETH-USDT-SWAP,long,2026-10-04T12:30:00+00:00,2026-10-04T12:45:00+00:00,2702.360505,2696.708336,0.784523954,2120.066549,2698.057364,3.375916931,10,212.0066549,2.329634359,2.117848838,0,-6.763896606,stop,"VWAP sapma-dönüş (kaynak kuralları): kümülatif VWAP=2705.52 (300 bar), σ=2.35411; bu bar -2.52σ ile bandın dışında kapandı ve kapanış long yönünde döndü; stop 2.5×0.5σ (2698.06), hedef VWAP mesafesinin %50'i (2703.26); yönetim: breakeven 1R, kısmi %50 @ 1.5R, takip geri verme %50 | arm=vwap_revert_src | combo=band2_tp0 | combo_r=0.0835 | combo_n=10 | pick=exploit",
vwap_clone,DOGE-USDT-SWAP,long,2026-10-04T12:30:00+00:00,2026-10-04T12:45:00+00:00,0.09356676,0.09336193604,22646.43746,2118.953778,0.09340864036,3.58084664,10,211.8953778,2.328297963,2.116633881,0,-6.966831069,stop,"VWAP sapma-dönüş (kaynak kuralları): kümülatif VWAP=0.0941632 (300 bar), σ=0.00014848; bu bar -4.71σ ile bandın dışında kapandı ve kapanış long yönünde döndü; stop 1.5×0.5σ (0.0934086), hedef VWAP mesafesinin %50'i (0.0938416); yönetim: breakeven 1R, kısmi %50 @ 1.5R, takip geri verme %50 | arm=vwap_revert_src | combo=band0_tp0 | combo_r=-0.919 | combo_n=46 | pick=explore",
vwap_clone,BNB-USDT-SWAP,short,2026-10-04T12:15:00+00:00,2026-10-04T13:00:00+00:00,787.70595,790.6988135,2.693000377,2121.29242,789.5145417,4.870538153,10,212.129242,2.337854542,4.250421236,0,-10.39763713,stop,"VWAP sapma-dönüş (kaynak kuralları): kümülatif VWAP=777.049 (300 bar), σ=1.88606; bu bar +6.09σ ile bandın dışında kapandı ve kapanış short yönünde döndü; stop 1.5×0.5σ (789.515), hedef VWAP mesafesinin %50'i (782.574); yönetim: breakeven 1R, kısmi %50 @ 1.5R, takip geri verme %50 | arm=vwap_revert_src | combo=band0_tp0 | combo_r=-0.4668 | combo_n=7 | pick=exploit",
vwap_clone,SOL-USDT-SWAP,short,2026-10-04T12:45:00+00:00,2026-10-04T13:30:00+00:00,121.369285,121.7886404,17.44965258,2117.851857,121.6062311,4.1346263,10,211.7851857,2.333661726,4.242435382,0,-9.651267752,stop,"VWAP sapma-dönüş (kaynak kuralları): kümülatif VWAP=119.995 (300 bar), σ=0.176231; bu bar +8.26σ ile bandın dışında kapandı ve kapanış short yönünde döndü; stop 2×0.5σ (121.606), hedef VWAP mesafesinin %100'i (119.995); yönetim: breakeven 1R, kısmi %50 @ 1.5R, takip geri verme %50 | arm=vwap_revert_src | combo=band1_tp2 | combo_r=-0.3501 | combo_n=16 | pick=explore",
vwap_clone,ADA-USDT-SWAP,long,2026-10-04T09:00:00+00:00,2026-10-04T13:45:00+00:00,0.2447223,0.2445999389,8718.975794,2133.72781,0.2435203131,10.4800946,10,213.372781,2.346513816,2.133194645,0,-3.413377721,stop,"VWAP sapma-dönüş (kaynak kuralları): kümülatif VWAP=0.247367 (300 bar), σ=0.00094375; bu bar -2.83σ ile bandın dışında kapandı ve kapanış long yönünde döndü; stop 2.5×0.5σ (0.24352), hedef VWAP mesafesinin %100'i (0.247367); yönetim: breakeven 1R, kısmi %50 @ 1.5R, takip geri verme %50 | arm=vwap_revert_src | combo=band2_tp2 | combo_r=0.6816 | combo_n=11 | pick=exploit",exit_rule=breakeven
vwap_clone,DOGE-USDT-SWAP,long,2026-10-04T13:15:00+00:00,2026-10-04T13:45:00+00:00,0.09348672,0.093423265,22554.07008,2108.506035,0.09330825388,4.025137373,10,210.8506035,2.318569495,2.107790619,0,-3.749738012,stop,"VWAP sapma-dönüş (kaynak kuralları): kümülatif VWAP=0.0941605 (300 bar), σ=0.000131746; bu bar -5.67σ ile bandın dışında kapandı ve kapanış long yönünde döndü; stop 2×0.5σ (0.0933083), hedef VWAP mesafesinin %75'i (0.0939804); yönetim: breakeven 1R, kısmi %50 @ 1.5R, takip geri verme %50 | arm=vwap_revert_src | combo=band1_tp1 | combo_r=0.3049 | combo_n=4 | pick=explore",exit_rule=breakeven
vwap_clone,ETHFI-USDT-SWAP,short,2026-10-04T13:15:00+00:00,2026-10-04T13:45:00+00:00,0.73963,0.7457501446,2849.261566,2107.399332,0.7446331949,14.2554108,10,210.7399332,2.327730107,4.236708894,0,-19.76562302,stop,"VWAP sapma-dönüş (kaynak kuralları): kümülatif VWAP=0.725639 (300 bar), σ=0.00463319; bu bar +3.19σ ile bandın dışında kapandı ve kapanış short yönünde döndü; stop 2×0.5σ (0.744633), hedef VWAP mesafesinin %100'i (0.725639); yönetim: breakeven 1R, kısmi %50 @ 1.5R, takip geri verme %50 | arm=vwap_revert_src | combo=band1_tp2 | combo_r=-0.5482 | combo_n=7 | pick=explore",
vwap_clone,DOGE-USDT-SWAP,long,2026-10-04T14:00:00+00:00,2026-10-04T14:00:00+00:00,0.09356676,0.09336457456,22345.09594,2090.758229,0.0934112802,3.474211024,10,209.0758229,2.297349233,2.088498695,0,-6.815202266,stop,"VWAP sapma-dönüş (kaynak kuralları): kümülatif VWAP=0.0941547 (300 bar), σ=0.00010872; bu bar -5.78σ ile bandın dışında kapandı ve kapanış long yönünde döndü; stop 2×0.5σ (0.0934113), hedef VWAP mesafesinin %75'i (0.0939961); yönetim: breakeven 1R, kısmi %50 @ 1.5R, takip geri verme %50 | arm=vwap_revert_src | combo=band1_tp1 | combo_r=0.05757 | combo_n=5 | pick=explore",
vwap_clone,ETH-USDT-SWAP,long,2026-10-04T13:15:00+00:00,2026-10-04T14:15:00+00:00,2697.7482,2692.426628,0.781990446,2109.613318,2693.773515,3.108166044,10,210.9613318,2.31828587,2.107532095,0,-6.47970449,stop,"VWAP sapma-dönüş (kaynak kuralları): kümülatif VWAP=2705.72 (300 bar), σ=2.10119; bu bar -4.93σ ile bandın dışında kapandı ve kapanış long yönünde döndü; stop 2.5×0.5σ (2693.77), hedef VWAP mesafesinin %50'i (2701.06); yönetim: breakeven 1R, kısmi %50 @ 1.5R, takip geri verme %50 | arm=vwap_revert_src | combo=band2_tp0 | combo_r=-0.1062 | combo_n=11 | pick=exploit",
vwap_clone,BNB-USDT-SWAP,short,2026-10-04T13:45:00+00:00,2026-10-04T14:15:00+00:00,789.2052,786.0208583,1.333006351,1052.015544,791.5899705,3.178914187,10,105.2015544,1.154882487,1.049894493,0,3.089865208,partial,"VWAP sapma-dönüş (kaynak kuralları): kümülatif VWAP=777.321 (300 bar), σ=1.98997; bu bar +6.20σ ile bandın dışında kapandı ve kapanış short yönünde döndü; stop 2×0.5σ (791.59), hedef VWAP mesafesinin %50'i (783.461); yönetim: breakeven 1R, kısmi %50 @ 1.5R, takip geri verme %50 | arm=vwap_revert_src | combo=band1_tp0 | combo_r=-0.6692 | combo_n=15 | pick=exploit",
vwap_clone,SOL-USDT-SWAP,short,2026-10-04T14:15:00+00:00,2026-10-04T14:15:00+00:00,121.5392,121.2530111,8.584849926,1043.395792,121.7703901,1.984732323,10,104.3395792,1.146384082,1.042168222,0,1.310505056,partial,"VWAP sapma-dönüş (kaynak kuralları): kümülatif VWAP=120.077 (300 bar), σ=0.136312; bu bar +11.29σ ile bandın dışında kapandı ve kapanış short yönünde döndü; stop 2.5×0.5σ (121.77), hedef VWAP mesafesinin %100'i (120.077); yönetim: breakeven 1R, kısmi %50 @ 1.5R, takip geri verme %50 | arm=vwap_revert_src | combo=band2_tp2 | combo_r=-0.2203 | combo_n=29 | pick=exploit",
vwap_clone,BNB-USDT-SWAP,short,2026-10-04T13:45:00+00:00,2026-10-04T14:30:00+00:00,789.2052,787.88005,1.333006351,1052.015544,791.5899705,3.178914187,10,105.2015544,1.15624556,2.099285051,0,0.610187806,stop,"VWAP sapma-dönüş (kaynak kuralları): kümülatif VWAP=777.321 (300 bar), σ=1.98997; bu bar +6.20σ ile bandın dışında kapandı ve kapanış short yönünde döndü; stop 2×0.5σ (791.59), hedef VWAP mesafesinin %50'i (783.461); yönetim: breakeven 1R, kısmi %50 @ 1.5R, takip geri verme %50 | arm=vwap_revert_src | combo=band1_tp0 | combo_r=-0.6692 | combo_n=15 | pick=exploit",exit_rule=partial
vwap_clone,SOL-USDT-SWAP,short,2026-10-04T14:15:00+00:00,2026-10-04T14:30:00+00:00,121.5392,121.632175,8.584849926,1043.395792,121.7703901,1.984732323,10,104.3395792,1.148174368,2.085903911,0,-1.94635079,stop,"VWAP sapma-dönüş (kaynak kuralları): kümülatif VWAP=120.077 (300 bar), σ=0.136312; bu bar +11.29σ ile bandın dışında kapandı ve kapanış short yönünde döndü; stop 2.5×0.5σ (121.77), hedef VWAP mesafesinin %100'i (120.077); yönetim: breakeven 1R, kısmi %50 @ 1.5R, takip geri verme %50 | arm=vwap_revert_src | combo=band2_tp2 | combo_r=-0.2203 | combo_n=29 | pick=exploit",exit_rule=partial
vwap_clone,ETHFI-USDT-SWAP,short,2026-10-04T14:15:00+00:00,2026-10-04T14:30:00+00:00,0.74072945,0.749674295,2815.732192,2085.695758,0.7485514678,22.02470723,10,208.5695758,2.308117792,4.204950261,0,-27.49440572,stop,"VWAP sapma-dönüş (kaynak kuralları): kümülatif VWAP=0.725581 (300 bar), σ=0.00596117; bu bar +2.63σ ile bandın dışında kapandı ve kapanış short yönünde döndü; stop 2.5×0.5σ (0.748551), hedef VWAP mesafesinin %75'i (0.729461); yönetim: breakeven 1R, kısmi %50 @ 1.5R, takip geri verme %50 | arm=vwap_revert_src | combo=band2_tp1 | combo_r=0.4225 | combo_n=40 | pick=exploit",
vwap_clone,DOGE-USDT-SWAP,long,2026-10-04T14:30:00+00:00,2026-10-04T14:30:00+00:00,0.093576765,0.09369521009,11139.49359,1042.397774,0.09346655425,1.227691993,10,104.2397774,1.147363232,1.043058074,0,0.172055102,partial,"VWAP sapma-dönüş (kaynak kuralları): kümülatif VWAP=0.0941503 (300 bar), σ=8.45943e-05; bu bar -7.73σ ile bandın dışında kapandı ve kapanış long yönünde döndü; stop 1.5×0.5σ (0.0934666), hedef VWAP mesafesinin %75'i (0.0939952); yönetim: breakeven 1R, kısmi %50 @ 1.5R, takip geri verme %50 | arm=vwap_revert_src | combo=band0_tp1 | combo_r=-0.1489 | combo_n=4 | pick=explore",
vwap_clone,DOGE-USDT-SWAP,long,2026-10-04T14:30:00+00:00,2026-10-04T14:45:00+00:00,0.093576765,0.093683135,11139.49359,1042.397774,0.09346655425,1.227691993,10,104.2397774,1.147289251,1.042990785,0,0.03761868254,stop,"VWAP sapma-dönüş (kaynak kuralları): kümülatif VWAP=0.0941503 (300 bar), σ=8.45943e-05; bu bar -7.73σ ile bandın dışında kapandı ve kapanış long yönünde döndü; stop 1.5×0.5σ (0.0934666), hedef VWAP mesafesinin %75'i (0.0939952); yönetim: breakeven 1R, kısmi %50 @ 1.5R, takip geri verme %50 | arm=vwap_revert_src | combo=band0_tp1 | combo_r=-0.1489 | combo_n=4 | pick=explore",exit_rule=partial
vwap_clone,SOL-USDT-SWAP,short,2026-10-04T14:45:00+00:00,2026-10-04T14:45:00+00:00,121.29932,121.7046741,17.12424327,2077.159065,121.5223905,3.819912954,10,207.7159065,2.288692731,4.160567548,0,-9.230074151,stop,"VWAP sapma-dönüş (kaynak kuralları): kümülatif VWAP=120.097 (300 bar), σ=0.121912; bu bar +11.15σ ile bandın dışında kapandı ve kapanış short yönünde döndü; stop 2.5×0.5σ (121.522), hedef VWAP mesafesinin %100'i (120.097); yönetim: breakeven 1R, kısmi %50 @ 1.5R, takip geri verme %50 | arm=vwap_revert_src | combo=band2_tp2 | combo_r=-0.2164 | combo_n=31 | pick=exploit",
vwap_clone,ADA-USDT-SWAP,long,2026-10-04T14:45:00+00:00,2026-10-04T14:45:00+00:00,0.2455227,0.2448235992,8451.267849,2074.978101,0.2449460723,4.873235532,10,207.4978101,2.279226352,2.072022998,0,-8.187514317,stop,"VWAP sapma-dönüş (kaynak kuralları): kümülatif VWAP=0.247187 (300 bar), σ=0.000283142; bu bar -6.43σ ile bandın dışında kapandı ve kapanış long yönünde döndü; stop 2.5×0.5σ (0.244946), hedef VWAP mesafesinin %100'i (0.247187); yönetim: breakeven 1R, kısmi %50 @ 1.5R, takip geri verme %50 | arm=vwap_revert_src | combo=band2_tp2 | combo_r=0.5976 | combo_n=12 | pick=exploit",
vwap_clone,PENGU-USDT-SWAP,long,2026-10-04T14:00:00+00:00,2026-10-04T15:00:00+00:00,0.0092046,0.009297025277,113511.7682,1044.830421,0.00913988259,7.346187612,10,104.4830421,1.155083709,1.050078985,0,9.336272857,partial,"VWAP sapma-dönüş (kaynak kuralları): kümülatif VWAP=0.00933162 (300 bar), σ=4.88939e-05; bu bar -2.58σ ile bandın dışında kapandı ve kapanış long yönünde döndü; stop 2.5×0.5σ (0.00913988), hedef VWAP mesafesinin %75'i (0.00929896); yönetim: breakeven 1R, kısmi %50 @ 1.5R, takip geri verme %50 | arm=vwap_revert_src | combo=band2_tp1 | combo_r=0.5158 | combo_n=24 | pick=exploit",
vwap_clone,PENGU-USDT-SWAP,long,2026-10-04T14:00:00+00:00,2026-10-04T15:00:00+00:00,0.0092046,0.009294315388,113511.7682,1044.830421,0.00913988259,7.346187612,10,104.4830421,1.154914527,1.049925106,0,9.028837752,tp,"VWAP sapma-dönüş (kaynak kuralları): kümülatif VWAP=0.00933162 (300 bar), σ=4.88939e-05; bu bar -2.58σ ile bandın dışında kapandı ve kapanış long yönünde döndü; stop 2.5×0.5σ (0.00913988), hedef VWAP mesafesinin %75'i (0.00929896); yönetim: breakeven 1R, kısmi %50 @ 1.5R, takip geri verme %50 | arm=vwap_revert_src | combo=band2_tp1 | combo_r=0.5158 | combo_n=24 | pick=exploit",
vwap_clone,ADA-USDT-SWAP,long,2026-10-04T15:00:00+00:00,2026-10-04T15:00:00+00:00,0.2457228,0.2463956066,4208.414138,1034.103306,0.2451920893,2.233450406,10,103.4103306,1.139070933,1.035519997,0,1.692377936,partial,"VWAP sapma-dönüş (kaynak kuralları): kümülatif VWAP=0.247168 (300 bar), σ=0.000307911; bu bar -5.64σ ile bandın dışında kapandı ve kapanış long yönünde döndü; stop 2×0.5σ (0.245192), hedef VWAP mesafesinin %75'i (0.246751); yönetim: breakeven 1R, kısmi %50 @ 1.5R, takip geri verme %50 | arm=vwap_revert_src | combo=band1_tp1 | combo_r=-0.1428 | combo_n=113 | pick=explore",
vwap_clone,ADA-USDT-SWAP,long,2026-10-04T15:00:00+00:00,2026-10-04T15:00:00+00:00,0.2457228,0.246627953,4208.414138,1034.103306,0.2451920893,2.233450406,10,103.4103306,1.139608728,1.036009146,0,2.669649808,tp,"VWAP sapma-dönüş (kaynak kuralları): kümülatif VWAP=0.247168 (300 bar), σ=0.000307911; bu bar -5.64σ ile bandın dışında kapandı ve kapanış long yönünde döndü; stop 2×0.5σ (0.245192), hedef VWAP mesafesinin %75'i (0.246751); yönetim: breakeven 1R, kısmi %50 @ 1.5R, takip geri verme %50 | arm=vwap_revert_src | combo=band1_tp1 | combo_r=-0.1428 | combo_n=113 | pick=explore",
vwap_clone,BNB-USDT-SWAP,short,2026-10-04T14:45:00+00:00,2026-10-04T15:15:00+00:00,785.8069,789.0109965,2.641957326,2076.068296,787.8292526,5.342969305,10,207.6068296,2.288330923,4.160670323,0,-10.75341713,stop,"VWAP sapma-dönüş (kaynak kuralları): kümülatif VWAP=777.45 (300 bar), σ=1.52925; bu bar +5.96σ ile bandın dışında kapandı ve kapanış short yönünde döndü; stop 2×0.5σ (787.829), hedef VWAP mesafesinin %50'i (781.875); yönetim: breakeven 1R, kısmi %50 @ 1.5R, takip geri verme %50 | arm=vwap_revert_src | combo=band1_tp0 | combo_r=-0.522 | combo_n=17 | pick=exploit",
vwap_clone,ETH-USDT-SWAP,long,2026-10-04T15:00:00+00:00,2026-10-04T15:15:00+00:00,2697.758205,2699.752973,0.7670415857,2069.292731,2693.659798,3.143648428,10,206.9292731,2.277063543,2.070058666,0,-0.7469934434,tp,"VWAP sapma-dönüş (kaynak kuralları): kümülatif VWAP=2705.8 (300 bar), σ=2.7502; bu bar -4.08σ ile bandın dışında kapandı ve kapanış long yönünde döndü; stop 2×0.5σ (2693.66), hedef VWAP mesafesinin %50'i (2701.1); yönetim: breakeven 1R, kısmi %50 @ 1.5R, takip geri verme %50 | arm=vwap_revert_src | combo=band1_tp0 | combo_r=-0.5561 | combo_n=5 | pick=explore",
vwap_clone,XRP-USDT-SWAP,short,2026-10-04T15:30:00+00:00,2026-10-04T16:00:00+00:00,1.5038477,1.501669541,1378.833638,2073.555796,1.507028559,4.385875757,10,207.3555796,2.27925955,2.072055406,0.2073765792,0.931435369,tp,"VWAP sapma-dönüş (kaynak kuralları): kümülatif VWAP=1.49973 (300 bar), σ=0.00202285; bu bar +2.99σ ile bandın dışında kapandı ve kapanış short yönünde döndü; stop 2.5×0.5σ (1.50703), hedef VWAP mesafesinin %75'i (1.50092); yönetim: breakeven 1R, kısmi %50 @ 1.5R, takip geri verme %50 | arm=vwap_revert_src | combo=band2_tp1 | combo_r=0.2156 | combo_n=27 | pick=exploit",
vwap_clone,ETH-USDT-SWAP,long,2026-10-04T16:00:00+00:00,2026-10-04T16:00:00+00:00,2698.778715,2693.425644,0.7692623312,2076.068806,2694.773031,3.081422067,10,207.6068806,2.281410833,2.074009337,0,-6.399326591,stop,"VWAP sapma-dönüş (kaynak kuralları): kümülatif VWAP=2705.87 (300 bar), σ=2.12558; bu bar -3.65σ ile bandın dışında kapandı ve kapanış long yönünde döndü; stop 2.5×0.5σ (2694.77), hedef VWAP mesafesinin %50'i (2701.65); yönetim: breakeven 1R, kısmi %50 @ 1.5R, takip geri verme %50 | arm=vwap_revert_src | combo=band2_tp0 | combo_r=-0.2711 | combo_n=12 | pick=exploit",
vwap_clone,SOL-USDT-SWAP,short,2026-10-04T15:30:00+00:00,2026-10-04T16:15:00+00:00,121.61916,121.8015887,17.05853949,2074.645244,121.8398799,3.765158593,10,207.4645244,2.283821351,4.149809409,0.2073124305,-5.188476786,stop,"VWAP sapma-dönüş (kaynak kuralları): kümülatif VWAP=120.139 (300 bar), σ=0.16988; bu bar +9.50σ ile bandın dışında kapandı ve kapanış short yönünde döndü; stop 2×0.5σ (121.84), hedef VWAP mesafesinin %50'i (120.904); yönetim: breakeven 1R, kısmi %50 @ 1.5R, takip geri verme %50 | arm=vwap_revert_src | combo=band1_tp0 | combo_r=-1.3 | combo_n=6 | pick=explore",exit_rule=breakeven
vwap_clone,ETH-USDT-SWAP,long,2026-10-04T16:15:00+00:00,2026-10-04T16:15:00+00:00,2700.339495,2695.05877,0.766152185,2068.871004,2696.406974,3.012909786,10,206.8871004,2.273532893,2.06684759,0,-6.319371727,stop,"VWAP sapma-dönüş (kaynak kuralları): kümülatif VWAP=2706 (300 bar), σ=2.06642; bu bar -4.08σ ile bandın dışında kapandı ve kapanış long yönünde döndü; stop 2.5×0.5σ (2696.41), hedef VWAP mesafesinin %75'i (2704.25); yönetim: breakeven 1R, kısmi %50 @ 1.5R, takip geri verme %50 | arm=vwap_revert_src | combo=band2_tp1 | combo_r=-0.274 | combo_n=53 | pick=exploit",
vwap_clone,PENGU-USDT-SWAP,long,2026-10-04T16:15:00+00:00,2026-10-04T16:15:00+00:00,0.009250623,0.00920782942,223411.8999,2066.69926,0.009212435638,8.531511091,10,206.669926,2.268110859,2.061917088,0,-11.82870582,stop,"VWAP sapma-dönüş (kaynak kuralları): kümülatif VWAP=0.00931948 (300 bar), σ=2.60515e-05; bu bar -3.33σ ile bandın dışında kapandı ve kapanış long yönünde döndü; stop 2.5×0.5σ (0.00921244), hedef VWAP mesafesinin %75'i (0.00930086); yönetim: breakeven 1R, kısmi %50 @ 1.5R, takip geri verme %50 | arm=vwap_revert_src | combo=band2_tp1 | combo_r=0.5723 | combo_n=26 | pick=exploit",
vwap_clone,SOL-USDT-SWAP,short,2026-10-04T16:30:00+00:00,2026-10-04T16:30:00+00:00,121.39927,121.8391021,16.97935726,2061.281576,121.6566171,4.369588764,10,206.1281576,2.27151717,4.129633114,0,-9.739582682,stop,"VWAP sapma-dönüş (kaynak kuralları): kümülatif VWAP=120.212 (300 bar), σ=0.157294; bu bar +8.15σ ile bandın dışında kapandı ve kapanış short yönünde döndü; stop 2.5×0.5σ (121.657), hedef VWAP mesafesinin %100'i (120.212); yönetim: breakeven 1R, kısmi %50 @ 1.5R, takip geri verme %50 | arm=vwap_revert_src | combo=band2_tp2 | combo_r=-0.2852 | combo_n=32 | pick=explore",
vwap_clone,AVAX-USDT-SWAP,short,2026-10-04T16:15:00+00:00,2026-10-04T16:45:00+00:00,11.0694625,11.12465463,186.8008592,2067.785106,11.10799264,7.197463008,10,206.7785106,2.280234081,4.146883611,0,-12.59017094,stop,"VWAP sapma-dönüş (kaynak kuralları): kümülatif VWAP=10.9659 (300 bar), σ=0.0413235; bu bar +2.51σ ile bandın dışında kapandı ve kapanış short yönünde döndü; stop 1.5×0.5σ (11.108), hedef VWAP mesafesinin %75'i (10.9937); yönetim: breakeven 1R, kısmi %50 @ 1.5R, takip geri verme %50 | arm=vwap_revert_src | combo=band0_tp1 | combo_r=-0.0832 | combo_n=17 | pick=explore",
vwap_clone,ETH-USDT-SWAP,long,2026-10-04T16:45:00+00:00,2026-10-04T16:45:00+00:00,2703.93129,2703.949906,0.7614323871,2058.860857,2700.211394,2.832449429,10,205.8860857,2.264754739,2.058868462,0,-2.250579862,tp,"VWAP sapma-dönüş (kaynak kuralları): kümülatif VWAP=2706.21 (300 bar), σ=1.89488; bu bar -2.74σ ile bandın dışında kapandı ve kapanış long yönünde döndü; stop 2.5×0.5σ (2700.21), hedef VWAP mesafesinin %75'i (2705.3); yönetim: breakeven 1R, kısmi %50 @ 1.5R, takip geri verme %50 | arm=vwap_revert_src | combo=band2_tp1 | combo_r=-0.3078 | combo_n=54 | pick=exploit",
vwap_clone,PENGU-USDT-SWAP,long,2026-10-04T16:45:00+00:00,2026-10-04T16:45:00+00:00,0.0092536245,0.009287491979,111187.7952,1028.890106,0.009227948801,2.854824336,10,102.8890106,1.133850224,1.03077413,0,2.631800109,partial,"VWAP sapma-dönüş (kaynak kuralları): kümülatif VWAP=0.0093178 (300 bar), σ=2.10512e-05; bu bar -3.63σ ile bandın dışında kapandı ve kapanış long yönünde döndü; stop 2×0.5σ (0.00922795), hedef VWAP mesafesinin %50'i (0.0092834); yönetim: breakeven 1R, kısmi %50 @ 1.5R, takip geri verme %50 | arm=vwap_revert_src | combo=band1_tp0 | combo_r=-0.542 | combo_n=138 | pick=explore",
vwap_clone,PENGU-USDT-SWAP,long,2026-10-04T16:45:00+00:00,2026-10-04T16:45:00+00:00,0.0092536245,0.009278760354,111187.7952,1028.890106,0.009227948801,2.854824336,10,102.8890106,1.133316257,1.030288462,0,1.661483983,tp,"VWAP sapma-dönüş (kaynak kuralları): kümülatif VWAP=0.0093178 (300 bar), σ=2.10512e-05; bu bar -3.63σ ile bandın dışında kapandı ve kapanış long yönünde döndü; stop 2×0.5σ (0.00922795), hedef VWAP mesafesinin %50'i (0.0092834); yönetim: breakeven 1R, kısmi %50 @ 1.5R, takip geri verme %50 | arm=vwap_revert_src | combo=band1_tp0 | combo_r=-0.542 | combo_n=138 | pick=explore",
vwap_clone,ETHFI-USDT-SWAP,short,2026-10-04T15:15:00+00:00,2026-10-04T19:15:00+00:00,0.753623,0.7376386848,1375.027969,1036.252703,0.7645249668,14.99050932,10,103.6252703,1.127789589,1.025269014,0.05146729687,20.90255822,partial,"VWAP sapma-dönüş (kaynak kuralları): kümülatif VWAP=0.726077 (300 bar), σ=0.00841997; bu bar +3.51σ ile bandın dışında kapandı ve kapanış short yönünde döndü; stop 2.5×0.5σ (0.764525), hedef VWAP mesafesinin %75'i (0.733058); yönetim: breakeven 1R, kısmi %50 @ 1.5R, takip geri verme %50 | arm=vwap_revert_src | combo=band2_tp1 | combo_r=0.3818 | combo_n=41 | pick=exploit",
vwap_clone,ETHFI-USDT-SWAP,short,2026-10-04T15:15:00+00:00,2026-10-04T19:30:00+00:00,0.753623,0.739107,1375.027969,1036.252703,0.7645249668,14.99050932,10,103.6252703,1.128900025,2.040541506,0.05146729687,18.88247327,stop,"VWAP sapma-dönüş (kaynak kuralları): kümülatif VWAP=0.726077 (300 bar), σ=0.00841997; bu bar +3.51σ ile bandın dışında kapandı ve kapanış short yönünde döndü; stop 2.5×0.5σ (0.764525), hedef VWAP mesafesinin %75'i (0.733058); yönetim: breakeven 1R, kısmi %50 @ 1.5R, takip geri verme %50 | arm=vwap_revert_src | combo=band2_tp1 | combo_r=0.3818 | combo_n=41 | pick=exploit",exit_rule=partial
vwap_clone,BNB-USDT-SWAP,short,2026-10-04T17:00:00+00:00,2026-10-04T20:00:00+00:00,787.90585,790.6969563,2.608831465,2055.513573,789.5126872,4.191967535,10,205.5513573,2.265069769,4.117829233,0,-9.546595616,stop,"VWAP sapma-dönüş (kaynak kuralları): kümülatif VWAP=777.849 (300 bar), σ=1.11269; bu bar +9.54σ ile bandın dışında kapandı ve kapanış short yönünde döndü; stop 2×0.5σ (789.513), hedef VWAP mesafesinin %50'i (783.124); yönetim: breakeven 1R, kısmi %50 @ 1.5R, takip geri verme %50 | arm=vwap_revert_src | combo=band1_tp0 | combo_r=-0.6048 | combo_n=18 | pick=exploit",
vwap_clone,ETH-USDT-SWAP,long,2026-10-04T19:15:00+00:00,2026-10-04T20:00:00+00:00,2702.09037,2697.345767,0.7633716343,2062.699142,2698.695114,2.591841844,10,206.2699142,2.266977014,2.060887804,0,-5.888872508,stop,"VWAP sapma-dönüş (kaynak kuralları): kümülatif VWAP=2707.81 (300 bar), σ=2.72651; bu bar -2.52σ ile bandın dışında kapandı ve kapanış long yönünde döndü; stop 1.5×0.5σ (2698.7), hedef VWAP mesafesinin %100'i (2707.81); yönetim: breakeven 1R, kısmi %50 @ 1.5R, takip geri verme %50 | arm=vwap_revert_src | combo=band0_tp2 | combo_r=-0.9039 | combo_n=5 | pick=explore",
vwap_clone,SOL-USDT-SWAP,short,2026-10-04T19:45:00+00:00,2026-10-04T20:00:00+00:00,121.289325,120.9794064,8.49340139,1030.158922,121.5362437,2.09717968,10,103.0158922,1.131727069,1.028843705,0,1.500535875,partial,"VWAP sapma-dönüş (kaynak kuralları): kümülatif VWAP=120.448 (300 bar), σ=0.148995; bu bar +6.12σ ile bandın dışında kapandı ve kapanış short yönünde döndü; stop 2.5×0.5σ (121.536), hedef VWAP mesafesinin %75'i (120.674); yönetim: breakeven 1R, kısmi %50 @ 1.5R, takip geri verme %50 | arm=vwap_revert_src | combo=band2_tp1 | combo_r=-0.2448 | combo_n=25 | pick=exploit",
vwap_clone,SOL-USDT-SWAP,short,2026-10-04T19:45:00+00:00,2026-10-04T20:00:00+00:00,121.289325,120.7338713,8.49340139,1030.158922,121.5362437,2.09717968,10,103.0158922,1.130580084,1.027801512,0,3.587111153,tp,"VWAP sapma-dönüş (kaynak kuralları): kümülatif VWAP=120.448 (300 bar), σ=0.148995; bu bar +6.12σ ile bandın dışında kapandı ve kapanış short yönünde döndü; stop 2.5×0.5σ (121.536), hedef VWAP mesafesinin %75'i (120.674); yönetim: breakeven 1R, kısmi %50 @ 1.5R, takip geri verme %50 | arm=vwap_revert_src | combo=band2_tp1 | combo_r=-0.2448 | combo_n=25 | pick=exploit",
vwap_clone,SOL-USDT-SWAP,short,2026-10-04T20:15:00+00:00,2026-10-04T20:30:00+00:00,120.79957,121.2051941,17.02753021,2056.918327,121.0236586,3.815676247,10,205.6918327,2.266408887,4.120074655,0,-9.173186139,stop,"VWAP sapma-dönüş (kaynak kuralları): kümülatif VWAP=120.476 (300 bar), σ=0.218212; bu bar +1.61σ ile bandın dışında kapandı ve kapanış short yönünde döndü; stop 1.5×0.5σ (121.024), hedef VWAP mesafesinin %100'i (120.476); yönetim: breakeven 1R, kısmi %50 @ 1.5R, takip geri verme %50 | arm=vwap_revert_src | combo=band0_tp2 | combo_r=-0.5978 | combo_n=6 | pick=explore",
vwap_clone,ETH-USDT-SWAP,long,2026-10-04T20:30:00+00:00,2026-10-04T21:00:00+00:00,2702.180415,2706.20208,0.3817599537,1031.58427,2698.596787,1.368085839,10,103.158427,1.135587118,1.032352567,0,0.3997234413,partial,"VWAP sapma-dönüş (kaynak kuralları): kümülatif VWAP=2708.37 (300 bar), σ=1.78657; bu bar -4.28σ ile bandın dışında kapandı ve kapanış long yönünde döndü; stop 2.5×0.5σ (2698.6), hedef VWAP mesafesinin %75'i (2706.49); yönetim: breakeven 1R, kısmi %50 @ 1.5R, takip geri verme %50 | arm=vwap_revert_src | combo=band2_tp1 | combo_r=-0.3166 | combo_n=55 | pick=exploit",
vwap_clone,ETH-USDT-SWAP,long,2026-10-04T20:30:00+00:00,2026-10-04T21:00:00+00:00,2702.180415,2705.134431,0.3817599537,1031.58427,2698.596787,1.368085839,10,103.158427,1.135362946,1.032148673,0,-0.007637763854,tp,"VWAP sapma-dönüş (kaynak kuralları): kümülatif VWAP=2708.37 (300 bar), σ=1.78657; bu bar -4.28σ ile bandın dışında kapandı ve kapanış long yönünde döndü; stop 2.5×0.5σ (2698.6), hedef VWAP mesafesinin %75'i (2706.49); yönetim: breakeven 1R, kısmi %50 @ 1.5R, takip geri verme %50 | arm=vwap_revert_src | combo=band2_tp1 | combo_r=-0.3166 | combo_n=55 | pick=exploit",
vwap_clone,DOGE-USDT-SWAP,short,2026-10-04T20:45:00+00:00,2026-10-04T21:00:00+00:00,0.095362295,0.09616123145,21603.72724,2060.181011,0.09601720564,14.14851077,10,206.0181011,2.275692114,4.14210009,0,-19.53569717,stop,"VWAP sapma-dönüş (kaynak kuralları): kümülatif VWAP=0.0942192 (300 bar), σ=0.000477765; bu bar +2.66σ ile bandın dışında kapandı ve kapanış short yönünde döndü; stop 2.5×0.5σ (0.0960172), hedef VWAP mesafesinin %50'i (0.0948196); yönetim: breakeven 1R, kısmi %50 @ 1.5R, takip geri verme %50 | arm=vwap_revert_src | combo=band2_tp0 | combo_r=-0.4564 | combo_n=78 | pick=explore",
vwap_clone,ADA-USDT-SWAP,short,2026-10-04T20:15:00+00:00,2026-10-04T21:45:00+00:00,0.25177405,0.2542090176,8165.409373,2055.838188,0.2538282751,16.77358921,10,205.5838188,2.272357385,4.137350976,0,-22.15486426,stop,"VWAP sapma-dönüş (kaynak kuralları): kümülatif VWAP=0.247956 (300 bar), σ=0.0024377; bu bar +1.65σ ile bandın dışında kapandı ve kapanış short yönünde döndü; stop 1.5×0.5σ (0.253828), hedef VWAP mesafesinin %75'i (0.248967); yönetim: breakeven 1R, kısmi %50 @ 1.5R, takip geri verme %50 | arm=vwap_revert_src | combo=band0_tp1 | combo_r=-0.7247 | combo_n=7 | pick=explore",
vwap_clone,ETHFI-USDT-SWAP,short,2026-10-04T21:15:00+00:00,2026-10-04T21:45:00+00:00,0.7398299,0.7359675744,1383.631133,1023.651682,0.7426499836,3.901955531,10,102.3651682,1.123077632,1.020981257,0,4.22095629,partial,"VWAP sapma-dönüş (kaynak kuralları): kümülatif VWAP=0.726154 (300 bar), σ=0.00326664; bu bar +4.57σ ile bandın dışında kapandı ve kapanış short yönünde döndü; stop 1.5×0.5σ (0.74265), hedef VWAP mesafesinin %75'i (0.729665); yönetim: breakeven 1R, kısmi %50 @ 1.5R, takip geri verme %50 | arm=vwap_revert_src | combo=band0_tp1 | combo_r=-0.02924 | combo_n=4 | pick=explore",
vwap_clone,AVAX-USDT-SWAP,short,2026-10-04T17:00:00+00:00,2026-10-04T22:00:00+00:00,11.070462,11.08706769,185.5779977,2054.434171,11.12361157,9.863391631,10,205.4434171,2.261572497,4.109382208,0,-5.343223754,stop,"VWAP sapma-dönüş (kaynak kuralları): kümülatif VWAP=10.9668 (300 bar), σ=0.0476116; bu bar +2.67σ ile bandın dışında kapandı ve kapanış short yönünde döndü; stop 2×0.5σ (11.1236), hedef VWAP mesafesinin %100'i (10.9668); yönetim: breakeven 1R, kısmi %50 @ 1.5R, takip geri verme %50 | arm=vwap_revert_src | combo=band1_tp2 | combo_r=0.4865 | combo_n=37 | pick=exploit",exit_rule=breakeven
vwap_clone,ETHFI-USDT-SWAP,short,2026-10-04T21:15:00+00:00,2026-10-04T22:00:00+00:00,0.7398299,0.73700385,1383.631133,1023.651682,0.7426499836,3.901955531,10,102.3651682,1.123866235,2.039403108,0,2.786344527,stop,"VWAP sapma-dönüş (kaynak kuralları): kümülatif VWAP=0.726154 (300 bar), σ=0.00326664; bu bar +4.57σ ile bandın dışında kapandı ve kapanış short yönünde döndü; stop 1.5×0.5σ (0.74265), hedef VWAP mesafesinin %75'i (0.729665); yönetim: breakeven 1R, kısmi %50 @ 1.5R, takip geri verme %50 | arm=vwap_revert_src | combo=band0_tp1 | combo_r=-0.02924 | combo_n=4 | pick=explore",exit_rule=partial
vwap_clone,SOL-USDT-SWAP,short,2026-10-04T22:00:00+00:00,2026-10-04T22:00:00+00:00,121.109415,121.6549949,16.86830907,2042.911044,121.4727857,6.129450104,10,204.2911044,2.252263804,4.095527246,0,-11.45527465,stop,"VWAP sapma-dönüş (kaynak kuralları): kümülatif VWAP=120.563 (300 bar), σ=0.250229; bu bar +2.59σ ile bandın dışında kapandı ve kapanış short yönünde döndü; stop 2.5×0.5σ (121.473), hedef VWAP mesafesinin %75'i (120.712); yönetim: breakeven 1R, kısmi %50 @ 1.5R, takip geri verme %50 | arm=vwap_revert_src | combo=band2_tp1 | combo_r=-0.1369 | combo_n=27 | pick=exploit",
vwap_clone,BTC-USDT-SWAP,short,2026-10-04T22:30:00+00:00,2026-10-04T23:15:00+00:00,86176.6901,86747.15774,0.02355625259,2029.999879,86617.23189,10.37751362,10,202.9999879,2.240390811,4.076073783,0,-15.67847052,stop,"VWAP sapma-dönüş (kaynak kuralları): kümülatif VWAP=85495 (300 bar), σ=317.946; bu bar +2.75σ ile bandın dışında kapandı ve kapanış short yönünde döndü; stop 2.5×0.5σ (86617.2), hedef VWAP mesafesinin %100'i (85495); yönetim: breakeven 1R, kısmi %50 @ 1.5R, takip geri verme %50 | arm=vwap_revert_src | combo=band2_tp2 | combo_r=-0.524 | combo_n=18 | pick=explore",
vwap_clone,XRP-USDT-SWAP,short,2026-10-04T22:30:00+00:00,2026-10-04T23:15:00+00:00,1.51474225,1.52381527,1338.754782,2027.868431,1.521532971,9.091109728,10,202.7868431,2.237335876,4.069880748,0,-14.38388492,stop,"VWAP sapma-dönüş (kaynak kuralları): kümülatif VWAP=1.50222 (300 bar), σ=0.00482638; bu bar +3.30σ ile bandın dışında kapandı ve kapanış short yönünde döndü; stop 2.5×0.5σ (1.52153), hedef VWAP mesafesinin %75'i (1.50554); yönetim: breakeven 1R, kısmi %50 @ 1.5R, takip geri verme %50 | arm=vwap_revert_src | combo=band2_tp1 | combo_r=0.2155 | combo_n=28 | pick=exploit",
vwap_clone,SOL-USDT-SWAP,short,2026-10-04T22:30:00+00:00,2026-10-05T00:15:00+00:00,121.649145,121.1171131,8.33928539,1014.466938,122.0441851,3.294352346,10,101.4466938,1.11347341,1.012249917,0.1013389961,3.4246314,partial,"VWAP sapma-dönüş (kaynak kuralları): kümülatif VWAP=120.598 (300 bar), σ=0.267348; bu bar +4.81σ ile bandın dışında kapandı ve kapanış short yönünde döndü; stop 2.5×0.5σ (122.044), hedef VWAP mesafesinin %75'i (120.876); yönetim: breakeven 1R, kısmi %50 @ 1.5R, takip geri verme %50 | arm=vwap_revert_src | combo=band2_tp1 | combo_r=-0.1987 | combo_n=28 | pick=exploit",
vwap_clone,SOL-USDT-SWAP,short,2026-10-04T22:30:00+00:00,2026-10-05T00:30:00+00:00,121.649145,121.2381697,8.33928539,1014.466938,122.0441851,3.294352346,10,101.4466938,1.114028649,2.021775326,0.1013389961,2.414550752,stop,"VWAP sapma-dönüş (kaynak kuralları): kümülatif VWAP=120.598 (300 bar), σ=0.267348; bu bar +4.81σ ile bandın dışında kapandı ve kapanış short yönünde döndü; stop 2.5×0.5σ (122.044), hedef VWAP mesafesinin %75'i (120.876); yönetim: breakeven 1R, kısmi %50 @ 1.5R, takip geri verme %50 | arm=vwap_revert_src | combo=band2_tp1 | combo_r=-0.1987 | combo_n=28 | pick=exploit",exit_rule=partial
vwap_clone,BNB-USDT-SWAP,short,2026-10-04T23:30:00+00:00,2026-10-05T01:15:00+00:00,795.30215,798.9096853,2.53162009,2013.4029,797.7131157,6.103649098,10,201.34029,2.21976629,4.036464877,0.2012891133,-11.1513861,stop,"VWAP sapma-dönüş (kaynak kuralları): kümülatif VWAP=779.727 (300 bar), σ=2.55082; bu bar +6.44σ ile bandın dışında kapandı ve kapanış short yönünde döndü; stop 1.5×0.5σ (797.713), hedef VWAP mesafesinin %50'i (787.763); yönetim: breakeven 1R, kısmi %50 @ 1.5R, takip geri verme %50 | arm=vwap_revert_src | combo=band0_tp0 | combo_r=-0.6753 | combo_n=8 | pick=exploit",
vwap_clone,DOGE-USDT-SWAP,short,2026-10-04T23:30:00+00:00,2026-10-05T01:15:00+00:00,0.09617189,0.09704790857,20924.46776,2012.345612,0.09690255474,15.28877076,10,201.2345612,2.223661795,4.048127718,0.2006656458,-20.35321848,stop,"VWAP sapma-dönüş (kaynak kuralları): kümülatif VWAP=0.0943632 (300 bar), σ=0.000554044; bu bar +3.50σ ile bandın dışında kapandı ve kapanış short yönünde döndü; stop 2.5×0.5σ (0.0969026), hedef VWAP mesafesinin %100'i (0.0943632); yönetim: breakeven 1R, kısmi %50 @ 1.5R, takip geri verme %50 | arm=vwap_revert_src | combo=band2_tp2 | combo_r=0.4441 | combo_n=33 | pick=exploit",
vwap_clone,LINK-USDT-SWAP,short,2026-10-05T01:15:00+00:00,2026-10-05T02:00:00+00:00,14.2178875,14.23921433,141.3341574,2009.47315,14.27021818,7.396113054,10,200.947315,2.212078281,4.01944892,0,-5.226288007,stop,"VWAP sapma-dönüş (kaynak kuralları): kümülatif VWAP=14.0583 (300 bar), σ=0.0472182; bu bar +3.38σ ile bandın dışında kapandı ve kapanış short yönünde döndü; stop 2×0.5σ (14.2702), hedef VWAP mesafesinin %100'i (14.0583); yönetim: breakeven 1R, kısmi %50 @ 1.5R, takip geri verme %50 | arm=vwap_revert_src | combo=band1_tp2 | combo_r=-0.2985 | combo_n=14 | pick=explore",exit_rule=breakeven
vwap_clone,ADA-USDT-SWAP,short,2026-10-05T01:30:00+00:00,2026-10-05T02:15:00+00:00,0.26456765,0.2690357748,7558.281589,1999.676798,0.2686328256,30.72574165,10,199.9676798,2.218218718,4.045942378,0,-35.98956418,stop,"VWAP sapma-dönüş (kaynak kuralları): kümülatif VWAP=0.251379 (300 bar), σ=0.00393283; bu bar +3.61σ ile bandın dışında kapandı ve kapanış short yönünde döndü; stop 2×0.5σ (0.268633), hedef VWAP mesafesinin %100'i (0.251379); yönetim: breakeven 1R, kısmi %50 @ 1.5R, takip geri verme %50 | arm=vwap_revert_src | combo=band1_tp2 | combo_r=0.5484 | combo_n=3 | pick=exploit",
vwap_clone,BTC-USDT-SWAP,short,2026-10-05T02:30:00+00:00,2026-10-05T02:30:00+00:00,86418.66905,86757.91313,0.02295798704,1983.998684,86627.97117,4.805155438,10,198.3998684,2.186682151,3.975701349,0,-9.975043349,stop,"VWAP sapma-dönüş (kaynak kuralları): kümülatif VWAP=85596.3 (300 bar), σ=221.428; bu bar +4.19σ ile bandın dışında kapandı ve kapanış short yönünde döndü; stop 1.5×0.5σ (86628), hedef VWAP mesafesinin %100'i (85596.3); yönetim: breakeven 1R, kısmi %50 @ 1.5R, takip geri verme %50 | arm=vwap_revert_src | combo=band0_tp2 | combo_r=-1.524 | combo_n=6 | pick=explore",
vwap_clone,DOGE-USDT-SWAP,short,2026-10-05T01:30:00+00:00,2026-10-05T03:15:00+00:00,0.09659168,0.09573814145,10356.62404,1000.363715,0.09719260246,6.223528035,10,100.0363715,1.095538209,0.9959462851,0,7.744239632,partial,"VWAP sapma-dönüş (kaynak kuralları): kümülatif VWAP=0.0944268 (300 bar), σ=0.000434082; bu bar +5.30σ ile bandın dışında kapandı ve kapanış short yönünde döndü; stop 2.5×0.5σ (0.0971926), hedef VWAP mesafesinin %100'i (0.0944268); yönetim: breakeven 1R, kısmi %50 @ 1.5R, takip geri verme %50 | arm=vwap_revert_src | combo=band2_tp2 | combo_r=0.3918 | combo_n=34 | pick=exploit",
vwap_clone,BNB-USDT-SWAP,short,2026-10-05T02:45:00+00:00,2026-10-05T03:15:00+00:00,802.9983,798.1455401,1.229933849,987.6347898,806.4993889,4.306107688,10,98.76347898,1.083115553,0.9846522412,0,4.885458165,partial,"VWAP sapma-dönüş (kaynak kuralları): kümülatif VWAP=781.952 (300 bar), σ=3.19939; bu bar +6.94σ ile bandın dışında kapandı ve kapanış short yönünde döndü; stop 2×0.5σ (806.499), hedef VWAP mesafesinin %50'i (792.626); yönetim: breakeven 1R, kısmi %50 @ 1.5R, takip geri verme %50 | arm=vwap_revert_src | combo=band1_tp0 | combo_r=-0.6928 | combo_n=19 | pick=exploit",
vwap_clone,DOGE-USDT-SWAP,short,2026-10-05T01:30:00+00:00,2026-10-05T03:30:00+00:00,0.09659168,0.096394375,10356.62404,1000.363715,0.09719260246,6.223528035,10,100.0363715,1.099276209,1.995669669,0,0.944137497,stop,"VWAP sapma-dönüş (kaynak kuralları): kümülatif VWAP=0.0944268 (300 bar), σ=0.000434082; bu bar +5.30σ ile bandın dışında kapandı ve kapanış short yönünde döndü; stop 2.5×0.5σ (0.0971926), hedef VWAP mesafesinin %100'i (0.0944268); yönetim: breakeven 1R, kısmi %50 @ 1.5R, takip geri verme %50 | arm=vwap_revert_src | combo=band2_tp2 | combo_r=0.3918 | combo_n=34 | pick=exploit",exit_rule=partial
vwap_clone,XRP-USDT-SWAP,short,2026-10-05T02:30:00+00:00,2026-10-05T03:45:00+00:00,1.5206393,1.512143787,652.0142011,991.4784184,1.526806772,4.021279106,10,99.14784184,1.087579703,0.9887104526,0,4.451615706,partial,"VWAP sapma-dönüş (kaynak kuralları): kümülatif VWAP=1.50362 (300 bar), σ=0.00432542; bu bar +4.65σ ile bandın dışında kapandı ve kapanış short yönünde döndü; stop 2.5×0.5σ (1.52681), hedef VWAP mesafesinin %75'i (1.50807); yönetim: breakeven 1R, kısmi %50 @ 1.5R, takip geri verme %50 | arm=vwap_revert_src | combo=band2_tp1 | combo_r=0.1535 | combo_n=29 | pick=exploit",
vwap_clone,BNB-USDT-SWAP,short,2026-10-05T02:45:00+00:00,2026-10-05T03:45:00+00:00,802.9983,793.0222551,1.229933849,987.6347898,806.4993889,4.306107688,10,98.76347898,1.079649837,0.981503165,0,11.19022551,tp,"VWAP sapma-dönüş (kaynak kuralları): kümülatif VWAP=781.952 (300 bar), σ=3.19939; bu bar +6.94σ ile bandın dışında kapandı ve kapanış short yönünde döndü; stop 2×0.5σ (806.499), hedef VWAP mesafesinin %50'i (792.626); yönetim: breakeven 1R, kısmi %50 @ 1.5R, takip geri verme %50 | arm=vwap_revert_src | combo=band1_tp0 | combo_r=-0.6928 | combo_n=19 | pick=exploit",
vwap_clone,XRP-USDT-SWAP,short,2026-10-05T02:30:00+00:00,2026-10-05T04:00:00+00:00,1.5206393,1.513655175,652.0142011,991.4784184,1.526806772,4.021279106,10,99.14784184,1.088121698,1.974156952,0,3.465627211,stop,"VWAP sapma-dönüş (kaynak kuralları): kümülatif VWAP=1.50362 (300 bar), σ=0.00432542; bu bar +4.65σ ile bandın dışında kapandı ve kapanış short yönünde döndü; stop 2.5×0.5σ (1.52681), hedef VWAP mesafesinin %75'i (1.50807); yönetim: breakeven 1R, kısmi %50 @ 1.5R, takip geri verme %50 | arm=vwap_revert_src | combo=band2_tp1 | combo_r=0.1535 | combo_n=29 | pick=exploit",exit_rule=partial
vwap_clone,BTC-USDT-SWAP,short,2026-10-05T03:45:00+00:00,2026-10-05T04:00:00+00:00,86167.0949,85932.24521,0.0115615017,996.2210141,86352.29113,2.141146502,10,99.62210141,1.094349747,0.9948643341,0,1.620865359,partial,"VWAP sapma-dönüş (kaynak kuralları): kümülatif VWAP=85618.8 (300 bar), σ=142.091; bu bar +4.61σ ile bandın dışında kapandı ve kapanış short yönünde döndü; stop 2×0.5σ (86352.3), hedef VWAP mesafesinin %50'i (85914.5); yönetim: breakeven 1R, kısmi %50 @ 1.5R, takip geri verme %50 | arm=vwap_revert_src | combo=band1_tp0 | combo_r=-0.5068 | combo_n=78 | pick=exploit",
vwap_clone,BTC-USDT-SWAP,short,2026-10-05T03:45:00+00:00,2026-10-05T04:00:00+00:00,86167.0949,85957.4657,0.0115615017,996.2210141,86352.29113,2.141146502,10,99.62210141,1.09451012,0.9950100546,0,1.329118215,tp,"VWAP sapma-dönüş (kaynak kuralları): kümülatif VWAP=85618.8 (300 bar), σ=142.091; bu bar +4.61σ ile bandın dışında kapandı ve kapanış short yönünde döndü; stop 2×0.5σ (86352.3), hedef VWAP mesafesinin %50'i (85914.5); yönetim: breakeven 1R, kısmi %50 @ 1.5R, takip geri verme %50 | arm=vwap_revert_src | combo=band1_tp0 | combo_r=-0.5068 | combo_n=78 | pick=exploit",
vwap_clone,DOGE-USDT-SWAP,short,2026-10-05T04:15:00+00:00,2026-10-05T04:30:00+00:00,0.095722115,0.0951823969,10413.92913,996.8433217,0.09611363868,4.077299809,10,99.68433217,1.093436332,0.9940346824,0,4.527149696,partial,"VWAP sapma-dönüş (kaynak kuralları): kümülatif VWAP=0.0944882 (300 bar), σ=0.000274911; bu bar +4.72σ ile bandın dışında kapandı ve kapanış short yönünde döndü; stop 2.5×0.5σ (0.0961136), hedef VWAP mesafesinin %100'i (0.0944882); yönetim: breakeven 1R, kısmi %50 @ 1.5R, takip geri verme %50 | arm=vwap_revert_src | combo=band2_tp2 | combo_r=0.4088 | combo_n=36 | pick=exploit",
vwap_clone,DOGE-USDT-SWAP,short,2026-10-05T04:15:00+00:00,2026-10-05T04:45:00+00:00,0.095722115,0.095332785,10413.92913,996.8433217,0.09611363868,4.077299809,10,99.68433217,1.094297704,1.985623867,0,2.960157324,stop,"VWAP sapma-dönüş (kaynak kuralları): kümülatif VWAP=0.0944882 (300 bar), σ=0.000274911; bu bar +4.72σ ile bandın dışında kapandı ve kapanış short yönünde döndü; stop 2.5×0.5σ (0.0961136), hedef VWAP mesafesinin %100'i (0.0944882); yönetim: breakeven 1R, kısmi %50 @ 1.5R, takip geri verme %50 | arm=vwap_revert_src | combo=band2_tp2 | combo_r=0.4088 | combo_n=36 | pick=exploit",exit_rule=partial
vwap_clone,ADA-USDT-SWAP,short,2026-10-05T04:15:00+00:00,2026-10-05T04:45:00+00:00,0.26736625,0.2677672994,7452.84683,1992.639709,0.2706058148,24.14398053,10,199.2639709,2.193547607,3.985777826,0,-5.18250717,stop,"VWAP sapma-dönüş (kaynak kuralları): kümülatif VWAP=0.253589 (300 bar), σ=0.00310581; bu bar +4.66σ ile bandın dışında kapandı ve kapanış short yönünde döndü; stop 2×0.5σ (0.270606), hedef VWAP mesafesinin %75'i (0.257067); yönetim: breakeven 1R, kısmi %50 @ 1.5R, takip geri verme %50 | arm=vwap_revert_src | combo=band1_tp1 | combo_r=0.4819 | combo_n=4 | pick=exploit",exit_rule=breakeven
vwap_clone,ADA-USDT-SWAP,short,2026-10-05T05:30:00+00:00,2026-10-05T05:30:00+00:00,0.26616685,0.2684327953,7500.68233,1996.432989,0.2680307491,13.98051525,10,199.6432989,2.205424162,4.014336108,0,-19.20155967,stop,"VWAP sapma-dönüş (kaynak kuralları): kümülatif VWAP=0.254278 (300 bar), σ=0.00217433; bu bar +5.74σ ile bandın dışında kapandı ve kapanış short yönünde döndü; stop 1.5×0.5σ (0.268031), hedef VWAP mesafesinin %100'i (0.254278); yönetim: breakeven 1R, kısmi %50 @ 1.5R, takip geri verme %50 | arm=vwap_revert_src | combo=band0_tp2 | combo_r=0.4478 | combo_n=6 | pick=exploit",
vwap_clone,AVAX-USDT-SWAP,long,2026-10-05T05:00:00+00:00,2026-10-05T06:00:00+00:00,10.8724335,10.94487008,91.87748288,998.9318227,10.82049233,4.772223974,10,99.89318227,1.102485415,1.002261383,0,5.552805467,partial,"VWAP sapma-dönüş (kaynak kuralları): kümülatif VWAP=10.9791 (300 bar), σ=0.0465077; bu bar -2.26σ ile bandın dışında kapandı ve kapanış long yönünde döndü; stop 2×0.5σ (10.8205), hedef VWAP mesafesinin %75'i (10.9511); yönetim: breakeven 1R, kısmi %50 @ 1.5R, takip geri verme %50 | arm=vwap_revert_src | combo=band1_tp1 | combo_r=0.4842 | combo_n=28 | pick=exploit",
vwap_clone,AVAX-USDT-SWAP,long,2026-10-05T05:00:00+00:00,2026-10-05T06:00:00+00:00,10.8724335,10.94557989,91.87748288,998.9318227,10.82049233,4.772223974,10,99.89318227,1.102521283,1.002294006,0,5.617984525,tp,"VWAP sapma-dönüş (kaynak kuralları): kümülatif VWAP=10.9791 (300 bar), σ=0.0465077; bu bar -2.26σ ile bandın dışında kapandı ve kapanış long yönünde döndü; stop 2×0.5σ (10.8205), hedef VWAP mesafesinin %75'i (10.9511); yönetim: breakeven 1R, kısmi %50 @ 1.5R, takip geri verme %50 | arm=vwap_revert_src | combo=band1_tp1 | combo_r=0.4842 | combo_n=28 | pick=exploit",
vwap_clone,PENGU-USDT-SWAP,short,2026-10-05T05:00:00+00:00,2026-10-05T06:00:00+00:00,0.0096921515,0.009806200566,206023.9171,1996.815017,0.009791513296,20.47090637,10,199.6815017,2.209419778,4.024835846,0,-25.70625504,stop,"VWAP sapma-dönüş (kaynak kuralları): kümülatif VWAP=0.00938638 (300 bar), σ=9.35133e-05; bu bar +3.51σ ile bandın dışında kapandı ve kapanış short yönünde döndü; stop 2×0.5σ (0.00979151), hedef VWAP mesafesinin %50'i (0.00954219); yönetim: breakeven 1R, kısmi %50 @ 1.5R, takip geri verme %50 | arm=vwap_revert_src | combo=band1_tp0 | combo_r=1.06 | combo_n=4 | pick=explore",
vwap_clone,NEAR-USDT-SWAP,short,2026-10-05T06:15:00+00:00,2026-10-05T06:45:00+00:00,4.987505,5.07044505,396.2314183,1976.20618,5.062850774,29.85436273,10,197.620618,2.191901697,3.997688202,0,-35.05535524,stop,"VWAP sapma-dönüş (kaynak kuralları): kümülatif VWAP=4.84104 (300 bar), σ=0.0590806; bu bar +2.89σ ile bandın dışında kapandı ve kapanış short yönünde döndü; stop 2.5×0.5σ (5.06285), hedef VWAP mesafesinin %75'i (4.87803); yönetim: breakeven 1R, kısmi %50 @ 1.5R, takip geri verme %50 | arm=vwap_revert_src | combo=band2_tp1 | combo_r=0.4676 | combo_n=52 | pick=exploit",
vwap_clone,DOGE-USDT-SWAP,short,2026-10-05T06:30:00+00:00,2026-10-05T06:45:00+00:00,0.095622165,0.09634043412,20722.63655,1981.543371,0.09619613991,11.89427347,10,198.1543371,2.187884145,3.981423787,0,-17.07231408,stop,"VWAP sapma-dönüş (kaynak kuralları): kümülatif VWAP=0.0945504 (300 bar), σ=0.00052614; bu bar +2.26σ ile bandın dışında kapandı ve kapanış short yönünde döndü; stop 2×0.5σ (0.0961961), hedef VWAP mesafesinin %75'i (0.0948303); yönetim: breakeven 1R, kısmi %50 @ 1.5R, takip geri verme %50 | arm=vwap_revert_src | combo=band1_tp1 | combo_r=-0.279 | combo_n=6 | pick=explore",
vwap_clone,ADA-USDT-SWAP,short,2026-10-05T07:30:00+00:00,2026-10-05T07:30:00+00:00,0.2712643,0.2735198876,7185.775037,1949.244235,0.2731102222,13.26438186,10,194.9244235,2.153083139,3.918872599,0,-18.36122793,stop,"VWAP sapma-dönüş (kaynak kuralları): kümülatif VWAP=0.255761 (300 bar), σ=0.00181022; bu bar +8.66σ ile bandın dışında kapandı ve kapanış short yönünde döndü; stop 2×0.5σ (0.27311), hedef VWAP mesafesinin %75'i (0.259645); yönetim: breakeven 1R, kısmi %50 @ 1.5R, takip geri verme %50 | arm=vwap_revert_src | combo=band1_tp1 | combo_r=0.3426 | combo_n=5 | pick=explore",
vwap_clone,DOGE-USDT-SWAP,short,2026-10-05T07:30:00+00:00,2026-10-05T08:30:00+00:00,0.09631182,0.0970880761,20249.52254,1950.26837,0.09694266211,12.77425144,10,195.026837,2.153940556,3.920185929,0.1954686411,-17.67728729,stop,"VWAP sapma-dönüş (kaynak kuralları): kümülatif VWAP=0.0945477 (300 bar), σ=0.00047413; bu bar +3.77σ ile bandın dışında kapandı ve kapanış short yönünde döndü; stop 2.5×0.5σ (0.0969427), hedef VWAP mesafesinin %100'i (0.0945477); yönetim: breakeven 1R, kısmi %50 @ 1.5R, takip geri verme %50 | arm=vwap_revert_src | combo=band2_tp2 | combo_r=0.4357 | combo_n=38 | pick=exploit",
vwap_clone,BNB-USDT-SWAP,short,2026-10-05T04:00:00+00:00,2026-10-05T08:45:00+00:00,791.50405,787.6969103,2.520501722,1994.987321,795.5994557,10.32247704,10,199.4987321,2.189208307,1.990192267,0.1995229164,7.606216701,tp,"VWAP sapma-dönüş (kaynak kuralları): kümülatif VWAP=782.707 (300 bar), σ=3.69946; bu bar +2.58σ ile bandın dışında kapandı ve kapanış short yönünde döndü; stop 2×0.5σ (795.599), hedef VWAP mesafesinin %50'i (787.303); yönetim: breakeven 1R, kısmi %50 @ 1.5R, takip geri verme %50 | arm=vwap_revert_src | combo=band1_tp0 | combo_r=-0.4491 | combo_n=21 | pick=exploit",
vwap_clone,BTC-USDT-SWAP,short,2026-10-05T08:45:00+00:00,2026-10-05T09:15:00+00:00,86180.888,85956.81238,0.02269590852,1955.95355,86526.13389,7.83566921,10,195.595355,2.148751825,1.95341251,0,2.936847876,tp,"VWAP sapma-dönüş (kaynak kuralları): kümülatif VWAP=85603.6 (300 bar), σ=302.034; bu bar +2.27σ ile bandın dışında kapandı ve kapanış short yönünde döndü; stop 2×0.5σ (86526.1), hedef VWAP mesafesinin %50'i (85913.9); yönetim: breakeven 1R, kısmi %50 @ 1.5R, takip geri verme %50 | arm=vwap_revert_src | combo=band1_tp0 | combo_r=-0.477 | combo_n=80 | pick=exploit",
vwap_clone,BNB-USDT-SWAP,short,2026-10-05T09:00:00+00:00,2026-10-05T10:45:00+00:00,788.0058,791.0983647,2.48381024,1957.256875,789.9134945,4.738351109,10,195.7256875,2.157207302,3.922110835,0,-9.838551249,stop,"VWAP sapma-dönüş (kaynak kuralları): kümülatif VWAP=783.974 (300 bar), σ=1.51349; bu bar +2.81σ ile bandın dışında kapandı ve kapanış short yönünde döndü; stop 2×0.5σ (789.913), hedef VWAP mesafesinin %100'i (783.974); yönetim: breakeven 1R, kısmi %50 @ 1.5R, takip geri verme %50 | arm=vwap_revert_src | combo=band1_tp2 | combo_r=-1.208 | combo_n=3 | pick=explore",
vwap_clone,BTC-USDT-SWAP,short,2026-10-05T11:15:00+00:00,2026-10-05T11:15:00+00:00,85871.4428,86219.29267,0.02283878008,1961.198997,86090.15743,4.995175325,10,196.1198997,2.161688354,3.930381302,0,-10.10615494,stop,"VWAP sapma-dönüş (kaynak kuralları): kümülatif VWAP=85595.5 (300 bar), σ=175.657; bu bar +2.05σ ile bandın dışında kapandı ve kapanış short yönünde döndü; stop 2×0.5σ (86090.2), hedef VWAP mesafesinin %50'i (85755); yönetim: breakeven 1R, kısmi %50 @ 1.5R, takip geri verme %50 | arm=vwap_revert_src | combo=band1_tp0 | combo_r=-0.4664 | combo_n=81 | pick=exploit",
vwap_clone,NEAR-USDT-SWAP,short,2026-10-05T07:45:00+00:00,2026-10-05T12:15:00+00:00,5.155421,4.986874375,187.9437987,968.9294069,5.269446877,21.43045655,10,96.89294069,1.048399836,0.953098918,0.09705417767,30.7259473,partial,"VWAP sapma-dönüş (kaynak kuralları): kümülatif VWAP=4.84577 (300 bar), σ=0.0899575; bu bar +3.40σ ile bandın dışında kapandı ve kapanış short yönünde döndü; stop 2.5×0.5σ (5.26945), hedef VWAP mesafesinin %75'i (4.92358); yönetim: breakeven 1R, kısmi %50 @ 1.5R, takip geri verme %50 | arm=vwap_revert_src | combo=band2_tp1 | combo_r=0.4366 | combo_n=53 | pick=exploit",
vwap_clone,NEAR-USDT-SWAP,short,2026-10-05T07:45:00+00:00,2026-10-05T12:30:00+00:00,5.155421,4.991858757,187.9437987,968.9294069,5.269446877,21.43045655,10,96.89294069,1.048915067,1.88988264,0.09705417767,29.78864835,stop,"VWAP sapma-dönüş (kaynak kuralları): kümülatif VWAP=4.84577 (300 bar), σ=0.0899575; bu bar +3.40σ ile bandın dışında kapandı ve kapanış short yönünde döndü; stop 2.5×0.5σ (5.26945), hedef VWAP mesafesinin %75'i (4.92358); yönetim: breakeven 1R, kısmi %50 @ 1.5R, takip geri verme %50 | arm=vwap_revert_src | combo=band2_tp1 | combo_r=0.4366 | combo_n=53 | pick=exploit",exit_rule=partial
vwap_clone,ETHFI-USDT-SWAP,short,2026-10-05T11:30:00+00:00,2026-10-05T12:30:00+00:00,0.76371795,0.7551062691,1276.755466,975.081067,0.7697106469,7.651208561,10,97.5081067,1.066541918,0.9695865528,0,9.928468796,partial,"VWAP sapma-dönüş (kaynak kuralları): kümülatif VWAP=0.72991 (300 bar), σ=0.00448852; bu bar +7.74σ ile bandın dışında kapandı ve kapanış short yönünde döndü; stop 2.5×0.5σ (0.769711), hedef VWAP mesafesinin %75'i (0.738458); yönetim: breakeven 1R, kısmi %50 @ 1.5R, takip geri verme %50 | arm=vwap_revert_src | combo=band2_tp1 | combo_r=0.4257 | combo_n=43 | pick=exploit",
vwap_clone,ETHFI-USDT-SWAP,short,2026-10-05T11:30:00+00:00,2026-10-05T12:45:00+00:00,0.76371795,0.7567334,1276.755466,975.081067,0.7697106469,7.651208561,10,97.5081067,1.067684514,1.934859071,0,7.849877875,stop,"VWAP sapma-dönüş (kaynak kuralları): kümülatif VWAP=0.72991 (300 bar), σ=0.00448852; bu bar +7.74σ ile bandın dışında kapandı ve kapanış short yönünde döndü; stop 2.5×0.5σ (0.769711), hedef VWAP mesafesinin %75'i (0.738458); yönetim: breakeven 1R, kısmi %50 @ 1.5R, takip geri verme %50 | arm=vwap_revert_src | combo=band2_tp1 | combo_r=0.4257 | combo_n=43 | pick=exploit",exit_rule=partial
vwap_clone,BTC-USDT-SWAP,short,2026-10-05T12:45:00+00:00,2026-10-05T13:00:00+00:00,85827.36485,86150.56601,0.02299567095,1973.657841,86021.53371,4.465043178,10,197.3657841,2.17511135,3.954506907,0,-9.607338853,stop,"VWAP sapma-dönüş (kaynak kuralları): kümülatif VWAP=85581.3 (300 bar), σ=151.134; bu bar +2.06σ ile bandın dışında kapandı ve kapanış short yönünde döndü; stop 2×0.5σ (86021.5), hedef VWAP mesafesinin %50'i (85725.8); yönetim: breakeven 1R, kısmi %50 @ 1.5R, takip geri verme %50 | arm=vwap_revert_src | combo=band1_tp0 | combo_r=-0.4854 | combo_n=82 | pick=exploit",
vwap_clone,PENGU-USDT-SWAP,short,2026-10-05T13:00:00+00:00,2026-10-05T13:00:00+00:00,0.0097641155,0.009841727911,201997.6755,1972.328634,0.00982698743,12.69998367,10,197.2328634,2.178184137,3.964200572,0,-17.85571074,stop,"VWAP sapma-dönüş (kaynak kuralları): kümülatif VWAP=0.00938618 (300 bar), σ=5.89874e-05; bu bar +6.91σ ile bandın dışında kapandı ve kapanış short yönünde döndü; stop 2×0.5σ (0.00982699), hedef VWAP mesafesinin %50'i (0.00957709); yönetim: breakeven 1R, kısmi %50 @ 1.5R, takip geri verme %50 | arm=vwap_revert_src | combo=band1_tp0 | combo_r=0.597 | combo_n=5 | pick=exploit",
vwap_clone,BTC-USDT-SWAP,short,2026-10-05T13:30:00+00:00,2026-10-05T13:30:00+00:00,86019.9685,85837.08292,0.01135804307,977.0185067,86170.49028,1.709632844,10,97.70185067,1.073577885,0.9759806589,0,1.003644352,partial,"VWAP sapma-dönüş (kaynak kuralları): kümülatif VWAP=85577.7 (300 bar), σ=107.59; bu bar +4.61σ ile bandın dışında kapandı ve kapanış short yönünde döndü; stop 2×0.5σ (86170.5), hedef VWAP mesafesinin %75'i (85699); yönetim: breakeven 1R, kısmi %50 @ 1.5R, takip geri verme %50 | arm=vwap_revert_src | combo=band1_tp1 | combo_r=-1.571 | combo_n=6 | pick=explore",
vwap_clone,BTC-USDT-SWAP,short,2026-10-05T13:30:00+00:00,2026-10-05T13:45:00+00:00,86019.9685,86063.1013,0.01135804307,977.0185067,86170.49028,1.709632844,10,97.70185067,1.074989805,1.952820147,0,-1.564894005,stop,"VWAP sapma-dönüş (kaynak kuralları): kümülatif VWAP=85577.7 (300 bar), σ=107.59; bu bar +4.61σ ile bandın dışında kapandı ve kapanış short yönünde döndü; stop 2×0.5σ (86170.5), hedef VWAP mesafesinin %75'i (85699); yönetim: breakeven 1R, kısmi %50 @ 1.5R, takip geri verme %50 | arm=vwap_revert_src | combo=band1_tp1 | combo_r=-1.571 | combo_n=6 | pick=explore",exit_rule=partial
vwap_clone,ETH-USDT-SWAP,short,2026-10-05T13:45:00+00:00,2026-10-05T13:45:00+00:00,2712.66299,2721.501173,0.7213571828,1956.798932,2717.425036,3.435135748,10,195.6798932,2.155985344,3.919240013,0,-8.531472194,stop,"VWAP sapma-dönüş (kaynak kuralları): kümülatif VWAP=2704.43 (300 bar), σ=2.72403; bu bar +3.83σ ile bandın dışında kapandı ve kapanış short yönünde döndü; stop 2.5×0.5σ (2717.43), hedef VWAP mesafesinin %75'i (2706.82); yönetim: breakeven 1R, kısmi %50 @ 1.5R, takip geri verme %50 | arm=vwap_revert_src | combo=band2_tp1 | combo_r=-0.3005 | combo_n=57 | pick=exploit",
vwap_clone,DOGE-USDT-SWAP,short,2026-10-05T09:30:00+00:00,2026-10-05T14:30:00+00:00,0.096061945,0.09491970367,10208.47947,980.6463931,0.09685506331,8.096531951,10,98.06463931,1.072297731,0.9748192784,0,10.5882494,partial,"VWAP sapma-dönüş (kaynak kuralları): kümülatif VWAP=0.09455 (300 bar), σ=0.000588051; bu bar +2.92σ ile bandın dışında kapandı ve kapanış short yönünde döndü; stop 2.5×0.5σ (0.0968551), hedef VWAP mesafesinin %100'i (0.09455); yönetim: breakeven 1R, kısmi %50 @ 1.5R, takip geri verme %50 | arm=vwap_revert_src | combo=band2_tp2 | combo_r=0.389 | combo_n=39 | pick=exploit",
vwap_clone,BTC-USDT-SWAP,short,2026-10-05T14:30:00+00:00,2026-10-05T14:30:00+00:00,86192.98195,85952.43635,0.01133137426,976.6849373,86381.98218,2.141632345,10,97.66849373,1.072854289,0.9753230064,0,1.652857984,partial,"VWAP sapma-dönüş (kaynak kuralları): kümülatif VWAP=85600.4 (300 bar), σ=145.982; bu bar +5.31σ ile bandın dışında kapandı ve kapanış short yönünde döndü; stop 2×0.5σ (86382), hedef VWAP mesafesinin %50'i (85918.2); yönetim: breakeven 1R, kısmi %50 @ 1.5R, takip geri verme %50 | arm=vwap_revert_src | combo=band1_tp0 | combo_r=-0.5055 | combo_n=83 | pick=exploit",
vwap_clone,BTC-USDT-SWAP,short,2026-10-05T14:30:00+00:00,2026-10-05T14:30:00+00:00,86192.98195,85961.16699,0.01133137426,976.6849373,86381.98218,2.141632345,10,97.66849373,1.072908701,0.9753724468,0,1.55387338,tp,"VWAP sapma-dönüş (kaynak kuralları): kümülatif VWAP=85600.4 (300 bar), σ=145.982; bu bar +5.31σ ile bandın dışında kapandı ve kapanış short yönünde döndü; stop 2×0.5σ (86382), hedef VWAP mesafesinin %50'i (85918.2); yönetim: breakeven 1R, kısmi %50 @ 1.5R, takip geri verme %50 | arm=vwap_revert_src | combo=band1_tp0 | combo_r=-0.5055 | combo_n=83 | pick=exploit",
vwap_clone,ETH-USDT-SWAP,short,2026-10-05T14:30:00+00:00,2026-10-05T14:30:00+00:00,2712.8429,2706.174375,0.3598336106,976.1720556,2718.190191,1.924134887,10,97.61720556,1.072469503,0.9749731195,0,1.327089901,partial,"VWAP sapma-dönüş (kaynak kuralları): kümülatif VWAP=2704.54 (300 bar), σ=3.19215; bu bar +4.46σ ile bandın dışında kapandı ve kapanış short yönünde döndü; stop 2.5×0.5σ (2718.19), hedef VWAP mesafesinin %100'i (2704.54); yönetim: breakeven 1R, kısmi %50 @ 1.5R, takip geri verme %50 | arm=vwap_revert_src | combo=band2_tp2 | combo_r=-0.3242 | combo_n=21 | pick=exploit",
vwap_clone,ETH-USDT-SWAP,short,2026-10-05T14:30:00+00:00,2026-10-05T14:30:00+00:00,2712.8429,2705.897252,0.3598336106,976.1720556,2718.190191,1.924134887,10,97.61720556,1.072414659,0.9749232854,0,1.426862783,tp,"VWAP sapma-dönüş (kaynak kuralları): kümülatif VWAP=2704.54 (300 bar), σ=3.19215; bu bar +4.46σ ile bandın dışında kapandı ve kapanış short yönünde döndü; stop 2.5×0.5σ (2718.19), hedef VWAP mesafesinin %100'i (2704.54); yönetim: breakeven 1R, kısmi %50 @ 1.5R, takip geri verme %50 | arm=vwap_revert_src | combo=band2_tp2 | combo_r=-0.3242 | combo_n=21 | pick=exploit",
vwap_clone,DOGE-USDT-SWAP,short,2026-10-05T09:30:00+00:00,2026-10-05T14:45:00+00:00,0.096061945,0.095412905,10208.47947,980.6463931,0.09685506331,8.096531951,10,98.06463931,1.075066891,1.949411239,0,5.550644622,stop,"VWAP sapma-dönüş (kaynak kuralları): kümülatif VWAP=0.09455 (300 bar), σ=0.000588051; bu bar +2.92σ ile bandın dışında kapandı ve kapanış short yönünde döndü; stop 2.5×0.5σ (0.0968551), hedef VWAP mesafesinin %100'i (0.09455); yönetim: breakeven 1R, kısmi %50 @ 1.5R, takip geri verme %50 | arm=vwap_revert_src | combo=band2_tp2 | combo_r=0.389 | combo_n=39 | pick=exploit",exit_rule=partial
vwap_clone,BNB-USDT-SWAP,short,2026-10-05T14:45:00+00:00,2026-10-05T14:45:00+00:00,787.8059,786.8573631,2.491440864,1962.771812,789.4896444,4.194949615,10,196.2771812,2.15774922,1.961591281,0,0.2054744276,tp,"VWAP sapma-dönüş (kaynak kuralları): kümülatif VWAP=784.728 (300 bar), σ=1.28964; bu bar +2.36σ ile bandın dışında kapandı ve kapanış short yönünde döndü; stop 2×0.5σ (789.49), hedef VWAP mesafesinin %50'i (786.464); yönetim: breakeven 1R, kısmi %50 @ 1.5R, takip geri verme %50 | arm=vwap_revert_src | combo=band1_tp0 | combo_r=-0.3952 | combo_n=22 | pick=exploit",
vwap_clone,BNB-USDT-SWAP,short,2026-10-05T15:00:00+00:00,2026-10-05T15:00:00+00:00,787.606,790.4869465,2.498387929,1967.745324,789.302992,4.239744243,10,196.7745324,2.168478603,3.942342446,0,-9.366200447,stop,"VWAP sapma-dönüş (kaynak kuralları): kümülatif VWAP=784.759 (300 bar), σ=1.30299; bu bar +2.15σ ile bandın dışında kapandı ve kapanış short yönünde döndü; stop 2×0.5σ (789.303), hedef VWAP mesafesinin %50'i (786.379); yönetim: breakeven 1R, kısmi %50 @ 1.5R, takip geri verme %50 | arm=vwap_revert_src | combo=band1_tp0 | combo_r=-0.3758 | combo_n=23 | pick=exploit",
vwap_clone,NEAR-USDT-SWAP,short,2026-10-05T15:00:00+00:00,2026-10-05T15:00:00+00:00,4.963517,4.996837485,396.23356,1966.712011,4.989353455,10.23727045,10,196.6712011,2.170644694,3.949271852,0,-15.37333906,stop,"VWAP sapma-dönüş (kaynak kuralları): kümülatif VWAP=4.85351 (300 bar), σ=0.0186828; bu bar +6.79σ ile bandın dışında kapandı ve kapanış short yönünde döndü; stop 2.5×0.5σ (4.98935), hedef VWAP mesafesinin %75'i (4.88163); yönetim: breakeven 1R, kısmi %50 @ 1.5R, takip geri verme %50 | arm=vwap_revert_src | combo=band2_tp1 | combo_r=0.4721 | combo_n=55 | pick=exploit",
vwap_clone,ADA-USDT-SWAP,short,2026-10-05T14:45:00+00:00,2026-10-05T15:15:00+00:00,0.27016485,0.2675487977,3630.637204,980.8705557,0.2719980233,6.655587039,10,98.08705557,1.073733746,0.9761242057,0,8.424203226,partial,"VWAP sapma-dönüş (kaynak kuralları): kümülatif VWAP=0.258943 (300 bar), σ=0.00135842; bu bar +8.48σ ile bandın dışında kapandı ve kapanış short yönünde döndü; stop 2.5×0.5σ (0.271998), hedef VWAP mesafesinin %100'i (0.258943); yönetim: breakeven 1R, kısmi %50 @ 1.5R, takip geri verme %50 | arm=vwap_revert_src | combo=band2_tp2 | combo_r=0.4224 | combo_n=13 | pick=exploit",
vwap_clone,BNB-USDT-SWAP,short,2026-10-05T15:15:00+00:00,2026-10-05T15:15:00+00:00,787.0063,789.9706323,2.483731196,1954.712099,788.7874511,4.42390056,10,195.4712099,2.154232741,3.916548971,0,-9.516837301,stop,"VWAP sapma-dönüş (kaynak kuralları): kümülatif VWAP=784.8 (300 bar), σ=1.28745; bu bar +2.69σ ile bandın dışında kapandı ve kapanış short yönünde döndü; stop 2×0.5σ (788.787), hedef VWAP mesafesinin %50'i (786.15); yönetim: breakeven 1R, kısmi %50 @ 1.5R, takip geri verme %50 | arm=vwap_revert_src | combo=band1_tp0 | combo_r=-0.4522 | combo_n=24 | pick=exploit",
vwap_clone,ADA-USDT-SWAP,short,2026-10-05T14:45:00+00:00,2026-10-05T15:30:00+00:00,0.27016485,0.2682017,3630.637204,980.8705557,0.2719980233,6.655587039,10,98.08705557,1.075037494,1.949107583,0,6.052447933,stop,"VWAP sapma-dönüş (kaynak kuralları): kümülatif VWAP=0.258943 (300 bar), σ=0.00135842; bu bar +8.48σ ile bandın dışında kapandı ve kapanış short yönünde döndü; stop 2.5×0.5σ (0.271998), hedef VWAP mesafesinin %100'i (0.258943); yönetim: breakeven 1R, kısmi %50 @ 1.5R, takip geri verme %50 | arm=vwap_revert_src | combo=band2_tp2 | combo_r=0.4224 | combo_n=13 | pick=exploit",exit_rule=partial
vwap_clone,SOL-USDT-SWAP,long,2026-10-05T15:15:00+00:00,2026-10-05T15:30:00+00:00,119.61978,119.1977184,16.3496256,1955.738617,119.2573471,5.925642539,10,195.5738617,2.147517177,1.952287106,0,-9.048066204,stop,"VWAP sapma-dönüş (kaynak kuralları): kümülatif VWAP=120.429 (300 bar), σ=0.403537; bu bar -2.31σ ile bandın dışında kapandı ve kapanış long yönünde döndü; stop 1.5×0.5σ (119.257), hedef VWAP mesafesinin %50'i (119.994); yönetim: breakeven 1R, kısmi %50 @ 1.5R, takip geri verme %50 | arm=vwap_revert_src | combo=band0_tp0 | combo_r=-1.375 | combo_n=6 | pick=explore",
vwap_clone,NEAR-USDT-SWAP,short,2026-10-05T15:45:00+00:00,2026-10-05T15:45:00+00:00,4.995501,5.022936345,391.1176738,1953.828731,5.015413226,7.788023366,10,195.3828731,2.15511335,3.919828198,0,-12.88556185,stop,"VWAP sapma-dönüş (kaynak kuralları): kümülatif VWAP=4.85504 (300 bar), σ=0.0218843; bu bar +6.79σ ile bandın dışında kapandı ve kapanış short yönünde döndü; stop 1.5×0.5σ (5.01541), hedef VWAP mesafesinin %100'i (4.85504); yönetim: breakeven 1R, kısmi %50 @ 1.5R, takip geri verme %50 | arm=vwap_revert_src | combo=band0_tp2 | combo_r=-0.6253 | combo_n=63 | pick=explore",
vwap_clone,PENGU-USDT-SWAP,short,2026-10-05T15:30:00+00:00,2026-10-05T16:00:00+00:00,0.0096421765,0.009525470062,202481.9422,1952.366624,0.009749400966,21.71101805,10,195.2366624,2.134606266,1.940557544,0.09669525148,21.59303524,tp,"VWAP sapma-dönüş (kaynak kuralları): kümülatif VWAP=0.00939442 (300 bar), σ=0.000102401; bu bar +2.59σ ile bandın dışında kapandı ve kapanış short yönünde döndü; stop 2×0.5σ (0.0097494), hedef VWAP mesafesinin %50'i (0.00952071); yönetim: breakeven 1R, kısmi %50 @ 1.5R, takip geri verme %50 | arm=vwap_revert_src | combo=band1_tp0 | combo_r=0.2631 | combo_n=6 | pick=explore",
vwap_clone,ETHFI-USDT-SWAP,short,2026-10-05T16:00:00+00:00,2026-10-05T16:15:00+00:00,0.7548224,0.7484983222,1291.537479,974.8814198,0.7592878266,5.767265817,10,97.48814198,1.067877281,0.9707998127,0,7.099906184,partial,"VWAP sapma-dönüş (kaynak kuralları): kümülatif VWAP=0.73108 (300 bar), σ=0.00343026; bu bar +7.87σ ile bandın dışında kapandı ve kapanış short yönünde döndü; stop 2.5×0.5σ (0.759288), hedef VWAP mesafesinin %75'i (0.73706); yönetim: breakeven 1R, kısmi %50 @ 1.5R, takip geri verme %50 | arm=vwap_revert_src | combo=band2_tp1 | combo_r=0.4585 | combo_n=45 | pick=exploit",
vwap_clone,ETHFI-USDT-SWAP,short,2026-10-05T16:00:00+00:00,2026-10-05T16:30:00+00:00,0.7548224,0.7492464465,1291.537479,974.8814198,0.7592878266,5.767265817,10,97.48814198,1.068408708,1.937030334,0,6.133144236,stop,"VWAP sapma-dönüş (kaynak kuralları): kümülatif VWAP=0.73108 (300 bar), σ=0.00343026; bu bar +7.87σ ile bandın dışında kapandı ve kapanış short yönünde döndü; stop 2.5×0.5σ (0.759288), hedef VWAP mesafesinin %75'i (0.73706); yönetim: breakeven 1R, kısmi %50 @ 1.5R, takip geri verme %50 | arm=vwap_revert_src | combo=band2_tp1 | combo_r=0.4585 | combo_n=45 | pick=exploit",exit_rule=partial
vwap_clone,NEAR-USDT-SWAP,short,2026-10-05T16:15:00+00:00,2026-10-05T16:30:00+00:00,4.9725125,4.979971269,393.5621325,1956.992624,5.004100107,12.43168615,10,195.6992624,2.154306405,3.91447474,0,-5.08979534,stop,"VWAP sapma-dönüş (kaynak kuralları): kümülatif VWAP=4.85568 (300 bar), σ=0.0224801; bu bar +6.06σ ile bandın dışında kapandı ve kapanış short yönünde döndü; stop 2.5×0.5σ (5.0041), hedef VWAP mesafesinin %75'i (4.88576); yönetim: breakeven 1R, kısmi %50 @ 1.5R, takip geri verme %50 | arm=vwap_revert_src | combo=band2_tp1 | combo_r=0.4368 | combo_n=56 | pick=exploit",exit_rule=breakeven
vwap_clone,NEAR-USDT-SWAP,short,2026-10-05T17:15:00+00:00,2026-10-05T17:15:00+00:00,4.983507,5.020191877,392.2662604,1954.861654,5.012672867,11.44078569,10,195.4861654,2.158262451,3.927373447,0,-16.5485018,stop,"VWAP sapma-dönüş (kaynak kuralları): kümülatif VWAP=4.85647 (300 bar), σ=0.0276729; bu bar +4.64σ ile bandın dışında kapandı ve kapanış short yönünde döndü; stop 2×0.5σ (5.01267), hedef VWAP mesafesinin %100'i (4.85647); yönetim: breakeven 1R, kısmi %50 @ 1.5R, takip geri verme %50 | arm=vwap_revert_src | combo=band1_tp2 | combo_r=-0.2545 | combo_n=106 | pick=explore",
vwap_clone,ETHFI-USDT-SWAP,short,2026-10-05T17:15:00+00:00,2026-10-05T18:45:00+00:00,0.74032965,0.7490813615,2641.91599,1955.888741,0.7479594224,20.15721772,10,195.5888741,2.164194322,3.942502525,0,-25.28548098,stop,"VWAP sapma-dönüş (kaynak kuralları): kümülatif VWAP=0.728058 (300 bar), σ=0.00588754; bu bar +2.69σ ile bandın dışında kapandı ve kapanış short yönünde döndü; stop 2.5×0.5σ (0.747959), hedef VWAP mesafesinin %75'i (0.731194); yönetim: breakeven 1R, kısmi %50 @ 1.5R, takip geri verme %50 | arm=vwap_revert_src | combo=band2_tp1 | combo_r=0.4878 | combo_n=47 | pick=exploit",
vwap_clone,BNB-USDT-SWAP,short,2026-10-05T19:30:00+00:00,2026-10-05T19:30:00+00:00,786.10675,786.3948403,2.450343393,1926.231481,787.2915736,2.903224561,10,192.6231481,2.119242885,1.926584746,0,-2.825162989,tp,"VWAP sapma-dönüş (kaynak kuralları): kümülatif VWAP=785.404 (300 bar), σ=0.691574; bu bar +2.16σ ile bandın dışında kapandı ve kapanış short yönünde döndü; stop 2×0.5σ (787.292), hedef VWAP mesafesinin %50'i (786.002); yönetim: breakeven 1R, kısmi %50 @ 1.5R, takip geri verme %50 | arm=vwap_revert_src | combo=band1_tp0 | combo_r=-0.5202 | combo_n=25 | pick=exploit",
vwap_clone,AVAX-USDT-SWAP,long,2026-10-05T19:30:00+00:00,2026-10-05T19:45:00+00:00,10.8944445,10.86764888,176.7157535,1925.219969,10.87308542,3.774485736,10,192.5219969,2.115137601,1.922851661,0,-6.850346079,stop,"VWAP sapma-dönüş (kaynak kuralları): kümülatif VWAP=10.9322 (300 bar), σ=0.0169146; bu bar -2.61σ ile bandın dışında kapandı ve kapanış long yönünde döndü; stop 2×0.5σ (10.8731), hedef VWAP mesafesinin %75'i (10.9216); yönetim: breakeven 1R, kısmi %50 @ 1.5R, takip geri verme %50 | arm=vwap_revert_src | combo=band1_tp1 | combo_r=0.5299 | combo_n=30 | pick=exploit",
vwap_clone,DOGE-USDT-SWAP,short,2026-10-05T19:45:00+00:00,2026-10-05T19:45:00+00:00,0.095142405,0.09553816432,20233.96198,1925.107806,0.09539507171,5.112448639,10,192.5107806,2.122022865,3.858365802,0,-10.12980189,stop,"VWAP sapma-dönüş (kaynak kuralları): kümülatif VWAP=0.0942226 (300 bar), σ=0.000273429; bu bar +3.68σ ile bandın dışında kapandı ve kapanış short yönünde döndü; stop 1.5×0.5σ (0.0953951), hedef VWAP mesafesinin %50'i (0.0947063); yönetim: breakeven 1R, kısmi %50 @ 1.5R, takip geri verme %50 | arm=vwap_revert_src | combo=band0_tp0 | combo_r=-1.322 | combo_n=3 | pick=explore",
vwap_clone,NEAR-USDT-SWAP,short,2026-10-05T19:15:00+00:00,2026-10-05T20:00:00+00:00,5.135431,5.216877579,376.788579,1934.971749,5.209063983,27.74406705,10,193.4971749,2.145347402,3.912043584,0,-32.83348818,stop,"VWAP sapma-dönüş (kaynak kuralları): kümülatif VWAP=4.86637 (300 bar), σ=0.0568512; bu bar +5.01σ ile bandın dışında kapandı ve kapanış short yönünde döndü; stop 2.5×0.5σ (5.20906), hedef VWAP mesafesinin %75'i (4.93428); yönetim: breakeven 1R, kısmi %50 @ 1.5R, takip geri verme %50 | arm=vwap_revert_src | combo=band2_tp1 | combo_r=0.422 | combo_n=57 | pick=exploit",
vwap_clone,AVAX-USDT-SWAP,long,2026-10-05T20:00:00+00:00,2026-10-05T20:00:00+00:00,10.883439,10.91146762,87.85289128,956.1415832,10.86111428,1.96129113,10,95.61415832,1.053110059,0.9573736356,0,1.409284876,partial,"VWAP sapma-dönüş (kaynak kuralları): kümülatif VWAP=10.9307 (300 bar), σ=0.0168857; bu bar -3.70σ ile bandın dışında kapandı ve kapanış long yönünde döndü; stop 2×0.5σ (10.8611), hedef VWAP mesafesinin %100'i (10.9307); yönetim: breakeven 1R, kısmi %50 @ 1.5R, takip geri verme %50 | arm=vwap_revert_src | combo=band1_tp2 | combo_r=0.4594 | combo_n=38 | pick=exploit",
vwap_clone,AVAX-USDT-SWAP,long,2026-10-05T20:00:00+00:00,2026-10-05T20:15:00+00:00,10.883439,10.9252678,87.85289128,956.1415832,10.86111428,1.96129113,10,95.61415832,1.053776871,0.9579801317,0,2.621003716,tp,"VWAP sapma-dönüş (kaynak kuralları): kümülatif VWAP=10.9307 (300 bar), σ=0.0168857; bu bar -3.70σ ile bandın dışında kapandı ve kapanış long yönünde döndü; stop 2×0.5σ (10.8611), hedef VWAP mesafesinin %100'i (10.9307); yönetim: breakeven 1R, kısmi %50 @ 1.5R, takip geri verme %50 | arm=vwap_revert_src | combo=band1_tp2 | combo_r=0.4594 | combo_n=38 | pick=exploit",
vwap_clone,NEAR-USDT-SWAP,short,2026-10-05T20:30:00+00:00,2026-10-05T21:00:00+00:00,5.1804085,5.289282961,367.6922667,1904.796144,5.28136092,37.11942397,10,190.4796144,2.117293522,3.865747861,0,-42.14959085,stop,"VWAP sapma-dönüş (kaynak kuralları): kümülatif VWAP=4.87436 (300 bar), σ=0.0778887; bu bar +4.18σ ile bandın dışında kapandı ve kapanış short yönünde döndü; stop 2.5×0.5σ (5.28136), hedef VWAP mesafesinin %75'i (4.95177); yönetim: breakeven 1R, kısmi %50 @ 1.5R, takip geri verme %50 | arm=vwap_revert_src | combo=band2_tp1 | combo_r=0.3943 | combo_n=58 | pick=exploit",
vwap_clone,BNB-USDT-SWAP,short,2026-10-05T20:45:00+00:00,2026-10-05T21:00:00+00:00,787.0063,786.9243792,2.409569339,1896.34625,788.0105746,2.419869171,10,189.634625,2.085872308,1.896248076,0,-1.888478509,tp,"VWAP sapma-dönüş (kaynak kuralları): kümülatif VWAP=785.562 (300 bar), σ=0.510575; bu bar +4.32σ ile bandın dışında kapandı ve kapanış short yönünde döndü; stop 2×0.5σ (788.011), hedef VWAP mesafesinin %50'i (786.531); yönetim: breakeven 1R, kısmi %50 @ 1.5R, takip geri verme %50 | arm=vwap_revert_src | combo=band1_tp0 | combo_r=-0.5376 | combo_n=26 | pick=exploit",
vwap_clone,ADA-USDT-SWAP,short,2026-10-05T21:15:00+00:00,2026-10-05T22:00:00+00:00,0.26856565,0.2711488718,7032.401038,1888.661356,0.2707427577,15.31029453,10,188.8661356,2.08751893,3.800760555,0,-20.25377094,stop,"VWAP sapma-dönüş (kaynak kuralları): kümülatif VWAP=0.260065 (300 bar), σ=0.00171421; bu bar +5.15σ ile bandın dışında kapandı ve kapanış short yönünde döndü; stop 2.5×0.5σ (0.270743), hedef VWAP mesafesinin %100'i (0.260065); yönetim: breakeven 1R, kısmi %50 @ 1.5R, takip geri verme %50 | arm=vwap_revert_src | combo=band2_tp2 | combo_r=0.5111 | combo_n=15 | pick=exploit",
vwap_clone,LINK-USDT-SWAP,long,2026-10-05T22:15:00+00:00,2026-10-05T22:15:00+00:00,13.9399665,13.898553,134.816445,1879.336727,13.90550575,4.645875883,10,187.9336727,2.064199629,1.87654419,0,-7.647420937,stop,"VWAP sapma-dönüş (kaynak kuralları): kümülatif VWAP=13.9964 (300 bar), σ=0.0294943; bu bar -2.00σ ile bandın dışında kapandı ve kapanış long yönünde döndü; stop 2×0.5σ (13.9055), hedef VWAP mesafesinin %75'i (13.981); yönetim: breakeven 1R, kısmi %50 @ 1.5R, takip geri verme %50 | arm=vwap_revert_src | combo=band1_tp1 | combo_r=-0.06439 | combo_n=9 | pick=exploit",
vwap_clone,LINK-USDT-SWAP,long,2026-10-05T23:45:00+00:00,2026-10-06T00:00:00+00:00,13.864929,13.82603926,136.9040607,1898.165082,13.83295574,4.377269233,10,189.8165082,2.0850533,1.895502143,-0.1831953601,-7.592411799,stop,"VWAP sapma-dönüş (kaynak kuralları): kümülatif VWAP=14.0137 (300 bar), σ=0.0260443; bu bar -6.02σ ile bandın dışında kapandı ve kapanış long yönünde döndü; stop 2×0.5σ (13.833), hedef VWAP mesafesinin %75'i (13.975); yönetim: breakeven 1R, kısmi %50 @ 1.5R, takip geri verme %50 | arm=vwap_revert_src | combo=band1_tp1 | combo_r=-0.2226 | combo_n=10 | pick=exploit",
vwap_clone,PENGU-USDT-SWAP,short,2026-10-05T21:15:00+00:00,2026-10-06T00:30:00+00:00,0.0097701125,0.009550457135,96604.29051,943.8347862,0.009919731305,14.45381846,10,94.38347862,1.026547457,0.9332304991,0.04667919317,20.23978239,partial,"VWAP sapma-dönüş (kaynak kuralları): kümülatif VWAP=0.00937875 (300 bar), σ=0.000116585; bu bar +3.46σ ile bandın dışında kapandı ve kapanış short yönünde döndü; stop 2.5×0.5σ (0.00991973), hedef VWAP mesafesinin %75'i (0.00947757); yönetim: breakeven 1R, kısmi %50 @ 1.5R, takip geri verme %50 | arm=vwap_revert_src | combo=band2_tp1 | combo_r=0.4998 | combo_n=27 | pick=exploit",
vwap_clone,LINK-USDT-SWAP,long,2026-10-06T00:30:00+00:00,2026-10-06T00:30:00+00:00,13.878936,13.82442281,136.4816984,1894.220758,13.83133848,6.496190181,10,189.4220758,2.079550804,1.890499344,0,-9.519603269,stop,"VWAP sapma-dönüş (kaynak kuralları): kümülatif VWAP=14.0181 (300 bar), σ=0.0325292; bu bar -4.58σ ile bandın dışında kapandı ve kapanış long yönünde döndü; stop 2.5×0.5σ (13.8313), hedef VWAP mesafesinin %75'i (13.9816); yönetim: breakeven 1R, kısmi %50 @ 1.5R, takip geri verme %50 | arm=vwap_revert_src | combo=band2_tp1 | combo_r=-1.538 | combo_n=3 | pick=explore",
vwap_clone,PENGU-USDT-SWAP,short,2026-10-05T21:15:00+00:00,2026-10-06T00:45:00+00:00,0.0097701125,0.00956000282,96604.29051,943.8347862,0.009919731305,14.45381846,10,94.38347862,1.027054642,1.855384558,0.04667919317,19.31712115,stop,"VWAP sapma-dönüş (kaynak kuralları): kümülatif VWAP=0.00937875 (300 bar), σ=0.000116585; bu bar +3.46σ ile bandın dışında kapandı ve kapanış short yönünde döndü; stop 2.5×0.5σ (0.00991973), hedef VWAP mesafesinin %75'i (0.00947757); yönetim: breakeven 1R, kısmi %50 @ 1.5R, takip geri verme %50 | arm=vwap_revert_src | combo=band2_tp1 | combo_r=0.4998 | combo_n=27 | pick=exploit",exit_rule=partial
vwap_clone,ETH-USDT-SWAP,short,2026-10-05T22:30:00+00:00,2026-10-06T01:00:00+00:00,2714.30217,2725.455487,0.6936549087,1882.789024,2721.373427,4.905011797,10,188.2789024,2.07532303,3.773406498,0.1145664127,-9.697309468,stop,"VWAP sapma-dönüş (kaynak kuralları): kümülatif VWAP=2702.36 (300 bar), σ=4.57874; bu bar +3.03σ ile bandın dışında kapandı ve kapanış short yönünde döndü; stop 2.5×0.5σ (2721.37), hedef VWAP mesafesinin %75'i (2705.68); yönetim: breakeven 1R, kısmi %50 @ 1.5R, takip geri verme %50 | arm=vwap_revert_src | combo=band2_tp1 | combo_r=-0.3381 | combo_n=58 | pick=explore",
vwap_clone,AVAX-USDT-SWAP,short,2026-10-06T01:00:00+00:00,2026-10-06T01:00:00+00:00,11.176409,11.27648447,169.9412356,1899.332755,11.25959508,14.13674536,10,189.9332755,2.098619852,3.820345698,0,-19.10556946,stop,"VWAP sapma-dönüş (kaynak kuralları): kümülatif VWAP=10.9905 (300 bar), σ=0.0785951; bu bar +2.34σ ile bandın dışında kapandı ve kapanış short yönünde döndü; stop 2×0.5σ (11.2596), hedef VWAP mesafesinin %100'i (10.9905); yönetim: breakeven 1R, kısmi %50 @ 1.5R, takip geri verme %50 | arm=vwap_revert_src | combo=band1_tp2 | combo_r=0.4878 | combo_n=40 | pick=exploit",
vwap_clone,ETHFI-USDT-SWAP,short,2026-10-05T19:30:00+00:00,2026-10-06T01:15:00+00:00,0.75212375,0.7380041479,1279.18409,962.1047344,0.7617826965,12.35557067,10,96.21047344,1.048381344,0.9530787029,0.047355395,17.06054436,partial,"VWAP sapma-dönüş (kaynak kuralları): kümülatif VWAP=0.726697 (300 bar), σ=0.00734616; bu bar +3.74σ ile bandın dışında kapandı ve kapanış short yönünde döndü; stop 2.5×0.5σ (0.761783), hedef VWAP mesafesinin %75'i (0.733172); yönetim: breakeven 1R, kısmi %50 @ 1.5R, takip geri verme %50 | arm=vwap_revert_src | combo=band2_tp1 | combo_r=0.4515 | combo_n=48 | pick=exploit",
vwap_clone,LINK-USDT-SWAP,long,2026-10-06T01:00:00+00:00,2026-10-06T01:15:00+00:00,13.8759345,13.86899653,136.8077492,1898.335367,13.84102658,4.775673862,10,189.8335367,2.087646862,1.897861021,0,-3.036814546,stop,"VWAP sapma-dönüş (kaynak kuralları): kümülatif VWAP=14.02 (300 bar), σ=0.0359646; bu bar -4.61σ ile bandın dışında kapandı ve kapanış long yönünde döndü; stop 1.5×0.5σ (13.841), hedef VWAP mesafesinin %100'i (14.02); yönetim: breakeven 1R, kısmi %50 @ 1.5R, takip geri verme %50 | arm=vwap_revert_src | combo=band0_tp2 | combo_r=-0.2942 | combo_n=12 | pick=exploit",exit_rule=breakeven
vwap_clone,ETHFI-USDT-SWAP,short,2026-10-05T19:30:00+00:00,2026-10-06T01:30:00+00:00,0.75212375,0.74020865,1279.18409,962.1047344,0.7617826965,12.35557067,10,96.21047344,1.049932324,1.899460455,0.047355395,14.23902942,stop,"VWAP sapma-dönüş (kaynak kuralları): kümülatif VWAP=0.726697 (300 bar), σ=0.00734616; bu bar +3.74σ ile bandın dışında kapandı ve kapanış short yönünde döndü; stop 2.5×0.5σ (0.761783), hedef VWAP mesafesinin %75'i (0.733172); yönetim: breakeven 1R, kısmi %50 @ 1.5R, takip geri verme %50 | arm=vwap_revert_src | combo=band2_tp1 | combo_r=0.4515 | combo_n=48 | pick=exploit",exit_rule=partial
vwap_clone,ADA-USDT-SWAP,short,2026-10-06T01:15:00+00:00,2026-10-06T02:00:00+00:00,0.27036475,0.2675652474,3490.01732,943.5776603,0.2723202289,6.824655205,10,94.35776603,1.032561755,0.9386951814,0,8.737750715,partial,"VWAP sapma-dönüş (kaynak kuralları): kümülatif VWAP=0.262241 (300 bar), σ=0.00145618; bu bar +6.04σ ile bandın dışında kapandı ve kapanış short yönünde döndü; stop 2.5×0.5σ (0.27232), hedef VWAP mesafesinin %100'i (0.262241); yönetim: breakeven 1R, kısmi %50 @ 1.5R, takip geri verme %50 | arm=vwap_revert_src | combo=band2_tp2 | combo_r=0.3965 | combo_n=16 | pick=exploit",
vwap_clone,LINK-USDT-SWAP,long,2026-10-06T02:00:00+00:00,2026-10-06T02:00:00+00:00,13.814904,13.7718215,136.2968519,1882.927925,13.77871086,4.933011669,10,188.2927925,2.067991112,1.879990922,0,-7.940000237,stop,"VWAP sapma-dönüş (kaynak kuralları): kümülatif VWAP=14.0223 (300 bar), σ=0.0390522; bu bar -5.64σ ile bandın dışında kapandı ve kapanış long yönünde döndü; stop 1.5×0.5σ (13.7787), hedef VWAP mesafesinin %100'i (14.0223); yönetim: breakeven 1R, kısmi %50 @ 1.5R, takip geri verme %50 | arm=vwap_revert_src | combo=band0_tp2 | combo_r=-0.3205 | combo_n=13 | pick=exploit",
vwap_clone,ADA-USDT-SWAP,short,2026-10-06T01:15:00+00:00,2026-10-06T02:15:00+00:00,0.27036475,0.26850215,3490.01732,943.5776603,0.2723202289,6.824655205,10,94.35776603,1.034360148,1.875535308,0,5.466146113,stop,"VWAP sapma-dönüş (kaynak kuralları): kümülatif VWAP=0.262241 (300 bar), σ=0.00145618; bu bar +6.04σ ile bandın dışında kapandı ve kapanış short yönünde döndü; stop 2.5×0.5σ (0.27232), hedef VWAP mesafesinin %100'i (0.262241); yönetim: breakeven 1R, kısmi %50 @ 1.5R, takip geri verme %50 | arm=vwap_revert_src | combo=band2_tp2 | combo_r=0.3965 | combo_n=16 | pick=exploit",exit_rule=partial
vwap_clone,ADA-USDT-SWAP,short,2026-10-06T02:30:00+00:00,2026-10-06T03:30:00+00:00,0.267866,0.2659094134,3517.91338,942.3293855,0.2692589833,4.900394499,10,94.23293855,1.032776618,0.9388897898,0,5.850325733,partial,"VWAP sapma-dönüş (kaynak kuralları): kümülatif VWAP=0.262469 (300 bar), σ=0.00167864; bu bar +3.49σ ile bandın dışında kapandı ve kapanış short yönünde döndü; stop 1.5×0.5σ (0.269259), hedef VWAP mesafesinin %100'i (0.262469); yönetim: breakeven 1R, kısmi %50 @ 1.5R, takip geri verme %50 | arm=vwap_revert_src | combo=band0_tp2 | combo_r=0.1876 | combo_n=7 | pick=explore",
vwap_clone,LINK-USDT-SWAP,long,2026-10-06T02:30:00+00:00,2026-10-06T03:30:00+00:00,13.794894,13.73774868,136.548283,1883.669089,13.74462099,6.864693305,10,188.3669089,2.067744296,1.879766061,0,-9.870839799,stop,"VWAP sapma-dönüş (kaynak kuralları): kümülatif VWAP=14.023 (300 bar), σ=0.044379; bu bar -5.20σ ile bandın dışında kapandı ve kapanış long yönünde döndü; stop 2×0.5σ (13.7446), hedef VWAP mesafesinin %100'i (14.023); yönetim: breakeven 1R, kısmi %50 @ 1.5R, takip geri verme %50 | arm=vwap_revert_src | combo=band1_tp2 | combo_r=-0.3257 | combo_n=15 | pick=exploit",
vwap_clone,ADA-USDT-SWAP,short,2026-10-06T02:30:00+00:00,2026-10-06T03:45:00+00:00,0.267866,0.266399,3517.91338,942.3293855,0.2692589833,4.900394499,10,94.23293855,1.033723896,1.875047832,0,4.127055033,stop,"VWAP sapma-dönüş (kaynak kuralları): kümülatif VWAP=0.262469 (300 bar), σ=0.00167864; bu bar +3.49σ ile bandın dışında kapandı ve kapanış short yönünde döndü; stop 1.5×0.5σ (0.269259), hedef VWAP mesafesinin %100'i (0.262469); yönetim: breakeven 1R, kısmi %50 @ 1.5R, takip geri verme %50 | arm=vwap_revert_src | combo=band0_tp2 | combo_r=0.1876 | combo_n=7 | pick=explore",exit_rule=partial
vwap_clone,AVAX-USDT-SWAP,short,2026-10-06T03:00:00+00:00,2026-10-06T04:00:00+00:00,11.160417,11.23783476,169.1082776,1887.318896,11.22100326,10.24563734,10,188.7318896,2.083251377,3.790478314,0,-15.17523552,stop,"VWAP sapma-dönüş (kaynak kuralları): kümülatif VWAP=11.0123 (300 bar), σ=0.0540033; bu bar +3.04σ ile bandın dışında kapandı ve kapanış short yönünde döndü; stop 2×0.5σ (11.221), hedef VWAP mesafesinin %75'i (11.051); yönetim: breakeven 1R, kısmi %50 @ 1.5R, takip geri verme %50 | arm=vwap_revert_src | combo=band1_tp1 | combo_r=0.4543 | combo_n=31 | pick=exploit",
vwap_clone,NEAR-USDT-SWAP,short,2026-10-06T01:15:00+00:00,2026-10-06T05:00:00+00:00,5.2803585,5.288279038,357.2038391,1886.164328,5.340494295,21.48073679,10,188.6164328,2.076336847,3.772800433,0,-4.905583339,stop,"VWAP sapma-dönüş (kaynak kuralları): kümülatif VWAP=4.94532 (300 bar), σ=0.0467954; bu bar +7.55σ ile bandın dışında kapandı ve kapanış short yönünde döndü; stop 2.5×0.5σ (5.34049), hedef VWAP mesafesinin %75'i (5.02949); yönetim: breakeven 1R, kısmi %50 @ 1.5R, takip geri verme %50 | arm=vwap_revert_src | combo=band2_tp1 | combo_r=0.3684 | combo_n=59 | pick=exploit",exit_rule=breakeven
vwap_clone,AVAX-USDT-SWAP,short,2026-10-06T05:00:00+00:00,2026-10-06T05:00:00+00:00,11.240377,11.30358084,168.1510512,1890.081208,11.28665087,7.780999343,10,189.0081208,2.084934615,3.792306672,0,-12.71272727,stop,"VWAP sapma-dönüş (kaynak kuralları): kümülatif VWAP=11.0294 (300 bar), σ=0.0396509; bu bar +6.02σ ile bandın dışında kapandı ve kapanış short yönünde döndü; stop 2×0.5σ (11.2867), hedef VWAP mesafesinin %100'i (11.0294); yönetim: breakeven 1R, kısmi %50 @ 1.5R, takip geri verme %50 | arm=vwap_revert_src | combo=band1_tp2 | combo_r=0.4429 | combo_n=41 | pick=exploit",
vwap_clone,NEAR-USDT-SWAP,short,2026-10-06T05:30:00+00:00,2026-10-06T05:45:00+00:00,5.259369,5.2181697,178.3058026,937.7760106,5.288573721,5.207371196,10,93.77760106,1.027513271,0.9341050435,0,6.318561046,partial,"VWAP sapma-dönüş (kaynak kuralları): kümülatif VWAP=4.96686 (300 bar), σ=0.0354316; bu bar +8.07σ ile bandın dışında kapandı ve kapanış short yönünde döndü; stop 1.5×0.5σ (5.28857), hedef VWAP mesafesinin %75'i (5.04065); yönetim: breakeven 1R, kısmi %50 @ 1.5R, takip geri verme %50 | arm=vwap_revert_src | combo=band0_tp1 | combo_r=-0.5486 | combo_n=100 | pick=explore",
vwap_clone,BNB-USDT-SWAP,long,2026-10-06T02:30:00+00:00,2026-10-06T06:00:00+00:00,782.09085,779.0819704,2.411035113,1885.648501,779.4717063,6.314847468,10,188.5648501,2.070223368,1.882019901,0,-9.324737663,stop,"VWAP sapma-dönüş (kaynak kuralları): kümülatif VWAP=787.358 (300 bar), σ=2.22829; bu bar -2.61σ ile bandın dışında kapandı ve kapanış long yönünde döndü; stop 2×0.5σ (779.472), hedef VWAP mesafesinin %50'i (784.529); yönetim: breakeven 1R, kısmi %50 @ 1.5R, takip geri verme %50 | arm=vwap_revert_src | combo=band1_tp0 | combo_r=-0.5466 | combo_n=27 | pick=exploit",
vwap_clone,LINK-USDT-SWAP,long,2026-10-06T04:00:00+00:00,2026-10-06T06:00:00+00:00,13.7718825,13.76499656,137.1052632,1888.197575,13.70772659,8.796112621,10,188.8197575,2.076498078,1.887725761,0,-3.020596865,stop,"VWAP sapma-dönüş (kaynak kuralları): kümülatif VWAP=14.0245 (300 bar), σ=0.0450187; bu bar -5.84σ ile bandın dışında kapandı ve kapanış long yönünde döndü; stop 2.5×0.5σ (13.7077), hedef VWAP mesafesinin %100'i (14.0245); yönetim: breakeven 1R, kısmi %50 @ 1.5R, takip geri verme %50 | arm=vwap_revert_src | combo=band2_tp2 | combo_r=-0.3296 | combo_n=26 | pick=exploit",exit_rule=breakeven
vwap_clone,AVAX-USDT-SWAP,short,2026-10-06T06:00:00+00:00,2026-10-06T06:15:00+00:00,11.2753595,11.29227254,166.9224413,1882.110534,11.33878123,10.58651004,10,188.2110534,2.071874329,3.764691832,0,-4.89504013,stop,"VWAP sapma-dönüş (kaynak kuralları): kümülatif VWAP=11.0376 (300 bar), σ=0.0567812; bu bar +4.66σ ile bandın dışında kapandı ve kapanış short yönünde döndü; stop 2×0.5σ (11.3388), hedef VWAP mesafesinin %75'i (11.0987); yönetim: breakeven 1R, kısmi %50 @ 1.5R, takip geri verme %50 | arm=vwap_revert_src | combo=band1_tp1 | combo_r=0.3938 | combo_n=32 | pick=exploit",exit_rule=breakeven
vwap_clone,ADA-USDT-SWAP,short,2026-10-06T05:45:00+00:00,2026-10-06T06:30:00+00:00,0.2692653,0.2696691979,6977.87603,1878.899883,0.2714848218,15.48754775,10,187.8899883,2.068339963,3.758269725,0,-4.886689787,stop,"VWAP sapma-dönüş (kaynak kuralları): kümülatif VWAP=0.263126 (300 bar), σ=0.00166786; bu bar +4.16σ ile bandın dışında kapandı ve kapanış short yönünde döndü; stop 2.5×0.5σ (0.271485), hedef VWAP mesafesinin %100'i (0.263126); yönetim: breakeven 1R, kısmi %50 @ 1.5R, takip geri verme %50 | arm=vwap_revert_src | combo=band2_tp2 | combo_r=0.4681 | combo_n=18 | pick=exploit",exit_rule=breakeven
vwap_clone,NEAR-USDT-SWAP,short,2026-10-06T05:30:00+00:00,2026-10-06T07:30:00+00:00,5.259369,5.206482527,178.3058026,937.7760106,5.288573721,5.207371196,10,93.77760106,1.026367131,1.859555985,0,8.403597927,stop,"VWAP sapma-dönüş (kaynak kuralları): kümülatif VWAP=4.96686 (300 bar), σ=0.0354316; bu bar +8.07σ ile bandın dışında kapandı ve kapanış short yönünde döndü; stop 1.5×0.5σ (5.28857), hedef VWAP mesafesinin %75'i (5.04065); yönetim: breakeven 1R, kısmi %50 @ 1.5R, takip geri verme %50 | arm=vwap_revert_src | combo=band0_tp1 | combo_r=-0.5486 | combo_n=100 | pick=explore",exit_rule=giveback
vwap_clone,BTC-USDT-SWAP,long,2026-10-06T06:30:00+00:00,2026-10-06T07:30:00+00:00,85266.2118,85397.8626,0.02205273158,1880.352882,85097.11521,3.729041695,10,188.0352882,2.069984963,1.881805708,0,0.8332747272,tp,"VWAP sapma-dönüş (kaynak kuralları): kümülatif VWAP=85657.7 (300 bar), σ=126.385; bu bar -3.67σ ile bandın dışında kapandı ve kapanış long yönünde döndü; stop 2×0.5σ (85097.1), hedef VWAP mesafesinin %50'i (85440.6); yönetim: breakeven 1R, kısmi %50 @ 1.5R, takip geri verme %50 | arm=vwap_revert_src | combo=band1_tp0 | combo_r=-0.476 | combo_n=85 | pick=exploit",
vwap_clone,ETH-USDT-SWAP,long,2026-10-06T06:30:00+00:00,2026-10-06T07:30:00+00:00,2693.315985,2701.962558,0.3488944376,939.6829659,2686.650498,2.325551197,10,93.96829659,1.03531047,0.9411923259,0,1.981430679,partial,"VWAP sapma-dönüş (kaynak kuralları): kümülatif VWAP=2705.44 (300 bar), σ=4.2636; bu bar -3.20σ ile bandın dışında kapandı ve kapanış long yönünde döndü; stop 2.5×0.5σ (2686.65), hedef VWAP mesafesinin %75'i (2702.07); yönetim: breakeven 1R, kısmi %50 @ 1.5R, takip geri verme %50 | arm=vwap_revert_src | combo=band2_tp1 | combo_r=-0.3659 | combo_n=59 | pick=explore",
vwap_clone,ETH-USDT-SWAP,long,2026-10-06T06:30:00+00:00,2026-10-06T07:30:00+00:00,2693.315985,2700.723051,0.3488944376,939.6829659,2686.650498,2.325551197,10,93.96829659,1.035072619,0.9409759892,0,1.549211482,tp,"VWAP sapma-dönüş (kaynak kuralları): kümülatif VWAP=2705.44 (300 bar), σ=4.2636; bu bar -3.20σ ile bandın dışında kapandı ve kapanış long yönünde döndü; stop 2.5×0.5σ (2686.65), hedef VWAP mesafesinin %75'i (2702.07); yönetim: breakeven 1R, kısmi %50 @ 1.5R, takip geri verme %50 | arm=vwap_revert_src | combo=band2_tp1 | combo_r=-0.3659 | combo_n=59 | pick=explore",
vwap_clone,AVAX-USDT-SWAP,short,2026-10-06T07:00:00+00:00,2026-10-06T07:30:00+00:00,11.284355,11.30128153,166.1237406,1874.599263,11.34918666,10.7700771,10,187.4599263,2.063605734,3.749667411,0,-4.875504629,stop,"VWAP sapma-dönüş (kaynak kuralları): kümülatif VWAP=11.05 (300 bar), σ=0.0591867; bu bar +4.66σ ile bandın dışında kapandı ve kapanış short yönünde döndü; stop 2×0.5σ (11.3492), hedef VWAP mesafesinin %100'i (11.05); yönetim: breakeven 1R, kısmi %50 @ 1.5R, takip geri verme %50 | arm=vwap_revert_src | combo=band1_tp2 | combo_r=0.3935 | combo_n=42 | pick=exploit",exit_rule=breakeven
vwap_clone,SOL-USDT-SWAP,long,2026-10-06T06:30:00+00:00,2026-10-06T07:45:00+00:00,119.4597,120.1042389,7.861979812,939.1897497,118.9899526,3.693144549,10,93.91897497,1.035895768,0.941724928,0,4.031456323,partial,"VWAP sapma-dönüş (kaynak kuralları): kümülatif VWAP=120.546 (300 bar), σ=0.336038; bu bar -3.51σ ile bandın dışında kapandı ve kapanış long yönünde döndü; stop 2.5×0.5σ (118.99), hedef VWAP mesafesinin %75'i (120.262); yönetim: breakeven 1R, kısmi %50 @ 1.5R, takip geri verme %50 | arm=vwap_revert_src | combo=band2_tp1 | combo_r=-0.1264 | combo_n=30 | pick=exploit",
vwap_clone,SOL-USDT-SWAP,long,2026-10-06T06:30:00+00:00,2026-10-06T08:00:00+00:00,119.4597,120.069935,7.861979812,939.1897497,118.9899526,3.693144549,10,93.91897497,1.035747435,0.9415900121,-0.002536213423,3.759371602,stop,"VWAP sapma-dönüş (kaynak kuralları): kümülatif VWAP=120.546 (300 bar), σ=0.336038; bu bar -3.51σ ile bandın dışında kapandı ve kapanış long yönünde döndü; stop 2.5×0.5σ (118.99), hedef VWAP mesafesinin %75'i (120.262); yönetim: breakeven 1R, kısmi %50 @ 1.5R, takip geri verme %50 | arm=vwap_revert_src | combo=band2_tp1 | combo_r=-0.1264 | combo_n=30 | pick=exploit",exit_rule=partial
vwap_clone,AVAX-USDT-SWAP,short,2026-10-06T08:15:00+00:00,2026-10-06T08:30:00+00:00,11.298348,11.37174334,165.8856034,1874.233275,11.35471127,9.349855448,10,187.4233275,2.068352979,3.762960126,0,-14.24358312,stop,"VWAP sapma-dönüş (kaynak kuralları): kümülatif VWAP=11.0632 (300 bar), σ=0.0487113; bu bar +5.33σ ile bandın dışında kapandı ve kapanış short yönünde döndü; stop 2×0.5σ (11.3547), hedef VWAP mesafesinin %100'i (11.0632); yönetim: breakeven 1R, kısmi %50 @ 1.5R, takip geri verme %50 | arm=vwap_revert_src | combo=band1_tp2 | combo_r=0.3738 | combo_n=43 | pick=exploit",
vwap_clone,BNB-USDT-SWAP,long,2026-10-06T07:45:00+00:00,2026-10-06T08:45:00+00:00,780.08985,782.1235892,1.200652577,936.6168887,778.4731856,1.941052291,10,93.66168887,1.031621575,0.9378386408,-0.08730749051,1.322885138,partial,"VWAP sapma-dönüş (kaynak kuralları): kümülatif VWAP=788.045 (300 bar), σ=1.22681; bu bar -7.29σ ile bandın dışında kapandı ve kapanış long yönünde döndü; stop 2×0.5σ (778.473), hedef VWAP mesafesinin %50'i (783.872); yönetim: breakeven 1R, kısmi %50 @ 1.5R, takip geri verme %50 | arm=vwap_revert_src | combo=band1_tp0 | combo_r=-0.5798 | combo_n=28 | pick=exploit",
vwap_clone,BNB-USDT-SWAP,long,2026-10-06T07:45:00+00:00,2026-10-06T09:00:00+00:00,780.08985,782.1235892,1.200652577,936.6168887,778.4731856,1.941052291,10,93.66168887,1.031621575,0.9378386408,-0.08730749051,1.322885138,stop,"VWAP sapma-dönüş (kaynak kuralları): kümülatif VWAP=788.045 (300 bar), σ=1.22681; bu bar -7.29σ ile bandın dışında kapandı ve kapanış long yönünde döndü; stop 2×0.5σ (778.473), hedef VWAP mesafesinin %50'i (783.872); yönetim: breakeven 1R, kısmi %50 @ 1.5R, takip geri verme %50 | arm=vwap_revert_src | combo=band1_tp0 | combo_r=-0.5798 | combo_n=28 | pick=exploit",exit_rule=partial
vwap_clone,ADA-USDT-SWAP,short,2026-10-06T08:15:00+00:00,2026-10-06T09:00:00+00:00,0.27216385,0.2751850603,6890.033335,1875.217999,0.2747729009,17.97644783,10,187.5217999,2.074188731,3.777869709,0,-22.89042823,stop,"VWAP sapma-dönüş (kaynak kuralları): kümülatif VWAP=0.263686 (300 bar), σ=0.00189832; bu bar +4.73σ ile bandın dışında kapandı ve kapanış short yönünde döndü; stop 2.5×0.5σ (0.274773), hedef VWAP mesafesinin %100'i (0.263686); yönetim: breakeven 1R, kısmi %50 @ 1.5R, takip geri verme %50 | arm=vwap_revert_src | combo=band2_tp2 | combo_r=0.4268 | combo_n=19 | pick=explore",
vwap_clone,LINK-USDT-SWAP,long,2026-10-06T07:45:00+00:00,2026-10-06T09:15:00+00:00,13.930962,13.92399652,134.3949229,1872.250564,13.8756903,7.42823567,10,187.2250564,2.058960751,1.871782735,-0.1742676129,-3.169353646,stop,"VWAP sapma-dönüş (kaynak kuralları): kümülatif VWAP=14.0233 (300 bar), σ=0.0386478; bu bar -3.37σ ile bandın dışında kapandı ve kapanış long yönünde döndü; stop 2.5×0.5σ (13.8757), hedef VWAP mesafesinin %100'i (14.0233); yönetim: breakeven 1R, kısmi %50 @ 1.5R, takip geri verme %50 | arm=vwap_revert_src | combo=band2_tp2 | combo_r=-0.3301 | combo_n=27 | pick=exploit",exit_rule=breakeven
vwap_clone,NEAR-USDT-SWAP,short,2026-10-06T08:15:00+00:00,2026-10-06T09:15:00+00:00,5.279359,5.196941899,177.4125484,936.6245341,5.336035182,10.05506591,10,93.66245341,1.022244982,0.929317508,0,13.59958292,partial,"VWAP sapma-dönüş (kaynak kuralları): kümülatif VWAP=4.98224 (300 bar), σ=0.0440281; bu bar +7.00σ ile bandın dışında kapandı ve kapanış short yönünde döndü; stop 2.5×0.5σ (5.33604), hedef VWAP mesafesinin %75'i (5.05693); yönetim: breakeven 1R, kısmi %50 @ 1.5R, takip geri verme %50 | arm=vwap_revert_src | combo=band2_tp1 | combo_r=0.3584 | combo_n=60 | pick=exploit",
vwap_clone,AVAX-USDT-SWAP,short,2026-10-06T09:00:00+00:00,2026-10-06T09:15:00+00:00,11.310342,11.38000254,164.1525874,1856.621904,11.36295811,8.637069867,10,185.6621904,2.048573321,3.7266638,0,-13.48353165,stop,"VWAP sapma-dönüş (kaynak kuralları): kümülatif VWAP=11.0689 (300 bar), σ=0.0375665; bu bar +7.21σ ile bandın dışında kapandı ve kapanış short yönünde döndü; stop 2.5×0.5σ (11.363), hedef VWAP mesafesinin %50'i (11.1925); yönetim: breakeven 1R, kısmi %50 @ 1.5R, takip geri verme %50 | arm=vwap_revert_src | combo=band2_tp0 | combo_r=-1.381 | combo_n=4 | pick=explore",
vwap_clone,NEAR-USDT-SWAP,short,2026-10-06T08:15:00+00:00,2026-10-06T09:30:00+00:00,5.279359,5.2088015,177.4125484,936.6245341,5.336035182,10.05506591,10,93.66245341,1.023402205,1.852630537,0,11.49438368,stop,"VWAP sapma-dönüş (kaynak kuralları): kümülatif VWAP=4.98224 (300 bar), σ=0.0440281; bu bar +7.00σ ile bandın dışında kapandı ve kapanış short yönünde döndü; stop 2.5×0.5σ (5.33604), hedef VWAP mesafesinin %75'i (5.05693); yönetim: breakeven 1R, kısmi %50 @ 1.5R, takip geri verme %50 | arm=vwap_revert_src | combo=band2_tp1 | combo_r=0.3584 | combo_n=60 | pick=exploit",exit_rule=partial
vwap_clone,ADA-USDT-SWAP,short,2026-10-06T09:30:00+00:00,2026-10-06T09:30:00+00:00,0.2746626,0.2771234031,6773.031538,1860.298452,0.2767083406,13.85586577,10,186.0298452,2.055495201,3.74184601,0,-18.72259245,stop,"VWAP sapma-dönüş (kaynak kuralları): kümülatif VWAP=0.264748 (300 bar), σ=0.00267779; bu bar +4.55σ ile bandın dışında kapandı ve kapanış short yönünde döndü; stop 1.5×0.5σ (0.276708), hedef VWAP mesafesinin %100'i (0.264748); yönetim: breakeven 1R, kısmi %50 @ 1.5R, takip geri verme %50 | arm=vwap_revert_src | combo=band0_tp2 | combo_r=0.3722 | combo_n=9 | pick=exploit",
vwap_clone,AVAX-USDT-SWAP,short,2026-10-06T09:30:00+00:00,2026-10-06T09:30:00+00:00,11.2553695,11.31487742,165.1941825,1859.321563,11.29793053,7.030834296,10,185.9321563,2.050660419,3.72965444,0,-11.88102331,stop,"VWAP sapma-dönüş (kaynak kuralları): kümülatif VWAP=11.0729 (300 bar), σ=0.0359305; bu bar +6.17σ ile bandın dışında kapandı ve kapanış short yönünde döndü; stop 2×0.5σ (11.2979), hedef VWAP mesafesinin %75'i (11.1202); yönetim: breakeven 1R, kısmi %50 @ 1.5R, takip geri verme %50 | arm=vwap_revert_src | combo=band1_tp1 | combo_r=0.3679 | combo_n=33 | pick=exploit",
vwap_clone,SOL-USDT-SWAP,long,2026-10-06T09:45:00+00:00,2026-10-06T10:00:00+00:00,119.37966,120.1554244,7.723470116,922.0252365,118.8224119,4.30388931,10,92.20252365,1.017523137,0.9250227624,0,4.974070294,partial,"VWAP sapma-dönüş (kaynak kuralları): kümülatif VWAP=120.522 (300 bar), σ=0.398071; bu bar -3.27σ ile bandın dışında kapandı ve kapanış long yönünde döndü; stop 2.5×0.5σ (118.822), hedef VWAP mesafesinin %75'i (120.221); yönetim: breakeven 1R, kısmi %50 @ 1.5R, takip geri verme %50 | arm=vwap_revert_src | combo=band2_tp1 | combo_r=-0.05257 | combo_n=32 | pick=exploit",
vwap_clone,SOL-USDT-SWAP,long,2026-10-06T09:45:00+00:00,2026-10-06T10:00:00+00:00,119.37966,120.16124,7.723470116,922.0252365,118.8224119,4.30388931,10,92.20252365,1.017547841,0.9250452319,0,5.018962154,tp,"VWAP sapma-dönüş (kaynak kuralları): kümülatif VWAP=120.522 (300 bar), σ=0.398071; bu bar -3.27σ ile bandın dışında kapandı ve kapanış long yönünde döndü; stop 2.5×0.5σ (118.822), hedef VWAP mesafesinin %75'i (120.221); yönetim: breakeven 1R, kısmi %50 @ 1.5R, takip geri verme %50 | arm=vwap_revert_src | combo=band2_tp1 | combo_r=-0.05257 | combo_n=32 | pick=exploit",
vwap_clone,AVAX-USDT-SWAP,short,2026-10-06T10:00:00+00:00,2026-10-06T10:00:00+00:00,11.278358,11.32930245,163.3451754,1842.265366,11.31233395,5.549806756,10,184.2265366,2.031068744,3.693316239,0,-10.35259826,stop,"VWAP sapma-dönüş (kaynak kuralları): kümülatif VWAP=11.0753 (300 bar), σ=0.0364453; bu bar +5.91σ ile bandın dışında kapandı ve kapanış short yönünde döndü; stop 1.5×0.5σ (11.3123), hedef VWAP mesafesinin %50'i (11.1801); yönetim: breakeven 1R, kısmi %50 @ 1.5R, takip geri verme %50 | arm=vwap_revert_src | combo=band0_tp0 | combo_r=-1.014 | combo_n=51 | pick=explore",
vwap_clone,AVAX-USDT-SWAP,short,2026-10-06T10:45:00+00:00,2026-10-06T11:00:00+00:00,11.308343,11.36574834,162.822095,1841.248098,11.34872525,6.575123334,10,184.1248098,2.03051368,3.692819424,0,-11.37737185,stop,"VWAP sapma-dönüş (kaynak kuralları): kümülatif VWAP=11.081 (300 bar), σ=0.0347253; bu bar +7.38σ ile bandın dışında kapandı ve kapanış short yönünde döndü; stop 2×0.5σ (11.3487), hedef VWAP mesafesinin %100'i (11.081); yönetim: breakeven 1R, kısmi %50 @ 1.5R, takip geri verme %50 | arm=vwap_revert_src | combo=band1_tp2 | combo_r=0.3307 | combo_n=44 | pick=exploit",
vwap_clone,BNB-USDT-SWAP,long,2026-10-06T09:45:00+00:00,2026-10-06T12:00:00+00:00,783.29145,785.0938263,2.352997185,1843.082577,781.3048907,4.674368364,10,184.3082577,2.029723377,1.845204592,0,2.211263088,tp,"VWAP sapma-dönüş (kaynak kuralları): kümülatif VWAP=788.073 (300 bar), σ=1.59511; bu bar -3.43σ ile bandın dışında kapandı ve kapanış long yönünde döndü; stop 2×0.5σ (781.305), hedef VWAP mesafesinin %50'i (785.487); yönetim: breakeven 1R, kısmi %50 @ 1.5R, takip geri verme %50 | arm=vwap_revert_src | combo=band1_tp0 | combo_r=-0.4957 | combo_n=30 | pick=exploit",
vwap_clone,AVAX-USDT-SWAP,short,2026-10-06T12:00:00+00:00,2026-10-06T12:00:00+00:00,11.4252845,11.4924271,160.0074897,1828.131093,11.47521428,7.989139214,10,182.8131093,2.016853028,3.668703155,0,-12.76017259,stop,"VWAP sapma-dönüş (kaynak kuralları): kümülatif VWAP=11.0963 (300 bar), σ=0.0452143; bu bar +7.68σ ile bandın dışında kapandı ve kapanış short yönünde döndü; stop 2×0.5σ (11.4752), hedef VWAP mesafesinin %75'i (11.1797); yönetim: breakeven 1R, kısmi %50 @ 1.5R, takip geri verme %50 | arm=vwap_revert_src | combo=band1_tp1 | combo_r=0.3074 | combo_n=34 | pick=exploit",
vwap_clone,NEAR-USDT-SWAP,short,2026-10-06T10:45:00+00:00,2026-10-06T12:30:00+00:00,5.2543715,5.155899244,175.1190616,920.1406063,5.321737445,11.79706107,10,92.01406063,1.002670264,0.9115229607,0,16.24169884,partial,"VWAP sapma-dönüş (kaynak kuralları): kümülatif VWAP=4.99619 (300 bar), σ=0.05259; bu bar +5.16σ ile bandın dışında kapandı ve kapanış short yönünde döndü; stop 2.5×0.5σ (5.32174), hedef VWAP mesafesinin %75'i (5.06114); yönetim: breakeven 1R, kısmi %50 @ 1.5R, takip geri verme %50 | arm=vwap_revert_src | combo=band2_tp1 | combo_r=0.3871 | combo_n=62 | pick=exploit",
vwap_clone,NEAR-USDT-SWAP,short,2026-10-06T10:45:00+00:00,2026-10-06T12:45:00+00:00,5.2543715,5.177755,175.1190616,920.1406063,5.321737445,11.79706107,10,92.01406063,1.004775312,1.818348776,0,12.41223427,stop,"VWAP sapma-dönüş (kaynak kuralları): kümülatif VWAP=4.99619 (300 bar), σ=0.05259; bu bar +5.16σ ile bandın dışında kapandı ve kapanış short yönünde döndü; stop 2.5×0.5σ (5.32174), hedef VWAP mesafesinin %75'i (5.06114); yönetim: breakeven 1R, kısmi %50 @ 1.5R, takip geri verme %50 | arm=vwap_revert_src | combo=band2_tp1 | combo_r=0.3871 | combo_n=62 | pick=exploit",exit_rule=partial
vwap_clone,BTC-USDT-SWAP,short,2026-10-06T12:30:00+00:00,2026-10-06T13:30:00+00:00,86071.5427,86474.7676,0.02141443843,1843.173752,86345.24973,5.861282277,10,184.3173752,2.032240286,3.695600451,0,-10.66707511,stop,"VWAP sapma-dönüş (kaynak kuralları): kümülatif VWAP=85714.1 (300 bar), σ=230.65; bu bar +2.05σ ile bandın dışında kapandı ve kapanış short yönünde döndü; stop 2×0.5σ (86345.2), hedef VWAP mesafesinin %50'i (85914.3); yönetim: breakeven 1R, kısmi %50 @ 1.5R, takip geri verme %50 | arm=vwap_revert_src | combo=band1_tp0 | combo_r=-0.4679 | combo_n=86 | pick=exploit",
vwap_clone,BNB-USDT-SWAP,long,2026-10-06T12:45:00+00:00,2026-10-06T14:00:00+00:00,785.09235,782.671534,2.343207554,1839.634325,783.0630656,4.755034634,10,183.9634325,2.020477897,1.836797129,0,-7.692952176,stop,"VWAP sapma-dönüş (kaynak kuralları): kümülatif VWAP=788.297 (300 bar), σ=1.53693; bu bar -2.47σ ile bandın dışında kapandı ve kapanış long yönünde döndü; stop 2×0.5σ (783.063), hedef VWAP mesafesinin %50'i (786.448); yönetim: breakeven 1R, kısmi %50 @ 1.5R, takip geri verme %50 | arm=vwap_revert_src | combo=band1_tp0 | combo_r=-0.4645 | combo_n=31 | pick=exploit",
vwap_clone,AVAX-USDT-SWAP,short,2026-10-06T13:45:00+00:00,2026-10-06T14:00:00+00:00,11.3853045,11.48718925,162.0430167,1844.909087,11.46998428,13.72176671,10,184.4909087,2.038480338,3.710862283,0,-18.54819333,stop,"VWAP sapma-dönüş (kaynak kuralları): kümülatif VWAP=11.1335 (300 bar), σ=0.0789843; bu bar +3.44σ ile bandın dışında kapandı ve kapanış short yönünde döndü; stop 2×0.5σ (11.47), hedef VWAP mesafesinin %100'i (11.1335); yönetim: breakeven 1R, kısmi %50 @ 1.5R, takip geri verme %50 | arm=vwap_revert_src | combo=band1_tp2 | combo_r=0.2849 | combo_n=45 | pick=exploit",
vwap_clone,BTC-USDT-SWAP,short,2026-10-06T14:30:00+00:00,2026-10-06T14:30:00+00:00,85945.006,86200.46853,0.02173129122,1867.695954,86071.36149,2.745867902,10,186.7695954,2.057518892,3.739977868,0,-7.609049527,stop,"VWAP sapma-dönüş (kaynak kuralları): kümülatif VWAP=85741.2 (300 bar), σ=111.149; bu bar +2.96σ ile bandın dışında kapandı ve kapanış short yönünde döndü; stop 1.5×0.5σ (86071.4), hedef VWAP mesafesinin %75'i (85802.9); yönetim: breakeven 1R, kısmi %50 @ 1.5R, takip geri verme %50 | arm=vwap_revert_src | combo=band0_tp1 | combo_r=-1.862 | combo_n=4 | pick=explore",
vwap_clone,BNB-USDT-SWAP,long,2026-10-06T14:45:00+00:00,2026-10-06T15:00:00+00:00,784.5921,785.6888148,1.17354372,920.7531318,783.5989295,1.165529024,10,92.07531318,1.013536318,0.9213972053,0,0.2735065046,partial,"VWAP sapma-dönüş (kaynak kuralları): kümülatif VWAP=788.384 (300 bar), σ=0.701071; bu bar -6.40σ ile bandın dışında kapandı ve kapanış long yönünde döndü; stop 2×0.5σ (783.599), hedef VWAP mesafesinin %50'i (786.342); yönetim: breakeven 1R, kısmi %50 @ 1.5R, takip geri verme %50 | arm=vwap_revert_src | combo=band1_tp0 | combo_r=-0.5005 | combo_n=32 | pick=exploit",
vwap_clone,BNB-USDT-SWAP,long,2026-10-06T14:45:00+00:00,2026-10-06T15:00:00+00:00,784.5921,785.9488691,1.17354372,920.7531318,783.5989295,1.165529024,10,92.07531318,1.01370417,0.9215498741,0,0.5785236595,tp,"VWAP sapma-dönüş (kaynak kuralları): kümülatif VWAP=788.384 (300 bar), σ=0.701071; bu bar -6.40σ ile bandın dışında kapandı ve kapanış long yönünde döndü; stop 2×0.5σ (783.599), hedef VWAP mesafesinin %50'i (786.342); yönetim: breakeven 1R, kısmi %50 @ 1.5R, takip geri verme %50 | arm=vwap_revert_src | combo=band1_tp0 | combo_r=-0.5005 | combo_n=32 | pick=exploit",
vwap_clone,ETHFI-USDT-SWAP,short,2026-10-06T13:00:00+00:00,2026-10-06T15:45:00+00:00,0.7878059,0.7577442795,2338.471275,1842.261467,0.8100819109,52.0918117,10,184.2261467,1.987823584,1.807130376,0,68.31041249,tp,"VWAP sapma-dönüş (kaynak kuralları): kümülatif VWAP=0.746887 (300 bar), σ=0.0170255; bu bar +2.53σ ile bandın dışında kapandı ve kapanış short yönünde döndü; stop 2.5×0.5σ (0.810082), hedef VWAP mesafesinin %75'i (0.757366); yönetim: breakeven 1R, kısmi %50 @ 1.5R, takip geri verme %50 | arm=vwap_revert_src | combo=band2_tp1 | combo_r=0.4841 | combo_n=50 | pick=exploit",
vwap_clone,ADA-USDT-SWAP,short,2026-10-06T10:00:00+00:00,2026-10-06T16:30:00+00:00,0.27636175,0.2706628019,3334.819841,921.6166471,0.2802512246,12.97069692,10,92.16166471,1.003325581,0.9121191438,0.09050701047,18.09214651,partial,"VWAP sapma-dönüş (kaynak kuralları): kümülatif VWAP=0.264982 (300 bar), σ=0.00292098; bu bar +4.24σ ile bandın dışında kapandı ve kapanış short yönünde döndü; stop 2.5×0.5σ (0.280251), hedef VWAP mesafesinin %100'i (0.264982); yönetim: breakeven 1R, kısmi %50 @ 1.5R, takip geri verme %50 | arm=vwap_revert_src | combo=band2_tp2 | combo_r=0.3418 | combo_n=20 | pick=exploit",
vwap_clone,AVAX-USDT-SWAP,short,2026-10-06T16:00:00+00:00,2026-10-06T16:30:00+00:00,11.500247,11.40229313,81.90921324,941.9761838,11.56934845,5.660045165,10,94.19761838,1.031760974,0.9379667618,0,6.991563717,partial,"VWAP sapma-dönüş (kaynak kuralları): kümülatif VWAP=11.1545 (300 bar), σ=0.0643484; bu bar +5.64σ ile bandın dışında kapandı ve kapanış short yönünde döndü; stop 2×0.5σ (11.5693), hedef VWAP mesafesinin %75'i (11.2421); yönetim: breakeven 1R, kısmi %50 @ 1.5R, takip geri verme %50 | arm=vwap_revert_src | combo=band1_tp1 | combo_r=0.2529 | combo_n=35 | pick=exploit",
vwap_clone,BNB-USDT-SWAP,long,2026-10-06T16:15:00+00:00,2026-10-06T16:30:00+00:00,783.1914,781.6311505,2.406582947,1884.815067,782.0221616,2.813869313,10,188.4815067,2.071231396,1.882937165,0,-5.826101308,stop,"VWAP sapma-dönüş (kaynak kuralları): kümülatif VWAP=788.557 (300 bar), σ=0.877838; bu bar -6.63σ ile bandın dışında kapandı ve kapanış long yönünde döndü; stop 2×0.5σ (782.022), hedef VWAP mesafesinin %50'i (785.728); yönetim: breakeven 1R, kısmi %50 @ 1.5R, takip geri verme %50 | arm=vwap_revert_src | combo=band1_tp0 | combo_r=-0.4496 | combo_n=34 | pick=exploit",
vwap_clone,ADA-USDT-SWAP,short,2026-10-06T10:00:00+00:00,2026-10-06T16:45:00+00:00,0.27636175,0.27250815,3334.819841,921.6166471,0.2802512246,12.97069692,10,92.16166471,1.006710228,1.822145561,0.09050701047,11.93485852,stop,"VWAP sapma-dönüş (kaynak kuralları): kümülatif VWAP=0.264982 (300 bar), σ=0.00292098; bu bar +4.24σ ile bandın dışında kapandı ve kapanış short yönünde döndü; stop 2.5×0.5σ (0.280251), hedef VWAP mesafesinin %100'i (0.264982); yönetim: breakeven 1R, kısmi %50 @ 1.5R, takip geri verme %50 | arm=vwap_revert_src | combo=band2_tp2 | combo_r=0.3418 | combo_n=20 | pick=exploit",exit_rule=partial
vwap_clone,NEAR-USDT-SWAP,short,2026-10-06T15:00:00+00:00,2026-10-06T16:45:00+00:00,5.139429,5.08027427,358.4841333,1842.403751,5.19883247,21.29520152,10,184.2403751,2.014980808,1.831806494,0.1825042723,19.37355544,tp,"VWAP sapma-dönüş (kaynak kuralları): kümülatif VWAP=5.01447 (300 bar), σ=0.0578325; bu bar +2.22σ ile bandın dışında kapandı ve kapanış short yönünde döndü; stop 2×0.5σ (5.19883), hedef VWAP mesafesinin %50'i (5.07774); yönetim: breakeven 1R, kısmi %50 @ 1.5R, takip geri verme %50 | arm=vwap_revert_src | combo=band1_tp0 | combo_r=-0.4977 | combo_n=166 | pick=explore",
vwap_clone,AVAX-USDT-SWAP,short,2026-10-06T16:00:00+00:00,2026-10-06T16:45:00+00:00,11.500247,11.4801945,81.90921324,941.9761838,11.56934845,5.660045165,10,94.19761838,1.035270436,1.879611671,0,0.6072140627,stop,"VWAP sapma-dönüş (kaynak kuralları): kümülatif VWAP=11.1545 (300 bar), σ=0.0643484; bu bar +5.64σ ile bandın dışında kapandı ve kapanış short yönünde döndü; stop 2×0.5σ (11.5693), hedef VWAP mesafesinin %75'i (11.2421); yönetim: breakeven 1R, kısmi %50 @ 1.5R, takip geri verme %50 | arm=vwap_revert_src | combo=band1_tp1 | combo_r=0.2529 | combo_n=35 | pick=exploit",exit_rule=partial
vwap_clone,BNB-USDT-SWAP,long,2026-10-06T16:45:00+00:00,2026-10-06T16:45:00+00:00,783.9918,782.193637,2.402860434,1883.822877,782.5849295,3.38051351,10,188.3822877,2.069828761,1.8816619,0,-6.390563453,stop,"VWAP sapma-dönüş (kaynak kuralları): kümülatif VWAP=788.63 (300 bar), σ=0.915071; bu bar -6.15σ ile bandın dışında kapandı ve kapanış long yönünde döndü; stop 2×0.5σ (782.585), hedef VWAP mesafesinin %50'i (786.065); yönetim: breakeven 1R, kısmi %50 @ 1.5R, takip geri verme %50 | arm=vwap_revert_src | combo=band1_tp0 | combo_r=-0.4959 | combo_n=35 | pick=exploit",
vwap_clone,AVAX-USDT-SWAP,short,2026-10-06T17:00:00+00:00,2026-10-06T17:00:00+00:00,11.4172885,11.5067095,164.833221,1881.948439,11.48947529,11.89878064,10,188.1948439,2.078250036,3.782215771,0,-16.81780151,stop,"VWAP sapma-dönüş (kaynak kuralları): kümülatif VWAP=11.1614 (300 bar), σ=0.0654753; bu bar +4.33σ ile bandın dışında kapandı ve kapanış short yönünde döndü; stop 2×0.5σ (11.4895), hedef VWAP mesafesinin %100'i (11.1614); yönetim: breakeven 1R, kısmi %50 @ 1.5R, takip geri verme %50 | arm=vwap_revert_src | combo=band1_tp2 | combo_r=0.2493 | combo_n=46 | pick=explore",
vwap_clone,ETH-USDT-SWAP,long,2026-10-06T17:30:00+00:00,2026-10-06T18:45:00+00:00,2697.738195,2689.285663,0.6944853069,1873.539538,2690.630979,4.935857223,10,187.3539538,2.057664905,1.870603459,0,-7.927823968,stop,"VWAP sapma-dönüş (kaynak kuralları): kümülatif VWAP=2708.02 (300 bar), σ=7.69203; bu bar -1.65σ ile bandın dışında kapandı ve kapanış long yönünde döndü; stop 1.5×0.5σ (2690.63), hedef VWAP mesafesinin %100'i (2708.02); yönetim: breakeven 1R, kısmi %50 @ 1.5R, takip geri verme %50 | arm=vwap_revert_src | combo=band0_tp2 | combo_r=-1.132 | combo_n=6 | pick=explore",
vwap_clone,BNB-USDT-SWAP,long,2026-10-06T17:45:00+00:00,2026-10-06T19:00:00+00:00,780.49005,780.099805,2.398458246,1871.972796,778.7451318,4.185113514,10,187.1972796,2.058655283,1.871505037,0,-2.994641682,stop,"VWAP sapma-dönüş (kaynak kuralları): kümülatif VWAP=788.804 (300 bar), σ=1.67316; bu bar -5.32σ ile bandın dışında kapandı ve kapanış long yönünde döndü; stop 1.5×0.5σ (778.745), hedef VWAP mesafesinin %75'i (786.603); yönetim: breakeven 1R, kısmi %50 @ 1.5R, takip geri verme %50 | arm=vwap_revert_src | combo=band0_tp1 | combo_r=-0.7364 | combo_n=24 | pick=explore",exit_rule=breakeven
vwap_clone,AVAX-USDT-SWAP,short,2026-10-06T18:15:00+00:00,2026-10-06T19:15:00+00:00,11.446274,11.36844415,81.90787273,937.539954,11.50194816,4.560151677,10,93.7539954,1.027787767,0.9343543425,0,5.347089885,partial,"VWAP sapma-dönüş (kaynak kuralları): kümülatif VWAP=11.167 (300 bar), σ=0.0499482; bu bar +6.21σ ile bandın dışında kapandı ve kapanış short yönünde döndü; stop 2×0.5σ (11.5019), hedef VWAP mesafesinin %100'i (11.167); yönetim: breakeven 1R, kısmi %50 @ 1.5R, takip geri verme %50 | arm=vwap_revert_src | combo=band1_tp2 | combo_r=0.2139 | combo_n=47 | pick=explore",
vwap_clone,AVAX-USDT-SWAP,short,2026-10-06T18:15:00+00:00,2026-10-06T19:30:00+00:00,11.446274,11.395067,81.90787273,937.539954,11.50194816,4.560151677,10,93.7539954,1.028987108,1.866926143,0,3.16526933,stop,"VWAP sapma-dönüş (kaynak kuralları): kümülatif VWAP=11.167 (300 bar), σ=0.0499482; bu bar +6.21σ ile bandın dışında kapandı ve kapanış short yönünde döndü; stop 2×0.5σ (11.5019), hedef VWAP mesafesinin %100'i (11.167); yönetim: breakeven 1R, kısmi %50 @ 1.5R, takip geri verme %50 | arm=vwap_revert_src | combo=band1_tp2 | combo_r=0.2139 | combo_n=47 | pick=explore",exit_rule=partial
vwap_clone,AVAX-USDT-SWAP,short,2026-10-06T20:15:00+00:00,2026-10-06T21:00:00+00:00,11.404295,11.47437946,163.8595405,1868.702539,11.45719367,8.667951861,10,186.8702539,2.061888997,3.750874415,0,-13.54589659,stop,"VWAP sapma-dönüş (kaynak kuralları): kümülatif VWAP=11.1755 (300 bar), σ=0.0471937; bu bar +5.27σ ile bandın dışında kapandı ve kapanış short yönünde döndü; stop 2×0.5σ (11.4572), hedef VWAP mesafesinin %75'i (11.2341); yönetim: breakeven 1R, kısmi %50 @ 1.5R, takip geri verme %50 | arm=vwap_revert_src | combo=band1_tp1 | combo_r=0.2755 | combo_n=37 | pick=exploit",
vwap_clone,AVAX-USDT-SWAP,short,2026-10-06T21:15:00+00:00,2026-10-06T21:15:00+00:00,11.4152895,11.47254951,163.4214281,1865.502913,11.45536646,6.549433689,10,186.5502913,2.057199836,3.741296585,0,-11.41471204,stop,"VWAP sapma-dönüş (kaynak kuralları): kümülatif VWAP=11.1785 (300 bar), σ=0.0343665; bu bar +7.14σ ile bandın dışında kapandı ve kapanış short yönünde döndü; stop 2×0.5σ (11.4554), hedef VWAP mesafesinin %75'i (11.2391); yönetim: breakeven 1R, kısmi %50 @ 1.5R, takip geri verme %50 | arm=vwap_revert_src | combo=band1_tp1 | combo_r=0.2272 | combo_n=38 | pick=explore",
vwap_clone,ADA-USDT-SWAP,short,2026-10-06T18:15:00+00:00,2026-10-06T21:30:00+00:00,0.27176405,0.2687558392,3451.643212,938.0325384,0.2738590644,7.231242246,10,93.80325384,1.026124993,0.9328437322,0,9.357145538,partial,"VWAP sapma-dönüş (kaynak kuralları): kümülatif VWAP=0.266694 (300 bar), σ=0.00148725; bu bar +3.81σ ile bandın dışında kapandı ve kapanış short yönünde döndü; stop 2.5×0.5σ (0.273859), hedef VWAP mesafesinin %100'i (0.266694); yönetim: breakeven 1R, kısmi %50 @ 1.5R, takip geri verme %50 | arm=vwap_revert_src | combo=band2_tp2 | combo_r=0.416 | combo_n=22 | pick=exploit",
vwap_clone,ADA-USDT-SWAP,short,2026-10-06T18:15:00+00:00,2026-10-06T21:45:00+00:00,0.27176405,0.2690244607,3451.643212,938.0325384,0.2738590644,7.231242246,10,93.80325384,1.026634946,1.860029407,0,8.429449911,stop,"VWAP sapma-dönüş (kaynak kuralları): kümülatif VWAP=0.266694 (300 bar), σ=0.00148725; bu bar +3.81σ ile bandın dışında kapandı ve kapanış short yönünde döndü; stop 2.5×0.5σ (0.273859), hedef VWAP mesafesinin %100'i (0.266694); yönetim: breakeven 1R, kısmi %50 @ 1.5R, takip geri verme %50 | arm=vwap_revert_src | combo=band2_tp2 | combo_r=0.416 | combo_n=22 | pick=exploit",exit_rule=partial
vwap_clone,AVAX-USDT-SWAP,short,2026-10-06T22:00:00+00:00,2026-10-06T22:00:00+00:00,11.532231,11.59780886,161.7393958,1865.216074,11.58043821,7.79700423,10,186.5216074,2.05757127,3.742594192,0,-12.66409512,stop,"VWAP sapma-dönüş (kaynak kuralları): kümülatif VWAP=11.183 (300 bar), σ=0.0434382; bu bar +8.06σ ile bandın dışında kapandı ve kapanış short yönünde döndü; stop 2×0.5σ (11.5804), hedef VWAP mesafesinin %100'i (11.183); yönetim: breakeven 1R, kısmi %50 @ 1.5R, takip geri verme %50 | arm=vwap_revert_src | combo=band1_tp2 | combo_r=0.2433 | combo_n=49 | pick=exploit",
vwap_clone,PENGU-USDT-SWAP,long,2026-10-06T20:00:00+00:00,2026-10-06T22:45:00+00:00,0.009218607,0.009034828824,203447.9949,1875.50711,0.009039348498,36.46978274,10,187.550711,2.042493705,1.856803576,0,-39.43179511,stop,"VWAP sapma-dönüş (kaynak kuralları): kümülatif VWAP=0.00954812 (300 bar), σ=0.000139721; bu bar -2.81σ ile bandın dışında kapandı ve kapanış long yönünde döndü; stop 2.5×0.5σ (0.00903935), hedef VWAP mesafesinin %75'i (0.00946459); yönetim: breakeven 1R, kısmi %50 @ 1.5R, takip geri verme %50 | arm=vwap_revert_src | combo=band2_tp1 | combo_r=0.5597 | combo_n=29 | pick=exploit",
vwap_clone,ETHFI-USDT-SWAP,short,2026-10-06T22:30:00+00:00,2026-10-06T22:45:00+00:00,0.77351305,0.7826762757,2398.738465,1855.455506,0.7815040197,19.16824633,10,185.5455506,2.053090157,3.740127478,0,-24.03327211,stop,"VWAP sapma-dönüş (kaynak kuralları): kümülatif VWAP=0.754944 (300 bar), σ=0.00616322; bu bar +3.33σ ile bandın dışında kapandı ve kapanış short yönünde döndü; stop 2.5×0.5σ (0.781504), hedef VWAP mesafesinin %75'i (0.759658); yönetim: breakeven 1R, kısmi %50 @ 1.5R, takip geri verme %50 | arm=vwap_revert_src | combo=band2_tp1 | combo_r=0.5003 | combo_n=51 | pick=exploit",
vwap_clone,SOL-USDT-SWAP,short,2026-10-06T22:30:00+00:00,2026-10-06T23:15:00+00:00,121.029455,120.6648026,7.669332909,928.2151822,121.3127581,2.172745753,10,92.82151822,1.019498548,0.9268177928,0,1.77714205,partial,"VWAP sapma-dönüş (kaynak kuralları): kümülatif VWAP=120.642 (300 bar), σ=0.222758; bu bar +2.31σ ile bandın dışında kapandı ve kapanış short yönünde döndü; stop 2×0.5σ (121.313), hedef VWAP mesafesinin %100'i (120.642); yönetim: breakeven 1R, kısmi %50 @ 1.5R, takip geri verme %50 | arm=vwap_revert_src | combo=band1_tp2 | combo_r=-0.4668 | combo_n=17 | pick=explore",
vwap_clone,SOL-USDT-SWAP,short,2026-10-06T22:30:00+00:00,2026-10-06T23:15:00+00:00,121.029455,120.7023363,7.669332909,928.2151822,121.3127581,2.172745753,10,92.82151822,1.01965687,0.9269616499,0,1.489125614,tp,"VWAP sapma-dönüş (kaynak kuralları): kümülatif VWAP=120.642 (300 bar), σ=0.222758; bu bar +2.31σ ile bandın dışında kapandı ve kapanış short yönünde döndü; stop 2×0.5σ (121.313), hedef VWAP mesafesinin %100'i (120.642); yönetim: breakeven 1R, kısmi %50 @ 1.5R, takip geri verme %50 | arm=vwap_revert_src | combo=band1_tp2 | combo_r=-0.4668 | combo_n=17 | pick=explore",
vwap_clone,LINK-USDT-SWAP,long,2026-10-06T23:00:00+00:00,2026-10-06T23:30:00+00:00,13.9299615,13.92299652,131.6144631,1833.384404,13.89165697,5.041430497,10,183.3384404,2.016218663,1.832926287,0,-2.932910865,stop,"VWAP sapma-dönüş (kaynak kuralları): kümülatif VWAP=14.0264 (300 bar), σ=0.0250744; bu bar -4.28σ ile bandın dışında kapandı ve kapanış long yönünde döndü; stop 2.5×0.5σ (13.8917), hedef VWAP mesafesinin %100'i (14.0264); yönetim: breakeven 1R, kısmi %50 @ 1.5R, takip geri verme %50 | arm=vwap_revert_src | combo=band2_tp2 | combo_r=-0.3336 | combo_n=28 | pick=exploit",exit_rule=breakeven
vwap_clone,ETHFI-USDT-SWAP,short,2026-10-06T23:00:00+00:00,2026-10-07T00:00:00+00:00,0.77931015,0.7857107977,2351.338688,1832.422106,0.7845339967,12.28303296,10,183.2422106,2.023941866,3.683727096,0.09161991199,-16.98241262,stop,"VWAP sapma-dönüş (kaynak kuralları): kümülatif VWAP=0.755225 (300 bar), σ=0.0037872; bu bar +6.74σ ile bandın dışında kapandı ve kapanış short yönünde döndü; stop 2.5×0.5σ (0.784534), hedef VWAP mesafesinin %75'i (0.761369); yönetim: breakeven 1R, kısmi %50 @ 1.5R, takip geri verme %50 | arm=vwap_revert_src | combo=band2_tp1 | combo_r=0.4666 | combo_n=52 | pick=exploit",
vwap_clone,BTC-USDT-SWAP,long,2026-10-06T23:45:00+00:00,2026-10-07T00:00:00+00:00,85572.765,85435.89157,0.02147069018,1837.306325,85478.63089,2.021124342,10,183.7306325,2.019420636,1.835836666,-0.1133901371,-5.071577715,stop,"VWAP sapma-dönüş (kaynak kuralları): kümülatif VWAP=85809.1 (300 bar), σ=51.3691; bu bar -6.87σ ile bandın dışında kapandı ve kapanış long yönünde döndü; stop 2×0.5σ (85478.6), hedef VWAP mesafesinin %50'i (85669.6); yönetim: breakeven 1R, kısmi %50 @ 1.5R, takip geri verme %50 | arm=vwap_revert_src | combo=band1_tp0 | combo_r=-0.4834 | combo_n=87 | pick=exploit",
vwap_clone,BNB-USDT-SWAP,long,2026-10-06T19:45:00+00:00,2026-10-07T00:15:00+00:00,779.3895,776.5901059,2.406866941,1875.886822,776.9785952,5.802727128,10,187.5886822,2.059769731,1.872516721,-0.001824104494,-8.799363011,stop,"VWAP sapma-dönüş (kaynak kuralları): kümülatif VWAP=789.162 (300 bar), σ=2.0214; bu bar -5.06σ ile bandın dışında kapandı ve kapanış long yönünde döndü; stop 2×0.5σ (776.979), hedef VWAP mesafesinin %50'i (784.081); yönetim: breakeven 1R, kısmi %50 @ 1.5R, takip geri verme %50 | arm=vwap_revert_src | combo=band1_tp0 | combo_r=-0.5346 | combo_n=36 | pick=exploit",
vwap_clone,AVAX-USDT-SWAP,short,2026-10-06T23:30:00+00:00,2026-10-07T00:15:00+00:00,11.692151,11.56163337,78.44556882,917.1974359,11.7830147,7.127854892,10,91.71974359,1.003285988,0.9120809588,0.09100470439,9.326248227,partial,"VWAP sapma-dönüş (kaynak kuralları): kümülatif VWAP=11.1948 (300 bar), σ=0.0850147; bu bar +5.75σ ile bandın dışında kapandı ve kapanış short yönünde döndü; stop 2×0.5σ (11.783), hedef VWAP mesafesinin %100'i (11.1948); yönetim: breakeven 1R, kısmi %50 @ 1.5R, takip geri verme %50 | arm=vwap_revert_src | combo=band1_tp2 | combo_r=0.206 | combo_n=50 | pick=explore",
vwap_clone,BTC-USDT-SWAP,long,2026-10-07T00:15:00+00:00,2026-10-07T00:15:00+00:00,85582.46985,85448.50066,0.02135465777,1827.584355,85491.24628,1.948048077,10,182.7584355,2.008769314,1.826153663,0,-4.869635544,stop,"VWAP sapma-dönüş (kaynak kuralları): kümülatif VWAP=85815.1 (300 bar), σ=48.4537; bu bar -6.28σ ile bandın dışında kapandı ve kapanış long yönünde döndü; stop 2×0.5σ (85491.2), hedef VWAP mesafesinin %50'i (85677.4); yönetim: breakeven 1R, kısmi %50 @ 1.5R, takip geri verme %50 | arm=vwap_revert_src | combo=band1_tp0 | combo_r=-0.5064 | combo_n=88 | pick=exploit",
vwap_clone,AVAX-USDT-SWAP,short,2026-10-06T23:30:00+00:00,2026-10-07T00:30:00+00:00,11.692151,11.57318923,78.44556882,917.1974359,11.7830147,7.127854892,10,91.71974359,1.003784566,1.818586612,0.09100470439,8.419243995,stop,"VWAP sapma-dönüş (kaynak kuralları): kümülatif VWAP=11.1948 (300 bar), σ=0.0850147; bu bar +5.75σ ile bandın dışında kapandı ve kapanış short yönünde döndü; stop 2×0.5σ (11.783), hedef VWAP mesafesinin %100'i (11.1948); yönetim: breakeven 1R, kısmi %50 @ 1.5R, takip geri verme %50 | arm=vwap_revert_src | combo=band1_tp2 | combo_r=0.206 | combo_n=50 | pick=explore",exit_rule=partial
vwap_clone,ETHFI-USDT-SWAP,short,2026-10-07T00:30:00+00:00,2026-10-07T00:45:00+00:00,0.7810093,0.7862708496,2336.257787,1824.639059,0.7850932097,9.541065921,10,182.4639059,2.013863749,3.664046104,0,-14.30619986,stop,"VWAP sapma-dönüş (kaynak kuralları): kümülatif VWAP=0.756372 (300 bar), σ=0.00279457; bu bar +9.80σ ile bandın dışında kapandı ve kapanış short yönünde döndü; stop 2.5×0.5σ (0.785093), hedef VWAP mesafesinin %75'i (0.762679); yönetim: breakeven 1R, kısmi %50 @ 1.5R, takip geri verme %50 | arm=vwap_revert_src | combo=band2_tp1 | combo_r=0.4317 | combo_n=53 | pick=exploit",
vwap_clone,BTC-USDT-SWAP,long,2026-10-07T00:45:00+00:00,2026-10-07T01:00:00+00:00,85509.83355,85372.94148,0.02127316646,1819.064923,85415.6493,2.003597213,10,181.9064923,1.999369745,1.817608585,0,-4.91149762,stop,"VWAP sapma-dönüş (kaynak kuralları): kümülatif VWAP=85815 (300 bar), σ=51.3507; bu bar -7.11σ ile bandın dışında kapandı ve kapanış long yönünde döndü; stop 2×0.5σ (85415.6), hedef VWAP mesafesinin %50'i (85641); yönetim: breakeven 1R, kısmi %50 @ 1.5R, takip geri verme %50 | arm=vwap_revert_src | combo=band1_tp0 | combo_r=-0.5288 | combo_n=89 | pick=exploit",
vwap_clone,XRP-USDT-SWAP,long,2026-10-07T00:45:00+00:00,2026-10-07T01:00:00+00:00,1.4977485,1.494537338,1213.895484,1818.110141,1.495284981,2.990454825,10,181.8110141,1.997777247,1.816160613,0,-5.895791915,stop,"VWAP sapma-dönüş (kaynak kuralları): kümülatif VWAP=1.50599 (300 bar), σ=0.00215336; bu bar -4.61σ ile bandın dışında kapandı ve kapanış long yönünde döndü; stop 1.5×0.5σ (1.49528), hedef VWAP mesafesinin %50'i (1.50144); yönetim: breakeven 1R, kısmi %50 @ 1.5R, takip geri verme %50 | arm=vwap_revert_src | combo=band0_tp0 | combo_r=-1.136 | combo_n=6 | pick=explore",
vwap_clone,ETHFI-USDT-SWAP,short,2026-10-07T01:15:00+00:00,2026-10-07T01:30:00+00:00,0.78210875,0.7832819131,2313.149879,1809.134761,0.7862891851,9.669973056,10,180.9134761,1.991540773,3.618722031,0,-4.705242914,stop,"VWAP sapma-dönüş (kaynak kuralları): kümülatif VWAP=0.75673 (300 bar), σ=0.00303135; bu bar +8.91σ ile bandın dışında kapandı ve kapanış short yönünde döndü; stop 2.5×0.5σ (0.786289), hedef VWAP mesafesinin %75'i (0.763173); yönetim: breakeven 1R, kısmi %50 @ 1.5R, takip geri verme %50 | arm=vwap_revert_src | combo=band2_tp1 | combo_r=0.3959 | combo_n=54 | pick=exploit",exit_rule=breakeven
vwap_clone,ETH-USDT-SWAP,long,2026-10-06T19:45:00+00:00,2026-10-07T01:45:00+00:00,2688.52359,2675.971405,0.6981050686,1876.871945,2677.31006,7.828222446,10,187.6871945,2.05973963,1.872488851,-0.1882552014,-11.01073914,stop,"VWAP sapma-dönüş (kaynak kuralları): kümülatif VWAP=2707.81 (300 bar), σ=9.86994; bu bar -2.03σ ile bandın dışında kapandı ve kapanış long yönünde döndü; stop 2×0.5σ (2677.31), hedef VWAP mesafesinin %75'i (2702.65); yönetim: breakeven 1R, kısmi %50 @ 1.5R, takip geri verme %50 | arm=vwap_revert_src | combo=band1_tp1 | combo_r=-0.6335 | combo_n=10 | pick=explore",
vwap_clone,AVAX-USDT-SWAP,short,2026-10-07T01:15:00+00:00,2026-10-07T01:45:00+00:00,11.560217,11.43946951,78.28941627,905.0426409,11.64452658,6.600547745,10,90.50426409,0.9903476171,0.9003186039,0,8.462903091,partial,"VWAP sapma-dönüş (kaynak kuralları): kümülatif VWAP=11.2089 (300 bar), σ=0.0785266; bu bar +4.78σ ile bandın dışında kapandı ve kapanış short yönünde döndü; stop 2×0.5σ (11.6445), hedef VWAP mesafesinin %100'i (11.2089); yönetim: breakeven 1R, kısmi %50 @ 1.5R, takip geri verme %50 | arm=vwap_revert_src | combo=band1_tp2 | combo_r=0.2459 | combo_n=52 | pick=exploit",
vwap_clone,BTC-USDT-SWAP,long,2026-10-07T01:45:00+00:00,2026-10-07T01:45:00+00:00,85299.6285,85105.12903,0.02117117739,1805.893566,85147.70288,3.216444226,10,180.5893566,1.984218143,1.803834097,0,-6.10200093,stop,"VWAP sapma-dönüş (kaynak kuralları): kümülatif VWAP=85811.1 (300 bar), σ=87.4377; bu bar -6.64σ ile bandın dışında kapandı ve kapanış long yönünde döndü; stop 2.5×0.5σ (85147.7), hedef VWAP mesafesinin %50'i (85534.1); yönetim: breakeven 1R, kısmi %50 @ 1.5R, takip geri verme %50 | arm=vwap_revert_src | combo=band2_tp0 | combo_r=-0.5399 | combo_n=18 | pick=exploit",
vwap_clone,XRP-USDT-SWAP,long,2026-10-07T01:45:00+00:00,2026-10-07T01:45:00+00:00,1.4933463,1.488578967,1208.658499,1804.945698,1.489323629,4.862035756,10,180.4945698,1.982271125,1.802063669,0,-7.744348713,stop,"VWAP sapma-dönüş (kaynak kuralları): kümülatif VWAP=1.50592 (300 bar), σ=0.0025411; bu bar -5.83σ ile bandın dışında kapandı ve kapanış long yönünde döndü; stop 2.5×0.5σ (1.48932), hedef VWAP mesafesinin %75'i (1.50257); yönetim: breakeven 1R, kısmi %50 @ 1.5R, takip geri verme %50 | arm=vwap_revert_src | combo=band2_tp1 | combo_r=0.2071 | combo_n=31 | pick=exploit",
vwap_clone,AVAX-USDT-SWAP,short,2026-10-07T01:15:00+00:00,2026-10-07T02:00:00+00:00,11.560217,11.2145483,78.28941627,905.0426409,11.64452658,6.600547745,10,90.50426409,0.9806626947,0.891518529,0,26.08153784,tp,"VWAP sapma-dönüş (kaynak kuralları): kümülatif VWAP=11.2089 (300 bar), σ=0.0785266; bu bar +4.78σ ile bandın dışında kapandı ve kapanış short yönünde döndü; stop 2×0.5σ (11.6445), hedef VWAP mesafesinin %100'i (11.2089); yönetim: breakeven 1R, kısmi %50 @ 1.5R, takip geri verme %50 | arm=vwap_revert_src | combo=band1_tp2 | combo_r=0.2459 | combo_n=52 | pick=exploit",
vwap_clone,ETHFI-USDT-SWAP,short,2026-10-07T02:00:00+00:00,2026-10-07T02:00:00+00:00,0.7678159,0.7614097588,1177.025713,903.7390571,0.7723403372,5.325378947,10,90.37390571,0.9899658567,0.8999710706,0,6.55022707,partial,"VWAP sapma-dönüş (kaynak kuralları): kümülatif VWAP=0.757167 (300 bar), σ=0.00331227; bu bar +4.80σ ile bandın dışında kapandı ve kapanış short yönünde döndü; stop 2.5×0.5σ (0.77234), hedef VWAP mesafesinin %75'i (0.759925); yönetim: breakeven 1R, kısmi %50 @ 1.5R, takip geri verme %50 | arm=vwap_revert_src | combo=band2_tp1 | combo_r=0.3799 | combo_n=55 | pick=exploit",
vwap_clone,ETHFI-USDT-SWAP,short,2026-10-07T02:00:00+00:00,2026-10-07T02:00:00+00:00,0.7678159,0.7603051768,1177.025713,903.7390571,0.7723403372,5.325378947,10,90.37390571,0.9892507899,0.8993213348,0,7.851063518,tp,"VWAP sapma-dönüş (kaynak kuralları): kümülatif VWAP=0.757167 (300 bar), σ=0.00331227; bu bar +4.80σ ile bandın dışında kapandı ve kapanış short yönünde döndü; stop 2.5×0.5σ (0.77234), hedef VWAP mesafesinin %75'i (0.759925); yönetim: breakeven 1R, kısmi %50 @ 1.5R, takip geri verme %50 | arm=vwap_revert_src | combo=band2_tp1 | combo_r=0.3799 | combo_n=55 | pick=exploit",
vwap_clone,BNB-USDT-SWAP,long,2026-10-07T02:30:00+00:00,2026-10-07T07:30:00+00:00,765.68265,770.965469,1.187202712,909.0205185,761.9036536,4.48643479,10,90.90205185,1.003372048,0.912158203,0,5.268405052,partial,"VWAP sapma-dönüş (kaynak kuralları): kümülatif VWAP=785.73 (300 bar), σ=3.49635; bu bar -5.83σ ile bandın dışında kapandı ve kapanış long yönünde döndü; stop 2×0.5σ (761.904), hedef VWAP mesafesinin %50'i (775.565); yönetim: breakeven 1R, kısmi %50 @ 1.5R, takip geri verme %50 | arm=vwap_revert_src | combo=band1_tp0 | combo_r=-0.5612 | combo_n=37 | pick=exploit",
vwap_clone,BNB-USDT-SWAP,long,2026-10-07T02:30:00+00:00,2026-10-07T09:00:00+00:00,765.68265,770.965469,1.187202712,909.0205185,761.9036536,4.48643479,10,90.90205185,1.003372048,0.912158203,0.1168246413,5.385229694,stop,"VWAP sapma-dönüş (kaynak kuralları): kümülatif VWAP=785.73 (300 bar), σ=3.49635; bu bar -5.83σ ile bandın dışında kapandı ve kapanış long yönünde döndü; stop 2×0.5σ (761.904), hedef VWAP mesafesinin %50'i (775.565); yönetim: breakeven 1R, kısmi %50 @ 1.5R, takip geri verme %50 | arm=vwap_revert_src | combo=band1_tp0 | combo_r=-0.5612 | combo_n=37 | pick=exploit",exit_rule=partial
vwap_clone,SOL-USDT-SWAP,long,2026-10-07T02:30:00+00:00,2026-10-07T09:30:00+00:00,117.808875,117.7499706,15.44022708,1818.995782,116.5911291,18.80227308,10,181.8995782,2.000395137,1.818541261,0.1007032707,-2.809189757,stop,"VWAP sapma-dönüş (kaynak kuralları): kümülatif VWAP=120.445 (300 bar), σ=0.919097; bu bar -2.91σ ile bandın dışında kapandı ve kapanış long yönünde döndü; stop 2.5×0.5σ (116.591), hedef VWAP mesafesinin %75'i (119.768); yönetim: breakeven 1R, kısmi %50 @ 1.5R, takip geri verme %50 | arm=vwap_revert_src | combo=band2_tp1 | combo_r=0.01882 | combo_n=34 | pick=exploit",exit_rule=breakeven
vwap_clone,DOGE-USDT-SWAP,long,2026-10-07T02:30:00+00:00,2026-10-07T10:00:00+00:00,0.090155055,0.08890772266,20155.12932,1817.086793,0.08895219876,24.24372314,10,181.7086793,1.984968392,1.804510886,0.1703912997,-26.95472177,stop,"VWAP sapma-dönüş (kaynak kuralları): kümülatif VWAP=0.0944576 (300 bar), σ=0.000918241; bu bar -4.69σ ile bandın dışında kapandı ve kapanış long yönünde döndü; stop 2.5×0.5σ (0.0889522), hedef VWAP mesafesinin %100'i (0.0944576); yönetim: breakeven 1R, kısmi %50 @ 1.5R, takip geri verme %50 | arm=vwap_revert_src | combo=band2_tp2 | combo_r=0.4186 | combo_n=41 | pick=exploit",
vwap_clone,BNB-USDT-SWAP,long,2026-10-07T09:30:00+00:00,2026-10-07T10:00:00+00:00,770.68515,767.1652935,2.36602627,1823.461311,767.5490681,7.420052273,10,182.3461311,2.001227002,1.819295647,0,-10.3292999,stop,"VWAP sapma-dönüş (kaynak kuralları): kümülatif VWAP=784.2 (300 bar), σ=2.85093; bu bar -4.91σ ile bandın dışında kapandı ve kapanış long yönünde döndü; stop 2×0.5σ (767.549), hedef VWAP mesafesinin %50'i (777.3); yönetim: breakeven 1R, kısmi %50 @ 1.5R, takip geri verme %50 | arm=vwap_revert_src | combo=band1_tp0 | combo_r=-0.4715 | combo_n=39 | pick=exploit",
vwap_clone,BTC-USDT-SWAP,long,2026-10-07T10:00:00+00:00,2026-10-07T10:00:00+00:00,83816.78745,83582.3652,0.02165361322,1814.936297,83624.17729,4.170705913,10,181.4936297,1.993638077,1.812397436,0,-7.069726786,stop,"VWAP sapma-dönüş (kaynak kuralları): kümülatif VWAP=85522.8 (300 bar), σ=150.823; bu bar -11.79σ ile bandın dışında kapandı ve kapanış long yönünde döndü; stop 2×0.5σ (83624.2), hedef VWAP mesafesinin %50'i (84648.9); yönetim: breakeven 1R, kısmi %50 @ 1.5R, takip geri verme %50 | arm=vwap_revert_src | combo=band1_tp0 | combo_r=-0.5502 | combo_n=90 | pick=exploit",
